video_id,views,likes,comments,tracked_at,cohort_id
w8znJO6mWXc,213439,1964,4,2026-05-07 04:56:02.368975,cohort2
7YLMkOfd7F0,83137,435,3,2026-05-07 04:56:02.368975,cohort2
11cHbsqnFos,206374,708,7,2026-05-07 04:56:02.368975,cohort2
SqpDw2nNBm0,37905,1085,2,2026-05-07 04:56:02.368975,cohort2
m75AZ0rapz8,66948,2155,43,2026-05-07 04:56:02.368975,cohort2
9OHJuaecqkc,57737,911,18,2026-05-07 04:56:02.368975,cohort2
t6iOhN7P3j0,31203,333,10,2026-05-07 04:56:02.368975,cohort2
kwLUVYZALDs,38269,297,0,2026-05-07 04:56:02.368975,cohort2
nGmwS0r_MrI,40311,91,3,2026-05-07 04:56:02.368975,cohort2
QyyKZYnD7pw,22156,1230,20,2026-05-07 04:56:02.368975,cohort2
Kp3gEkzeNNg,85949,2471,103,2026-05-07 04:56:02.368975,cohort2
DZEfFdbb1SE,9714,554,17,2026-05-07 04:56:02.368975,cohort2
5qsrCRPpxbk,12609,44,24,2026-05-07 04:56:02.368975,cohort2
mt29cU4uI-g,64046,1968,15,2026-05-07 04:56:02.368975,cohort2
fh7vCfaVwno,71818,4619,61,2026-05-07 04:56:02.368975,cohort2
gqK8TggkzfI,18401,24,3,2026-05-07 04:56:02.368975,cohort2
gv9ztxapyL0,19758,34,5,2026-05-07 04:56:02.368975,cohort2
62WigB3G_Pk,21586,24,1,2026-05-07 04:56:02.368975,cohort2
m9UnGE7ykOY,23467,1542,19,2026-05-07 04:56:02.368975,cohort2
XdSG7DA6EOg,10116,46,0,2026-05-07 04:56:02.368975,cohort2
0R28PVc8qh0,39340,3155,183,2026-05-07 04:56:02.368975,cohort2
PfkNba1O6ec,8939,43,0,2026-05-07 04:56:02.368975,cohort2
5JKuVN3L7mc,15562,30,4,2026-05-07 04:56:02.368975,cohort2
8jwQIV2UwbM,15330,38,0,2026-05-07 04:56:02.368975,cohort2
BczMFhe-MLM,20744,863,45,2026-05-07 04:56:02.368975,cohort2
2tp29gpaRWU,29898,135,0,2026-05-07 04:56:02.368975,cohort2
TAlkqlnakh0,12331,44,1,2026-05-07 04:56:02.368975,cohort2
3f6ZNPbl5jk,7787,127,0,2026-05-07 04:56:02.368975,cohort2
OZH7YBNTz4M,13785,87,2,2026-05-07 04:56:02.368975,cohort2
ZysGncmQPeU,8383,15,5,2026-05-07 04:56:02.368975,cohort2
vDXsOkdFqDk,6401,40,2,2026-05-07 04:56:02.368975,cohort2
T9uMCRuDc_k,6895,42,0,2026-05-07 04:56:02.368975,cohort2
9m8pt3EBtc0,8619,6,1,2026-05-07 04:56:02.368975,cohort2
9DAO0ESJKcc,4117,56,4,2026-05-07 04:56:02.368975,cohort2
sEpUpn00RbY,46429,122,0,2026-05-07 04:56:02.368975,cohort2
CL-33_0cc6k,11914,139,2,2026-05-07 04:56:02.368975,cohort2
9-0rCG2UuDA,8287,20,0,2026-05-07 04:56:02.368975,cohort2
9Wj5am9s5U8,13619,215,3,2026-05-07 04:56:02.368975,cohort2
KptiqNWaoxc,3888,48,5,2026-05-07 04:56:02.368975,cohort2
5nkyl-TlJhg,5687,166,2,2026-05-07 04:56:02.368975,cohort2
3DhM40l_UT8,5826,38,3,2026-05-07 04:56:02.368975,cohort2
g3nC6ah4Jeo,73789,1414,0,2026-05-07 04:56:02.368975,cohort2
HZHchMlBFxk,21582,3323,51,2026-05-07 04:56:02.368975,cohort2
WsERYs4K_eI,4253,159,10,2026-05-07 04:56:02.368975,cohort2
czoj2EZaK50,3840,618,11,2026-05-07 04:56:02.368975,cohort2
aZHON20BuD0,6871,228,2,2026-05-07 04:56:02.368975,cohort2
RKm1-7OCVPw,12251,47,1,2026-05-07 04:56:02.368975,cohort2
OazBqSpCEoA,30683,214,1,2026-05-07 04:56:02.368975,cohort2
iHQ-auaYxqw,7097,47,0,2026-05-07 04:56:02.368975,cohort2
0P8jQM_RSbg,2316,44,4,2026-05-07 04:56:02.368975,cohort2
O1Rm0Npcxhc,4667,52,6,2026-05-07 04:56:02.368975,cohort2
7P9VVuUgkmw,2907,93,0,2026-05-07 04:56:02.368975,cohort2
mteZU7yoafE,4338,7,0,2026-05-07 04:56:02.368975,cohort2
I2wYnsHQ0Xs,9767,254,0,2026-05-07 04:56:02.368975,cohort2
oNyPIpZFaak,6357,181,1,2026-05-07 04:56:02.368975,cohort2
aWkJ1mCj2cc,3311,32,0,2026-05-07 04:56:02.368975,cohort2
XJ8b6MerRdc,3387,124,34,2026-05-07 04:56:02.368975,cohort2
JDRAgIl-x70,3375,23,1,2026-05-07 04:56:02.368975,cohort2
TAeMYuwA8EE,4239,90,1,2026-05-07 04:56:02.368975,cohort2
zQTbUsLIu58,5400,24,0,2026-05-07 04:56:02.368975,cohort2
btJXWbbnJHQ,7392,14,0,2026-05-07 04:56:02.368975,cohort2
b6H12EIUmoU,2400,16,0,2026-05-07 04:56:02.368975,cohort2
kkSA8x_bWtU,2261,191,14,2026-05-07 04:56:02.368975,cohort2
YyNV_rDWt2E,20100,107,0,2026-05-07 04:56:02.368975,cohort2
03jvPpySFTk,1703,36,30,2026-05-07 04:56:02.368975,cohort2
lgnW9R4ZnJs,10613,229,7,2026-05-07 04:56:02.368975,cohort2
Cm3jOxBWfGk,5793,27,1,2026-05-07 04:56:02.368975,cohort2
dj4B_HQcsz0,8202,0,0,2026-05-07 04:56:02.368975,cohort2
xnjfMUU0ubc,2170,22,0,2026-05-07 04:56:02.368975,cohort2
ZzbdOPmfYYI,100624,5706,12,2026-05-07 04:56:02.368975,cohort2
ic2qcpuoBCs,5377,70,4,2026-05-07 04:56:02.368975,cohort2
vLQkW84t-OA,2810,10,0,2026-05-07 04:56:02.368975,cohort2
x7vQUhOiduA,2639,0,0,2026-05-07 04:56:02.368975,cohort2
i7JPPJZj9JI,3965,153,1,2026-05-07 04:56:02.368975,cohort2
kdYiDfHjENU,8972,54,0,2026-05-07 04:56:02.368975,cohort2
-TjsD7VQLYg,5126,0,6,2026-05-07 04:56:02.368975,cohort2
PNi3GBdkUcs,2721,37,1,2026-05-07 04:56:02.368975,cohort2
YBZ9d7_CmHQ,2432,6,0,2026-05-07 04:56:02.368975,cohort2
PJ1l1O8s9Rk,1722,50,0,2026-05-07 04:56:02.368975,cohort2
GjFwFfQGHVE,2886,12,0,2026-05-07 04:56:02.368975,cohort2
GkhDx9sHTkY,2943,27,0,2026-05-07 04:56:02.368975,cohort2
HdA-m8pxgUE,1995,0,1,2026-05-07 04:56:02.368975,cohort2
8iK0Wnbo4ss,21264,0,3,2026-05-07 04:56:02.368975,cohort2
vp8Dl8jLtpQ,3365,62,0,2026-05-07 04:56:02.368975,cohort2
KuWDY_q0cl4,12349,129,2,2026-05-07 04:56:02.368975,cohort2
JYLiA6eYotI,2710,16,0,2026-05-07 04:56:02.368975,cohort2
G1DI7TH3ORQ,1814,0,0,2026-05-07 04:56:02.368975,cohort2
GYtLVLAjkNI,2210,17,0,2026-05-07 04:56:02.368975,cohort2
z16TsgBLLuI,2317,11,0,2026-05-07 04:56:02.368975,cohort2
zkjcNg-K7aE,4492,8,0,2026-05-07 04:56:02.368975,cohort2
wG0JaQdQRR0,3744,23,0,2026-05-07 04:56:02.368975,cohort2
s8Vt0NbGg_s,2600,160,6,2026-05-07 04:56:02.368975,cohort2
d4gYEInVPdo,1642,14,0,2026-05-07 04:56:02.368975,cohort2
LMe1syOeDmg,2664,0,23,2026-05-07 04:56:02.368975,cohort2
wvlD8xtiTtU,1665,27,0,2026-05-07 04:56:02.368975,cohort2
ZElxIyXmlmA,1369,15,0,2026-05-07 04:56:02.368975,cohort2
XcB7ckJ2mfc,1093,36,3,2026-05-07 04:56:02.368975,cohort2
JPgAA56LnBI,3514,98,4,2026-05-07 04:56:02.368975,cohort2
lyFVARrR6YQ,1407,43,3,2026-05-07 04:56:02.368975,cohort2
JVEFIpEe7xs,11188,1495,17,2026-05-07 04:56:02.368975,cohort2
rhsqSBPGxAI,1231,22,0,2026-05-07 04:56:02.368975,cohort2
jLzcsR2Z88g,1795,49,0,2026-05-07 04:56:02.368975,cohort2
Rqxjw8UOioU,1159,34,7,2026-05-07 04:56:02.368975,cohort2
zXZhVRNrXTw,1879,39,0,2026-05-07 04:56:02.368975,cohort2
WYUtRxwErJc,1172,24,1,2026-05-07 04:56:02.368975,cohort2
dWrhPsuGAyM,2197,30,0,2026-05-07 04:56:02.368975,cohort2
5vVhyO64yy8,1584,15,3,2026-05-07 04:56:02.368975,cohort2
tKFhfEYdEQ4,1289,6,2,2026-05-07 04:56:02.368975,cohort2
_woibC1Uc4s,1115,25,3,2026-05-07 04:56:02.368975,cohort2
dtA1PDvWHWg,1076,26,0,2026-05-07 04:56:02.368975,cohort2
jIaFuaUQJj8,18199,863,16,2026-05-07 04:56:02.368975,cohort2
uhaJClxKvBE,1332,22,0,2026-05-07 04:56:02.368975,cohort2
BzJDnSQ2N8s,1547,0,0,2026-05-07 04:56:02.368975,cohort2
js3MDn189WY,2358,39,0,2026-05-07 04:56:02.368975,cohort2
aZTg7Y1s3i4,3113,72,1,2026-05-07 04:56:02.368975,cohort2
w959JQyRWI0,4208,60,1,2026-05-07 04:56:02.368975,cohort2
SFwOEsdSG2A,1316,30,0,2026-05-07 04:56:02.368975,cohort2
d922sHgT8x4,2647,17,2,2026-05-07 04:56:02.368975,cohort2
noyibwhlMB0,1254,8,0,2026-05-07 04:56:02.368975,cohort2
zaSnfYBNq54,1471,25,0,2026-05-07 04:56:02.368975,cohort2
Nlk40c2coj0,871,32,2,2026-05-07 04:56:02.368975,cohort2
Dv0qYHpmbh8,1448,0,0,2026-05-07 04:56:02.368975,cohort2
Ptk-QwiDcgU,2034,41,1,2026-05-07 04:56:02.368975,cohort2
h54baYCq2aA,1501,21,2,2026-05-07 04:56:02.368975,cohort2
IPyxfkHAa4M,1682,20,0,2026-05-07 04:56:02.368975,cohort2
Br1nYlc0_Sw,1653,0,1,2026-05-07 04:56:02.368975,cohort2
_hYUAJKRaF8,749,5,0,2026-05-07 04:56:02.368975,cohort2
uFH5QQjqA9E,1666,19,0,2026-05-07 04:56:02.368975,cohort2
wRw8UgMP0j4,1447,0,4,2026-05-07 04:56:02.368975,cohort2
jkbhFGwtPug,1221,11,1,2026-05-07 04:56:02.368975,cohort2
hJv1s-a3sTw,1525,9,1,2026-05-07 04:56:02.368975,cohort2
uBm3mLxD_4s,2218,11,0,2026-05-07 04:56:02.368975,cohort2
UWPwKsit0Pc,3794,70,0,2026-05-07 04:56:02.368975,cohort2
F04vTZpR1RQ,1276,11,0,2026-05-07 04:56:02.368975,cohort2
fljjVxeIGBQ,1581,30,9,2026-05-07 04:56:02.368975,cohort2
GY3QqbsE6_E,1235,25,0,2026-05-07 04:56:02.368975,cohort2
709_w_fP4MI,1425,0,0,2026-05-07 04:56:02.368975,cohort2
6IvaMcKEFZ4,1946,0,0,2026-05-07 04:56:02.368975,cohort2
AY6gZbW7fNg,5096,17,0,2026-05-07 04:56:02.368975,cohort2
cMb_3R5RNpM,1716,12,0,2026-05-07 04:56:02.368975,cohort2
B335dKT404w,1698,13,0,2026-05-07 04:56:02.368975,cohort2
3eFMDNMsCas,2899,97,2,2026-05-07 04:56:02.368975,cohort2
IusZLMlE_-E,2055,46,0,2026-05-07 04:56:02.368975,cohort2
d9STPKfyKvw,2736,8,1,2026-05-07 04:56:02.368975,cohort2
LRfmdgbTeTg,6716,63,15,2026-05-07 04:56:02.368975,cohort2
79Y8qRw3wOw,1051,9,0,2026-05-07 04:56:02.368975,cohort2
9p0-60NCK1E,1516,26,0,2026-05-07 04:56:02.368975,cohort2
ky8i3fchNjY,1008,43,3,2026-05-07 04:56:02.368975,cohort2
nDpF4DLdsCw,1775,73,11,2026-05-07 04:56:02.368975,cohort2
8HGev-iN1ok,2377,0,0,2026-05-07 04:56:02.368975,cohort2
UHZACPm3jwE,1265,20,0,2026-05-07 04:56:02.368975,cohort2
4wpyQLSBNP0,1275,11,0,2026-05-07 04:56:02.368975,cohort2
96JomE0jqDc,3699,22,1,2026-05-07 04:56:02.368975,cohort2
Tsxwx7AYUoA,3863,69,0,2026-05-07 04:56:02.368975,cohort2
X-vUrqQSO_o,858,13,0,2026-05-07 04:56:02.368975,cohort2
0UrXg_Rz_a0,732,32,0,2026-05-07 04:56:02.368975,cohort2
r5PvHf3pOM0,1713,7,0,2026-05-07 04:56:02.368975,cohort2
jDBrgXKGSkc,1362,10,0,2026-05-07 04:56:02.368975,cohort2
b6yNHBPmflE,1751,10,0,2026-05-07 04:56:02.368975,cohort2
hn_2QvmwX8k,962,48,0,2026-05-07 04:56:02.368975,cohort2
PLiteqfznuU,987,2,1,2026-05-07 04:56:02.368975,cohort2
ULT9GpdvlTo,1596,16,0,2026-05-07 04:56:02.368975,cohort2
DAJ7pVTcG3o,2154,15,0,2026-05-07 04:56:02.368975,cohort2
zmFbVma5gis,992,30,2,2026-05-07 04:56:02.368975,cohort2
eax9iT4FyqI,829,5,0,2026-05-07 04:56:02.368975,cohort2
0whpKuKm2j0,2381,29,18,2026-05-07 04:56:02.368975,cohort2
q6SDQcqdiRc,989,33,0,2026-05-07 04:56:02.368975,cohort2
saYo7NymFEM,1230,4,3,2026-05-07 04:56:02.368975,cohort2
ekNk1J1mvNA,6940,171,2,2026-05-07 04:56:02.368975,cohort2
PFgDUxXW13o,2136,78,1,2026-05-07 04:56:02.368975,cohort2
DEBOR0fU3wk,693,8,1,2026-05-07 04:56:02.368975,cohort2
h2J5qCMqoDQ,1093,8,0,2026-05-07 04:56:02.368975,cohort2
9sDO26vcgHA,2210,221,2,2026-05-07 04:56:02.368975,cohort2
P5gnG3RSnxg,1234,31,0,2026-05-07 04:56:02.368975,cohort2
1b_vbZjeflg,1518,29,0,2026-05-07 04:56:02.368975,cohort2
7NfP8a2mh04,2638,6,0,2026-05-07 04:56:02.368975,cohort2
WG93JdMIC20,1333,10,0,2026-05-07 04:56:02.368975,cohort2
_d6P-_ncL7w,605,12,1,2026-05-07 04:56:02.368975,cohort2
hcSEYzYuPA8,1535,4,0,2026-05-07 04:56:02.368975,cohort2
I2kw1nSu3fc,939,13,0,2026-05-07 04:56:02.368975,cohort2
PYPSQfBL4Fc,1324,7,0,2026-05-07 04:56:02.368975,cohort2
NQ0DPM5zf5M,1575,12,0,2026-05-07 04:56:02.368975,cohort2
h6_Ai6urk5I,660,17,0,2026-05-07 04:56:02.368975,cohort2
aXZ4n21QM5M,1169,48,16,2026-05-07 04:56:02.368975,cohort2
WE0BMrTjCbQ,1293,19,0,2026-05-07 04:56:02.368975,cohort2
exYOPLvW-II,952,13,5,2026-05-07 04:56:02.368975,cohort2
dMtGQ2EfaS4,1120,19,3,2026-05-07 04:56:02.368975,cohort2
BoVryGyxefU,1151,20,2,2026-05-07 04:56:02.368975,cohort2
RlklbNyKIcU,1336,0,0,2026-05-07 04:56:02.368975,cohort2
tuyV7-6rWO8,659,6,0,2026-05-07 04:56:02.368975,cohort2
D8Mu8ZPDPww,1560,14,0,2026-05-07 04:56:02.368975,cohort2
iwuv_Jf-Bks,735,40,5,2026-05-07 04:56:02.368975,cohort2
ZQh7s45Yt2o,1292,70,0,2026-05-07 04:56:02.368975,cohort2
3YKQ2lUo8A0,1045,41,0,2026-05-07 04:56:02.368975,cohort2
nMqoyOvyuXc,887,22,0,2026-05-07 04:56:02.368975,cohort2
z8ZDpw9mhUk,1381,20,2,2026-05-07 04:56:02.368975,cohort2
OXHWRsQMzrY,1221,15,0,2026-05-07 04:56:02.368975,cohort2
w8znJO6mWXc,360754,2536,4,2026-05-07 07:01:22.371006,cohort2
7YLMkOfd7F0,93203,447,3,2026-05-07 07:01:22.371006,cohort2
11cHbsqnFos,209154,709,7,2026-05-07 07:01:22.371006,cohort2
SqpDw2nNBm0,40213,1151,2,2026-05-07 07:01:22.371006,cohort2
m75AZ0rapz8,78779,2407,45,2026-05-07 07:01:22.371006,cohort2
9OHJuaecqkc,71749,1247,21,2026-05-07 07:01:22.371006,cohort2
t6iOhN7P3j0,36101,466,10,2026-05-07 07:01:22.371006,cohort2
kwLUVYZALDs,51623,356,0,2026-05-07 07:01:22.371006,cohort2
nGmwS0r_MrI,49078,95,3,2026-05-07 07:01:22.371006,cohort2
QyyKZYnD7pw,36353,1509,23,2026-05-07 07:01:22.371006,cohort2
Kp3gEkzeNNg,98275,2885,124,2026-05-07 07:01:22.371006,cohort2
DZEfFdbb1SE,11195,610,17,2026-05-07 07:01:22.371006,cohort2
5qsrCRPpxbk,17838,64,37,2026-05-07 07:01:22.371006,cohort2
mt29cU4uI-g,75880,2005,15,2026-05-07 07:01:22.371006,cohort2
fh7vCfaVwno,84985,5222,71,2026-05-07 07:01:22.371006,cohort2
gqK8TggkzfI,22781,26,3,2026-05-07 07:01:22.371006,cohort2
gv9ztxapyL0,28618,36,7,2026-05-07 07:01:22.371006,cohort2
62WigB3G_Pk,29585,27,1,2026-05-07 07:01:22.371006,cohort2
m9UnGE7ykOY,26852,1741,20,2026-05-07 07:01:22.371006,cohort2
XdSG7DA6EOg,12212,52,0,2026-05-07 07:01:22.371006,cohort2
0R28PVc8qh0,52073,3754,207,2026-05-07 07:01:22.371006,cohort2
PfkNba1O6ec,11191,52,0,2026-05-07 07:01:22.371006,cohort2
5JKuVN3L7mc,17808,31,4,2026-05-07 07:01:22.371006,cohort2
8jwQIV2UwbM,16274,39,0,2026-05-07 07:01:22.371006,cohort2
BczMFhe-MLM,27012,1023,47,2026-05-07 07:01:22.371006,cohort2
2tp29gpaRWU,40356,208,0,2026-05-07 07:01:22.371006,cohort2
TAlkqlnakh0,17722,48,1,2026-05-07 07:01:22.371006,cohort2
3f6ZNPbl5jk,9049,147,0,2026-05-07 07:01:22.371006,cohort2
OZH7YBNTz4M,15542,85,2,2026-05-07 07:01:22.371006,cohort2
ZysGncmQPeU,9954,17,5,2026-05-07 07:01:22.371006,cohort2
vDXsOkdFqDk,7264,42,2,2026-05-07 07:01:22.371006,cohort2
T9uMCRuDc_k,7665,45,1,2026-05-07 07:01:22.371006,cohort2
9m8pt3EBtc0,9998,8,2,2026-05-07 07:01:22.371006,cohort2
9DAO0ESJKcc,5274,68,4,2026-05-07 07:01:22.371006,cohort2
sEpUpn00RbY,46985,125,0,2026-05-07 07:01:22.371006,cohort2
CL-33_0cc6k,12497,150,2,2026-05-07 07:01:22.371006,cohort2
9-0rCG2UuDA,8943,21,0,2026-05-07 07:01:22.371006,cohort2
9Wj5am9s5U8,15640,239,3,2026-05-07 07:01:22.371006,cohort2
KptiqNWaoxc,4017,53,5,2026-05-07 07:01:22.371006,cohort2
5nkyl-TlJhg,6211,183,2,2026-05-07 07:01:22.371006,cohort2
3DhM40l_UT8,5830,38,3,2026-05-07 07:01:22.371006,cohort2
g3nC6ah4Jeo,154667,1827,0,2026-05-07 07:01:22.371006,cohort2
HZHchMlBFxk,30589,4377,56,2026-05-07 07:01:22.371006,cohort2
WsERYs4K_eI,5143,179,15,2026-05-07 07:01:22.371006,cohort2
czoj2EZaK50,4473,668,12,2026-05-07 07:01:22.371006,cohort2
aZHON20BuD0,9348,271,2,2026-05-07 07:01:22.371006,cohort2
RKm1-7OCVPw,12354,47,1,2026-05-07 07:01:22.371006,cohort2
OazBqSpCEoA,38173,312,1,2026-05-07 07:01:22.371006,cohort2
iHQ-auaYxqw,7770,58,0,2026-05-07 07:01:22.371006,cohort2
0P8jQM_RSbg,2994,49,4,2026-05-07 07:01:22.371006,cohort2
O1Rm0Npcxhc,5344,61,7,2026-05-07 07:01:22.371006,cohort2
7P9VVuUgkmw,4065,139,0,2026-05-07 07:01:22.371006,cohort2
mteZU7yoafE,4338,7,0,2026-05-07 07:01:22.371006,cohort2
I2wYnsHQ0Xs,10400,260,0,2026-05-07 07:01:22.371006,cohort2
oNyPIpZFaak,7451,274,3,2026-05-07 07:01:22.371006,cohort2
aWkJ1mCj2cc,3351,33,0,2026-05-07 07:01:22.371006,cohort2
XJ8b6MerRdc,3740,133,34,2026-05-07 07:01:22.371006,cohort2
JDRAgIl-x70,4365,30,1,2026-05-07 07:01:22.371006,cohort2
TAeMYuwA8EE,10715,117,1,2026-05-07 07:01:22.371006,cohort2
zQTbUsLIu58,6784,26,0,2026-05-07 07:01:22.371006,cohort2
btJXWbbnJHQ,10984,17,0,2026-05-07 07:01:22.371006,cohort2
b6H12EIUmoU,2880,19,0,2026-05-07 07:01:22.371006,cohort2
kkSA8x_bWtU,4542,268,21,2026-05-07 07:01:22.371006,cohort2
YyNV_rDWt2E,23310,117,0,2026-05-07 07:01:22.371006,cohort2
03jvPpySFTk,1710,41,32,2026-05-07 07:01:22.371006,cohort2
lgnW9R4ZnJs,11457,236,7,2026-05-07 07:01:22.371006,cohort2
Cm3jOxBWfGk,7946,28,1,2026-05-07 07:01:22.371006,cohort2
dj4B_HQcsz0,12868,0,0,2026-05-07 07:01:22.371006,cohort2
xnjfMUU0ubc,2171,23,0,2026-05-07 07:01:22.371006,cohort2
ZzbdOPmfYYI,125706,6699,15,2026-05-07 07:01:22.371006,cohort2
ic2qcpuoBCs,6058,78,4,2026-05-07 07:01:22.371006,cohort2
vLQkW84t-OA,3689,11,0,2026-05-07 07:01:22.371006,cohort2
x7vQUhOiduA,2642,0,0,2026-05-07 07:01:22.371006,cohort2
i7JPPJZj9JI,5772,178,2,2026-05-07 07:01:22.371006,cohort2
kdYiDfHjENU,9353,58,0,2026-05-07 07:01:22.371006,cohort2
-TjsD7VQLYg,5444,0,6,2026-05-07 07:01:22.371006,cohort2
PNi3GBdkUcs,3134,44,1,2026-05-07 07:01:22.371006,cohort2
YBZ9d7_CmHQ,2456,6,0,2026-05-07 07:01:22.371006,cohort2
PJ1l1O8s9Rk,1729,50,0,2026-05-07 07:01:22.371006,cohort2
GjFwFfQGHVE,3071,14,0,2026-05-07 07:01:22.371006,cohort2
GkhDx9sHTkY,2953,27,0,2026-05-07 07:01:22.371006,cohort2
HdA-m8pxgUE,2146,0,1,2026-05-07 07:01:22.371006,cohort2
8iK0Wnbo4ss,22772,0,3,2026-05-07 07:01:22.371006,cohort2
vp8Dl8jLtpQ,5022,81,1,2026-05-07 07:01:22.371006,cohort2
KuWDY_q0cl4,23431,146,2,2026-05-07 07:01:22.371006,cohort2
JYLiA6eYotI,2738,16,0,2026-05-07 07:01:22.371006,cohort2
G1DI7TH3ORQ,1818,0,0,2026-05-07 07:01:22.371006,cohort2
GYtLVLAjkNI,2556,23,0,2026-05-07 07:01:22.371006,cohort2
z16TsgBLLuI,2433,11,0,2026-05-07 07:01:22.371006,cohort2
zkjcNg-K7aE,4510,8,0,2026-05-07 07:01:22.371006,cohort2
wG0JaQdQRR0,4557,28,0,2026-05-07 07:01:22.371006,cohort2
s8Vt0NbGg_s,3173,176,6,2026-05-07 07:01:22.371006,cohort2
d4gYEInVPdo,1644,14,0,2026-05-07 07:01:22.371006,cohort2
LMe1syOeDmg,2887,0,23,2026-05-07 07:01:22.371006,cohort2
wvlD8xtiTtU,1690,27,0,2026-05-07 07:01:22.371006,cohort2
ZElxIyXmlmA,2060,17,0,2026-05-07 07:01:22.371006,cohort2
XcB7ckJ2mfc,1131,37,3,2026-05-07 07:01:22.371006,cohort2
JPgAA56LnBI,4130,111,4,2026-05-07 07:01:22.371006,cohort2
lyFVARrR6YQ,1411,43,3,2026-05-07 07:01:22.371006,cohort2
JVEFIpEe7xs,24559,2286,30,2026-05-07 07:01:22.371006,cohort2
rhsqSBPGxAI,1231,22,0,2026-05-07 07:01:22.371006,cohort2
jLzcsR2Z88g,2112,52,0,2026-05-07 07:01:22.371006,cohort2
Rqxjw8UOioU,1159,34,7,2026-05-07 07:01:22.371006,cohort2
zXZhVRNrXTw,1992,39,0,2026-05-07 07:01:22.371006,cohort2
WYUtRxwErJc,1564,28,1,2026-05-07 07:01:22.371006,cohort2
dWrhPsuGAyM,5136,69,0,2026-05-07 07:01:22.371006,cohort2
5vVhyO64yy8,1819,15,3,2026-05-07 07:01:22.371006,cohort2
tKFhfEYdEQ4,1302,6,2,2026-05-07 07:01:22.371006,cohort2
_woibC1Uc4s,1135,25,3,2026-05-07 07:01:22.371006,cohort2
dtA1PDvWHWg,1145,26,0,2026-05-07 07:01:22.371006,cohort2
jIaFuaUQJj8,18529,935,16,2026-05-07 07:01:22.371006,cohort2
uhaJClxKvBE,1398,22,0,2026-05-07 07:01:22.371006,cohort2
BzJDnSQ2N8s,1547,0,0,2026-05-07 07:01:22.371006,cohort2
js3MDn189WY,2384,39,0,2026-05-07 07:01:22.371006,cohort2
aZTg7Y1s3i4,3518,77,1,2026-05-07 07:01:22.371006,cohort2
w959JQyRWI0,4973,82,1,2026-05-07 07:01:22.371006,cohort2
SFwOEsdSG2A,1318,30,0,2026-05-07 07:01:22.371006,cohort2
d922sHgT8x4,2937,25,2,2026-05-07 07:01:22.371006,cohort2
noyibwhlMB0,1258,8,0,2026-05-07 07:01:22.371006,cohort2
zaSnfYBNq54,1496,25,0,2026-05-07 07:01:22.371006,cohort2
Nlk40c2coj0,877,32,2,2026-05-07 07:01:22.371006,cohort2
Dv0qYHpmbh8,1527,0,0,2026-05-07 07:01:22.371006,cohort2
Ptk-QwiDcgU,2932,44,1,2026-05-07 07:01:22.371006,cohort2
h54baYCq2aA,1501,21,2,2026-05-07 07:01:22.371006,cohort2
IPyxfkHAa4M,1684,20,0,2026-05-07 07:01:22.371006,cohort2
Br1nYlc0_Sw,1712,0,1,2026-05-07 07:01:22.371006,cohort2
_hYUAJKRaF8,752,6,0,2026-05-07 07:01:22.371006,cohort2
uFH5QQjqA9E,1740,23,0,2026-05-07 07:01:22.371006,cohort2
wRw8UgMP0j4,1518,0,4,2026-05-07 07:01:22.371006,cohort2
jkbhFGwtPug,1221,11,1,2026-05-07 07:01:22.371006,cohort2
hJv1s-a3sTw,1525,9,1,2026-05-07 07:01:22.371006,cohort2
uBm3mLxD_4s,2358,13,2,2026-05-07 07:01:22.371006,cohort2
UWPwKsit0Pc,5563,72,0,2026-05-07 07:01:22.371006,cohort2
F04vTZpR1RQ,1390,13,0,2026-05-07 07:01:22.371006,cohort2
fljjVxeIGBQ,1621,34,10,2026-05-07 07:01:22.371006,cohort2
GY3QqbsE6_E,1236,25,0,2026-05-07 07:01:22.371006,cohort2
709_w_fP4MI,1852,0,0,2026-05-07 07:01:22.371006,cohort2
6IvaMcKEFZ4,1962,0,0,2026-05-07 07:01:22.371006,cohort2
AY6gZbW7fNg,5100,17,0,2026-05-07 07:01:22.371006,cohort2
cMb_3R5RNpM,1718,12,0,2026-05-07 07:01:22.371006,cohort2
B335dKT404w,1703,13,0,2026-05-07 07:01:22.371006,cohort2
3eFMDNMsCas,3169,98,2,2026-05-07 07:01:22.371006,cohort2
IusZLMlE_-E,4138,72,0,2026-05-07 07:01:22.371006,cohort2
d9STPKfyKvw,4277,10,1,2026-05-07 07:01:22.371006,cohort2
LRfmdgbTeTg,7160,59,15,2026-05-07 07:01:22.371006,cohort2
79Y8qRw3wOw,1051,9,0,2026-05-07 07:01:22.371006,cohort2
9p0-60NCK1E,1516,26,0,2026-05-07 07:01:22.371006,cohort2
ky8i3fchNjY,1010,43,3,2026-05-07 07:01:22.371006,cohort2
nDpF4DLdsCw,1906,75,11,2026-05-07 07:01:22.371006,cohort2
8HGev-iN1ok,2385,0,0,2026-05-07 07:01:22.371006,cohort2
UHZACPm3jwE,1294,23,0,2026-05-07 07:01:22.371006,cohort2
4wpyQLSBNP0,1280,11,0,2026-05-07 07:01:22.371006,cohort2
96JomE0jqDc,3699,22,1,2026-05-07 07:01:22.371006,cohort2
Tsxwx7AYUoA,3923,71,0,2026-05-07 07:01:22.371006,cohort2
X-vUrqQSO_o,872,13,0,2026-05-07 07:01:22.371006,cohort2
0UrXg_Rz_a0,736,32,0,2026-05-07 07:01:22.371006,cohort2
r5PvHf3pOM0,1808,7,0,2026-05-07 07:01:22.371006,cohort2
jDBrgXKGSkc,1421,10,0,2026-05-07 07:01:22.371006,cohort2
b6yNHBPmflE,1751,10,0,2026-05-07 07:01:22.371006,cohort2
hn_2QvmwX8k,966,48,0,2026-05-07 07:01:22.371006,cohort2
PLiteqfznuU,987,2,1,2026-05-07 07:01:22.371006,cohort2
ULT9GpdvlTo,3061,15,0,2026-05-07 07:01:22.371006,cohort2
DAJ7pVTcG3o,2163,15,0,2026-05-07 07:01:22.371006,cohort2
zmFbVma5gis,1028,30,2,2026-05-07 07:01:22.371006,cohort2
eax9iT4FyqI,831,5,0,2026-05-07 07:01:22.371006,cohort2
0whpKuKm2j0,2393,30,18,2026-05-07 07:01:22.371006,cohort2
q6SDQcqdiRc,1009,34,0,2026-05-07 07:01:22.371006,cohort2
saYo7NymFEM,1231,4,3,2026-05-07 07:01:22.371006,cohort2
ekNk1J1mvNA,7513,186,3,2026-05-07 07:01:22.371006,cohort2
PFgDUxXW13o,2213,76,1,2026-05-07 07:01:22.371006,cohort2
DEBOR0fU3wk,693,8,1,2026-05-07 07:01:22.371006,cohort2
h2J5qCMqoDQ,1112,9,0,2026-05-07 07:01:22.371006,cohort2
9sDO26vcgHA,3959,321,2,2026-05-07 07:01:22.371006,cohort2
P5gnG3RSnxg,1234,31,0,2026-05-07 07:01:22.371006,cohort2
1b_vbZjeflg,1519,29,0,2026-05-07 07:01:22.371006,cohort2
7NfP8a2mh04,2652,6,0,2026-05-07 07:01:22.371006,cohort2
WG93JdMIC20,1345,10,0,2026-05-07 07:01:22.371006,cohort2
_d6P-_ncL7w,605,12,1,2026-05-07 07:01:22.371006,cohort2
hcSEYzYuPA8,1700,4,0,2026-05-07 07:01:22.371006,cohort2
I2kw1nSu3fc,939,13,0,2026-05-07 07:01:22.371006,cohort2
PYPSQfBL4Fc,1324,7,0,2026-05-07 07:01:22.371006,cohort2
NQ0DPM5zf5M,1616,12,0,2026-05-07 07:01:22.371006,cohort2
h6_Ai6urk5I,661,17,0,2026-05-07 07:01:22.371006,cohort2
aXZ4n21QM5M,1197,49,16,2026-05-07 07:01:22.371006,cohort2
WE0BMrTjCbQ,2081,25,0,2026-05-07 07:01:22.371006,cohort2
exYOPLvW-II,983,15,5,2026-05-07 07:01:22.371006,cohort2
dMtGQ2EfaS4,1121,20,3,2026-05-07 07:01:22.371006,cohort2
BoVryGyxefU,1212,19,2,2026-05-07 07:01:22.371006,cohort2
RlklbNyKIcU,1568,0,0,2026-05-07 07:01:22.371006,cohort2
tuyV7-6rWO8,660,6,0,2026-05-07 07:01:22.371006,cohort2
D8Mu8ZPDPww,1589,14,0,2026-05-07 07:01:22.371006,cohort2
iwuv_Jf-Bks,738,40,6,2026-05-07 07:01:22.371006,cohort2
ZQh7s45Yt2o,1379,80,0,2026-05-07 07:01:22.371006,cohort2
3YKQ2lUo8A0,1050,42,0,2026-05-07 07:01:22.371006,cohort2
nMqoyOvyuXc,892,22,0,2026-05-07 07:01:22.371006,cohort2
z8ZDpw9mhUk,1603,22,2,2026-05-07 07:01:22.371006,cohort2
OXHWRsQMzrY,1222,15,0,2026-05-07 07:01:22.371006,cohort2
w8znJO6mWXc,562771,3056,7,2026-05-07 11:06:17.249396,cohort2
7YLMkOfd7F0,98573,474,4,2026-05-07 11:06:17.249396,cohort2
11cHbsqnFos,210458,722,7,2026-05-07 11:06:17.249396,cohort2
SqpDw2nNBm0,44828,1262,3,2026-05-07 11:06:17.249396,cohort2
m75AZ0rapz8,95069,2711,60,2026-05-07 11:06:17.249396,cohort2
9OHJuaecqkc,119114,1844,24,2026-05-07 11:06:17.249396,cohort2
kwLUVYZALDs,73887,422,0,2026-05-07 11:06:17.249396,cohort2
nGmwS0r_MrI,58146,114,3,2026-05-07 11:06:17.249396,cohort2
QyyKZYnD7pw,55379,1940,28,2026-05-07 11:06:17.249396,cohort2
Kp3gEkzeNNg,121014,3348,144,2026-05-07 11:06:17.249396,cohort2
DZEfFdbb1SE,13646,696,17,2026-05-07 11:06:17.249396,cohort2
5qsrCRPpxbk,34590,89,54,2026-05-07 11:06:17.249396,cohort2
mt29cU4uI-g,80425,2075,15,2026-05-07 11:06:17.249396,cohort2
fh7vCfaVwno,118912,7154,102,2026-05-07 11:06:17.249396,cohort2
gqK8TggkzfI,24861,29,3,2026-05-07 11:06:17.249396,cohort2
gv9ztxapyL0,47653,51,8,2026-05-07 11:06:17.249396,cohort2
62WigB3G_Pk,44551,28,1,2026-05-07 11:06:17.249396,cohort2
m9UnGE7ykOY,30474,1811,22,2026-05-07 11:06:17.249396,cohort2
XdSG7DA6EOg,17137,69,0,2026-05-07 11:06:17.249396,cohort2
0R28PVc8qh0,71286,4556,237,2026-05-07 11:06:17.249396,cohort2
PfkNba1O6ec,13839,73,0,2026-05-07 11:06:17.249396,cohort2
5JKuVN3L7mc,18383,31,4,2026-05-07 11:06:17.249396,cohort2
8jwQIV2UwbM,17349,41,0,2026-05-07 11:06:17.249396,cohort2
BczMFhe-MLM,33068,1070,48,2026-05-07 11:06:17.249396,cohort2
2tp29gpaRWU,72515,266,0,2026-05-07 11:06:17.249396,cohort2
TAlkqlnakh0,19838,50,1,2026-05-07 11:06:17.249396,cohort2
3f6ZNPbl5jk,13133,182,1,2026-05-07 11:06:17.249396,cohort2
OZH7YBNTz4M,15975,0,2,2026-05-07 11:06:17.249396,cohort2
ZysGncmQPeU,13736,21,6,2026-05-07 11:06:17.249396,cohort2
vDXsOkdFqDk,8533,50,2,2026-05-07 11:06:17.249396,cohort2
T9uMCRuDc_k,9792,56,1,2026-05-07 11:06:17.249396,cohort2
9m8pt3EBtc0,14007,8,3,2026-05-07 11:06:17.249396,cohort2
9DAO0ESJKcc,7695,105,7,2026-05-07 11:06:17.249396,cohort2
sEpUpn00RbY,48202,127,0,2026-05-07 11:06:17.249396,cohort2
CL-33_0cc6k,14476,172,2,2026-05-07 11:06:17.249396,cohort2
9-0rCG2UuDA,9495,22,0,2026-05-07 11:06:17.249396,cohort2
9Wj5am9s5U8,17558,245,3,2026-05-07 11:06:17.249396,cohort2
KptiqNWaoxc,4683,59,5,2026-05-07 11:06:17.249396,cohort2
5nkyl-TlJhg,7409,227,2,2026-05-07 11:06:17.249396,cohort2
3DhM40l_UT8,5841,38,3,2026-05-07 11:06:17.249396,cohort2
g3nC6ah4Jeo,253857,2504,0,2026-05-07 11:06:17.249396,cohort2
HZHchMlBFxk,49126,5866,68,2026-05-07 11:06:17.249396,cohort2
WsERYs4K_eI,7238,307,19,2026-05-07 11:06:17.249396,cohort2
czoj2EZaK50,5312,816,14,2026-05-07 11:06:17.249396,cohort2
aZHON20BuD0,13815,327,2,2026-05-07 11:06:17.249396,cohort2
RKm1-7OCVPw,12422,47,1,2026-05-07 11:06:17.249396,cohort2
OazBqSpCEoA,75469,520,1,2026-05-07 11:06:17.249396,cohort2
iHQ-auaYxqw,9251,69,0,2026-05-07 11:06:17.249396,cohort2
0P8jQM_RSbg,3928,60,4,2026-05-07 11:06:17.249396,cohort2
O1Rm0Npcxhc,6650,69,11,2026-05-07 11:06:17.249396,cohort2
7P9VVuUgkmw,7041,199,0,2026-05-07 11:06:17.249396,cohort2
mteZU7yoafE,4517,7,0,2026-05-07 11:06:17.249396,cohort2
I2wYnsHQ0Xs,10820,297,0,2026-05-07 11:06:17.249396,cohort2
oNyPIpZFaak,19251,473,6,2026-05-07 11:06:17.249396,cohort2
aWkJ1mCj2cc,3366,34,0,2026-05-07 11:06:17.249396,cohort2
XJ8b6MerRdc,4374,151,34,2026-05-07 11:06:17.249396,cohort2
JDRAgIl-x70,5449,32,1,2026-05-07 11:06:17.249396,cohort2
TAeMYuwA8EE,20831,231,1,2026-05-07 11:06:17.249396,cohort2
zQTbUsLIu58,7760,28,0,2026-05-07 11:06:17.249396,cohort2
btJXWbbnJHQ,12244,17,0,2026-05-07 11:06:17.249396,cohort2
b6H12EIUmoU,3559,24,0,2026-05-07 11:06:17.249396,cohort2
kkSA8x_bWtU,9927,402,26,2026-05-07 11:06:17.249396,cohort2
YyNV_rDWt2E,27806,130,0,2026-05-07 11:06:17.249396,cohort2
03jvPpySFTk,1768,44,35,2026-05-07 11:06:17.249396,cohort2
lgnW9R4ZnJs,12187,255,7,2026-05-07 11:06:17.249396,cohort2
Cm3jOxBWfGk,8494,28,1,2026-05-07 11:06:17.249396,cohort2
dj4B_HQcsz0,17880,0,0,2026-05-07 11:06:17.249396,cohort2
xnjfMUU0ubc,2191,23,0,2026-05-07 11:06:17.249396,cohort2
ZzbdOPmfYYI,166049,8163,21,2026-05-07 11:06:17.249396,cohort2
ic2qcpuoBCs,6867,86,5,2026-05-07 11:06:17.249396,cohort2
vLQkW84t-OA,7030,37,0,2026-05-07 11:06:17.249396,cohort2
x7vQUhOiduA,2642,0,0,2026-05-07 11:06:17.249396,cohort2
i7JPPJZj9JI,9140,218,2,2026-05-07 11:06:17.249396,cohort2
kdYiDfHjENU,10855,115,0,2026-05-07 11:06:17.249396,cohort2
-TjsD7VQLYg,5898,0,6,2026-05-07 11:06:17.249396,cohort2
PNi3GBdkUcs,3360,43,1,2026-05-07 11:06:17.249396,cohort2
YBZ9d7_CmHQ,2476,6,0,2026-05-07 11:06:17.249396,cohort2
PJ1l1O8s9Rk,1735,50,0,2026-05-07 11:06:17.249396,cohort2
GjFwFfQGHVE,3334,14,0,2026-05-07 11:06:17.249396,cohort2
GkhDx9sHTkY,2956,27,0,2026-05-07 11:06:17.249396,cohort2
HdA-m8pxgUE,2816,0,1,2026-05-07 11:06:17.249396,cohort2
8iK0Wnbo4ss,24595,0,3,2026-05-07 11:06:17.249396,cohort2
vp8Dl8jLtpQ,29275,199,2,2026-05-07 11:06:17.249396,cohort2
KuWDY_q0cl4,27292,153,2,2026-05-07 11:06:17.249396,cohort2
JYLiA6eYotI,3249,16,0,2026-05-07 11:06:17.249396,cohort2
G1DI7TH3ORQ,4798,0,0,2026-05-07 11:06:17.249396,cohort2
GYtLVLAjkNI,3626,29,0,2026-05-07 11:06:17.249396,cohort2
z16TsgBLLuI,2617,11,0,2026-05-07 11:06:17.249396,cohort2
zkjcNg-K7aE,4536,8,0,2026-05-07 11:06:17.249396,cohort2
wG0JaQdQRR0,6850,34,0,2026-05-07 11:06:17.249396,cohort2
s8Vt0NbGg_s,4163,202,6,2026-05-07 11:06:17.249396,cohort2
d4gYEInVPdo,1647,14,0,2026-05-07 11:06:17.249396,cohort2
LMe1syOeDmg,3320,0,23,2026-05-07 11:06:17.249396,cohort2
wvlD8xtiTtU,1714,27,0,2026-05-07 11:06:17.249396,cohort2
ZElxIyXmlmA,5646,37,0,2026-05-07 11:06:17.249396,cohort2
XcB7ckJ2mfc,1148,38,3,2026-05-07 11:06:17.249396,cohort2
JPgAA56LnBI,4774,121,4,2026-05-07 11:06:17.249396,cohort2
lyFVARrR6YQ,1416,43,3,2026-05-07 11:06:17.249396,cohort2
JVEFIpEe7xs,65638,3885,52,2026-05-07 11:06:17.249396,cohort2
rhsqSBPGxAI,1231,22,0,2026-05-07 11:06:17.249396,cohort2
jLzcsR2Z88g,2783,56,0,2026-05-07 11:06:17.249396,cohort2
Rqxjw8UOioU,1159,34,7,2026-05-07 11:06:17.249396,cohort2
zXZhVRNrXTw,2081,50,0,2026-05-07 11:06:17.249396,cohort2
WYUtRxwErJc,2242,30,1,2026-05-07 11:06:17.249396,cohort2
dWrhPsuGAyM,16934,121,0,2026-05-07 11:06:17.249396,cohort2
5vVhyO64yy8,2684,19,3,2026-05-07 11:06:17.249396,cohort2
tKFhfEYdEQ4,1332,8,2,2026-05-07 11:06:17.249396,cohort2
_woibC1Uc4s,1145,25,3,2026-05-07 11:06:17.249396,cohort2
dtA1PDvWHWg,1167,28,0,2026-05-07 11:06:17.249396,cohort2
jIaFuaUQJj8,20363,1005,16,2026-05-07 11:06:17.249396,cohort2
uhaJClxKvBE,1426,22,0,2026-05-07 11:06:17.249396,cohort2
BzJDnSQ2N8s,1551,0,0,2026-05-07 11:06:17.249396,cohort2
js3MDn189WY,2411,39,0,2026-05-07 11:06:17.249396,cohort2
aZTg7Y1s3i4,3746,80,1,2026-05-07 11:06:17.249396,cohort2
w959JQyRWI0,8439,124,1,2026-05-07 11:06:17.249396,cohort2
SFwOEsdSG2A,1318,30,0,2026-05-07 11:06:17.249396,cohort2
d922sHgT8x4,4563,26,2,2026-05-07 11:06:17.249396,cohort2
noyibwhlMB0,1265,8,0,2026-05-07 11:06:17.249396,cohort2
zaSnfYBNq54,1501,25,0,2026-05-07 11:06:17.249396,cohort2
Nlk40c2coj0,880,32,2,2026-05-07 11:06:17.249396,cohort2
Dv0qYHpmbh8,6399,0,0,2026-05-07 11:06:17.249396,cohort2
Ptk-QwiDcgU,3507,46,1,2026-05-07 11:06:17.249396,cohort2
h54baYCq2aA,1505,21,2,2026-05-07 11:06:17.249396,cohort2
IPyxfkHAa4M,1686,20,0,2026-05-07 11:06:17.249396,cohort2
Br1nYlc0_Sw,1735,0,1,2026-05-07 11:06:17.249396,cohort2
_hYUAJKRaF8,756,6,0,2026-05-07 11:06:17.249396,cohort2
uFH5QQjqA9E,1910,30,0,2026-05-07 11:06:17.249396,cohort2
wRw8UgMP0j4,2417,0,4,2026-05-07 11:06:17.249396,cohort2
jkbhFGwtPug,1235,11,1,2026-05-07 11:06:17.249396,cohort2
hJv1s-a3sTw,1526,9,1,2026-05-07 11:06:17.249396,cohort2
uBm3mLxD_4s,2613,15,2,2026-05-07 11:06:17.249396,cohort2
UWPwKsit0Pc,6365,117,0,2026-05-07 11:06:17.249396,cohort2
F04vTZpR1RQ,1876,17,0,2026-05-07 11:06:17.249396,cohort2
fljjVxeIGBQ,1641,35,10,2026-05-07 11:06:17.249396,cohort2
GY3QqbsE6_E,1237,25,0,2026-05-07 11:06:17.249396,cohort2
709_w_fP4MI,2171,0,1,2026-05-07 11:06:17.249396,cohort2
6IvaMcKEFZ4,1978,0,0,2026-05-07 11:06:17.249396,cohort2
AY6gZbW7fNg,5108,18,0,2026-05-07 11:06:17.249396,cohort2
cMb_3R5RNpM,1722,12,0,2026-05-07 11:06:17.249396,cohort2
B335dKT404w,1705,13,0,2026-05-07 11:06:17.249396,cohort2
3eFMDNMsCas,3232,104,4,2026-05-07 11:06:17.249396,cohort2
IusZLMlE_-E,8848,112,7,2026-05-07 11:06:17.249396,cohort2
d9STPKfyKvw,6216,10,2,2026-05-07 11:06:17.249396,cohort2
LRfmdgbTeTg,7400,63,15,2026-05-07 11:06:17.249396,cohort2
79Y8qRw3wOw,1052,9,0,2026-05-07 11:06:17.249396,cohort2
9p0-60NCK1E,1522,26,0,2026-05-07 11:06:17.249396,cohort2
ky8i3fchNjY,1016,44,3,2026-05-07 11:06:17.249396,cohort2
nDpF4DLdsCw,2194,106,18,2026-05-07 11:06:17.249396,cohort2
8HGev-iN1ok,3395,0,4,2026-05-07 11:06:17.249396,cohort2
UHZACPm3jwE,1417,26,0,2026-05-07 11:06:17.249396,cohort2
4wpyQLSBNP0,1281,11,0,2026-05-07 11:06:17.249396,cohort2
96JomE0jqDc,3722,23,1,2026-05-07 11:06:17.249396,cohort2
Tsxwx7AYUoA,3998,80,0,2026-05-07 11:06:17.249396,cohort2
X-vUrqQSO_o,895,14,0,2026-05-07 11:06:17.249396,cohort2
0UrXg_Rz_a0,743,32,0,2026-05-07 11:06:17.249396,cohort2
r5PvHf3pOM0,1863,7,0,2026-05-07 11:06:17.249396,cohort2
jDBrgXKGSkc,1594,12,0,2026-05-07 11:06:17.249396,cohort2
b6yNHBPmflE,1751,10,0,2026-05-07 11:06:17.249396,cohort2
hn_2QvmwX8k,966,48,0,2026-05-07 11:06:17.249396,cohort2
PLiteqfznuU,1103,3,1,2026-05-07 11:06:17.249396,cohort2
ULT9GpdvlTo,5617,21,0,2026-05-07 11:06:17.249396,cohort2
DAJ7pVTcG3o,2170,15,0,2026-05-07 11:06:17.249396,cohort2
zmFbVma5gis,1070,32,2,2026-05-07 11:06:17.249396,cohort2
eax9iT4FyqI,834,5,0,2026-05-07 11:06:17.249396,cohort2
0whpKuKm2j0,2408,30,18,2026-05-07 11:06:17.249396,cohort2
q6SDQcqdiRc,1036,36,0,2026-05-07 11:06:17.249396,cohort2
saYo7NymFEM,1236,4,3,2026-05-07 11:06:17.249396,cohort2
ekNk1J1mvNA,8889,210,4,2026-05-07 11:06:17.249396,cohort2
PFgDUxXW13o,2221,76,1,2026-05-07 11:06:17.249396,cohort2
DEBOR0fU3wk,693,8,1,2026-05-07 11:06:17.249396,cohort2
h2J5qCMqoDQ,1146,9,0,2026-05-07 11:06:17.249396,cohort2
9sDO26vcgHA,8200,519,4,2026-05-07 11:06:17.249396,cohort2
P5gnG3RSnxg,1236,31,0,2026-05-07 11:06:17.249396,cohort2
1b_vbZjeflg,1519,29,0,2026-05-07 11:06:17.249396,cohort2
7NfP8a2mh04,3053,6,0,2026-05-07 11:06:17.249396,cohort2
WG93JdMIC20,1349,11,1,2026-05-07 11:06:17.249396,cohort2
_d6P-_ncL7w,609,12,1,2026-05-07 11:06:17.249396,cohort2
hcSEYzYuPA8,2549,7,0,2026-05-07 11:06:17.249396,cohort2
I2kw1nSu3fc,956,15,0,2026-05-07 11:06:17.249396,cohort2
PYPSQfBL4Fc,1325,7,0,2026-05-07 11:06:17.249396,cohort2
NQ0DPM5zf5M,1638,13,0,2026-05-07 11:06:17.249396,cohort2
h6_Ai6urk5I,664,17,0,2026-05-07 11:06:17.249396,cohort2
aXZ4n21QM5M,1246,55,16,2026-05-07 11:06:17.249396,cohort2
WE0BMrTjCbQ,3878,36,0,2026-05-07 11:06:17.249396,cohort2
exYOPLvW-II,1003,18,6,2026-05-07 11:06:17.249396,cohort2
dMtGQ2EfaS4,1128,20,3,2026-05-07 11:06:17.249396,cohort2
BoVryGyxefU,1288,20,2,2026-05-07 11:06:17.249396,cohort2
RlklbNyKIcU,2451,0,0,2026-05-07 11:06:17.249396,cohort2
tuyV7-6rWO8,671,6,0,2026-05-07 11:06:17.249396,cohort2
D8Mu8ZPDPww,1592,15,0,2026-05-07 11:06:17.249396,cohort2
iwuv_Jf-Bks,740,40,6,2026-05-07 11:06:17.249396,cohort2
ZQh7s45Yt2o,1786,136,0,2026-05-07 11:06:17.249396,cohort2
3YKQ2lUo8A0,1095,49,0,2026-05-07 11:06:17.249396,cohort2
nMqoyOvyuXc,894,22,0,2026-05-07 11:06:17.249396,cohort2
z8ZDpw9mhUk,1937,27,2,2026-05-07 11:06:17.249396,cohort2
OXHWRsQMzrY,1232,15,0,2026-05-07 11:06:17.249396,cohort2
w8znJO6mWXc,638176,3601,7,2026-05-07 13:11:15.286785,cohort2
7YLMkOfd7F0,100015,481,4,2026-05-07 13:11:15.286785,cohort2
11cHbsqnFos,213872,745,7,2026-05-07 13:11:15.286785,cohort2
SqpDw2nNBm0,46306,1296,3,2026-05-07 13:11:15.286785,cohort2
m75AZ0rapz8,103747,3035,69,2026-05-07 13:11:15.286785,cohort2
9OHJuaecqkc,160636,2619,41,2026-05-07 13:11:15.286785,cohort2
kwLUVYZALDs,80832,453,0,2026-05-07 13:11:15.286785,cohort2
nGmwS0r_MrI,62386,122,3,2026-05-07 13:11:15.286785,cohort2
QyyKZYnD7pw,63495,2307,29,2026-05-07 13:11:15.286785,cohort2
Kp3gEkzeNNg,132364,3777,155,2026-05-07 13:11:15.286785,cohort2
DZEfFdbb1SE,14596,734,19,2026-05-07 13:11:15.286785,cohort2
5qsrCRPpxbk,40011,109,64,2026-05-07 13:11:15.286785,cohort2
mt29cU4uI-g,82606,2215,15,2026-05-07 13:11:15.286785,cohort2
fh7vCfaVwno,143626,7791,104,2026-05-07 13:11:15.286785,cohort2
gqK8TggkzfI,25522,40,3,2026-05-07 13:11:15.286785,cohort2
gv9ztxapyL0,57623,63,10,2026-05-07 13:11:15.286785,cohort2
62WigB3G_Pk,48100,31,1,2026-05-07 13:11:15.286785,cohort2
m9UnGE7ykOY,30970,1889,23,2026-05-07 13:11:15.286785,cohort2
XdSG7DA6EOg,22589,70,0,2026-05-07 13:11:15.286785,cohort2
0R28PVc8qh0,78592,4918,249,2026-05-07 13:11:15.286785,cohort2
PfkNba1O6ec,14970,77,0,2026-05-07 13:11:15.286785,cohort2
5JKuVN3L7mc,18447,31,4,2026-05-07 13:11:15.286785,cohort2
8jwQIV2UwbM,17580,42,0,2026-05-07 13:11:15.286785,cohort2
BczMFhe-MLM,33829,1173,51,2026-05-07 13:11:15.286785,cohort2
2tp29gpaRWU,78456,283,0,2026-05-07 13:11:15.286785,cohort2
TAlkqlnakh0,20113,50,1,2026-05-07 13:11:15.286785,cohort2
3f6ZNPbl5jk,15575,193,1,2026-05-07 13:11:15.286785,cohort2
OZH7YBNTz4M,16026,0,2,2026-05-07 13:11:15.286785,cohort2
ZysGncmQPeU,13783,21,6,2026-05-07 13:11:15.286785,cohort2
vDXsOkdFqDk,9327,57,2,2026-05-07 13:11:15.286785,cohort2
T9uMCRuDc_k,10094,58,1,2026-05-07 13:11:15.286785,cohort2
9m8pt3EBtc0,15401,9,3,2026-05-07 13:11:15.286785,cohort2
9DAO0ESJKcc,9903,124,7,2026-05-07 13:11:15.286785,cohort2
sEpUpn00RbY,48460,130,0,2026-05-07 13:11:15.286785,cohort2
CL-33_0cc6k,15655,188,2,2026-05-07 13:11:15.286785,cohort2
9-0rCG2UuDA,9566,21,0,2026-05-07 13:11:15.286785,cohort2
9Wj5am9s5U8,17810,254,3,2026-05-07 13:11:15.286785,cohort2
KptiqNWaoxc,5058,65,5,2026-05-07 13:11:15.286785,cohort2
5nkyl-TlJhg,8099,244,2,2026-05-07 13:11:15.286785,cohort2
3DhM40l_UT8,5855,38,3,2026-05-07 13:11:15.286785,cohort2
g3nC6ah4Jeo,301989,3013,1,2026-05-07 13:11:15.286785,cohort2
HZHchMlBFxk,56736,6556,74,2026-05-07 13:11:15.286785,cohort2
WsERYs4K_eI,9989,507,21,2026-05-07 13:11:15.286785,cohort2
czoj2EZaK50,6145,986,15,2026-05-07 13:11:15.286785,cohort2
aZHON20BuD0,15316,333,2,2026-05-07 13:11:15.286785,cohort2
RKm1-7OCVPw,12558,48,1,2026-05-07 13:11:15.286785,cohort2
OazBqSpCEoA,93255,688,2,2026-05-07 13:11:15.286785,cohort2
iHQ-auaYxqw,9790,70,0,2026-05-07 13:11:15.286785,cohort2
0P8jQM_RSbg,4522,75,4,2026-05-07 13:11:15.286785,cohort2
O1Rm0Npcxhc,7160,78,18,2026-05-07 13:11:15.286785,cohort2
7P9VVuUgkmw,8105,221,0,2026-05-07 13:11:15.286785,cohort2
mteZU7yoafE,4517,7,0,2026-05-07 13:11:15.286785,cohort2
I2wYnsHQ0Xs,11982,322,0,2026-05-07 13:11:15.286785,cohort2
oNyPIpZFaak,26525,597,8,2026-05-07 13:11:15.286785,cohort2
aWkJ1mCj2cc,3387,37,0,2026-05-07 13:11:15.286785,cohort2
XJ8b6MerRdc,4745,162,35,2026-05-07 13:11:15.286785,cohort2
JDRAgIl-x70,6042,37,1,2026-05-07 13:11:15.286785,cohort2
TAeMYuwA8EE,26570,263,1,2026-05-07 13:11:15.286785,cohort2
zQTbUsLIu58,8068,29,0,2026-05-07 13:11:15.286785,cohort2
btJXWbbnJHQ,12931,19,0,2026-05-07 13:11:15.286785,cohort2
b6H12EIUmoU,3577,25,0,2026-05-07 13:11:15.286785,cohort2
kkSA8x_bWtU,12052,451,27,2026-05-07 13:11:15.286785,cohort2
YyNV_rDWt2E,29732,135,0,2026-05-07 13:11:15.286785,cohort2
03jvPpySFTk,1834,45,35,2026-05-07 13:11:15.286785,cohort2
lgnW9R4ZnJs,12852,269,8,2026-05-07 13:11:15.286785,cohort2
Cm3jOxBWfGk,8503,28,1,2026-05-07 13:11:15.286785,cohort2
dj4B_HQcsz0,19143,0,0,2026-05-07 13:11:15.286785,cohort2
xnjfMUU0ubc,2203,24,0,2026-05-07 13:11:15.286785,cohort2
ZzbdOPmfYYI,187965,9392,24,2026-05-07 13:11:15.286785,cohort2
ic2qcpuoBCs,7353,101,5,2026-05-07 13:11:15.286785,cohort2
vLQkW84t-OA,11513,38,0,2026-05-07 13:11:15.286785,cohort2
x7vQUhOiduA,3314,0,0,2026-05-07 13:11:15.286785,cohort2
i7JPPJZj9JI,10113,221,2,2026-05-07 13:11:15.286785,cohort2
kdYiDfHjENU,17871,122,0,2026-05-07 13:11:15.286785,cohort2
-TjsD7VQLYg,5975,0,6,2026-05-07 13:11:15.286785,cohort2
PNi3GBdkUcs,3734,48,1,2026-05-07 13:11:15.286785,cohort2
YBZ9d7_CmHQ,2668,7,0,2026-05-07 13:11:15.286785,cohort2
PJ1l1O8s9Rk,1735,50,0,2026-05-07 13:11:15.286785,cohort2
GjFwFfQGHVE,3476,15,0,2026-05-07 13:11:15.286785,cohort2
GkhDx9sHTkY,2956,27,0,2026-05-07 13:11:15.286785,cohort2
HdA-m8pxgUE,3221,0,1,2026-05-07 13:11:15.286785,cohort2
8iK0Wnbo4ss,24752,0,3,2026-05-07 13:11:15.286785,cohort2
vp8Dl8jLtpQ,31437,200,2,2026-05-07 13:11:15.286785,cohort2
KuWDY_q0cl4,27714,156,2,2026-05-07 13:11:15.286785,cohort2
JYLiA6eYotI,3556,16,0,2026-05-07 13:11:15.286785,cohort2
G1DI7TH3ORQ,7426,0,0,2026-05-07 13:11:15.286785,cohort2
GYtLVLAjkNI,4844,38,0,2026-05-07 13:11:15.286785,cohort2
z16TsgBLLuI,2728,11,0,2026-05-07 13:11:15.286785,cohort2
zkjcNg-K7aE,4551,8,0,2026-05-07 13:11:15.286785,cohort2
wG0JaQdQRR0,7681,39,0,2026-05-07 13:11:15.286785,cohort2
s8Vt0NbGg_s,4700,228,7,2026-05-07 13:11:15.286785,cohort2
d4gYEInVPdo,1649,14,0,2026-05-07 13:11:15.286785,cohort2
LMe1syOeDmg,3595,0,23,2026-05-07 13:11:15.286785,cohort2
wvlD8xtiTtU,1735,27,0,2026-05-07 13:11:15.286785,cohort2
ZElxIyXmlmA,7688,44,0,2026-05-07 13:11:15.286785,cohort2
XcB7ckJ2mfc,1170,38,3,2026-05-07 13:11:15.286785,cohort2
JPgAA56LnBI,5241,133,4,2026-05-07 13:11:15.286785,cohort2
lyFVARrR6YQ,1420,44,3,2026-05-07 13:11:15.286785,cohort2
JVEFIpEe7xs,86303,4334,55,2026-05-07 13:11:15.286785,cohort2
rhsqSBPGxAI,1231,22,0,2026-05-07 13:11:15.286785,cohort2
jLzcsR2Z88g,3082,61,2,2026-05-07 13:11:15.286785,cohort2
Rqxjw8UOioU,1159,34,7,2026-05-07 13:11:15.286785,cohort2
zXZhVRNrXTw,2396,62,0,2026-05-07 13:11:15.286785,cohort2
WYUtRxwErJc,2355,31,1,2026-05-07 13:11:15.286785,cohort2
dWrhPsuGAyM,20642,140,0,2026-05-07 13:11:15.286785,cohort2
5vVhyO64yy8,2810,22,3,2026-05-07 13:11:15.286785,cohort2
tKFhfEYdEQ4,1369,11,2,2026-05-07 13:11:15.286785,cohort2
_woibC1Uc4s,1154,26,3,2026-05-07 13:11:15.286785,cohort2
dtA1PDvWHWg,1196,28,0,2026-05-07 13:11:15.286785,cohort2
jIaFuaUQJj8,21417,1047,16,2026-05-07 13:11:15.286785,cohort2
uhaJClxKvBE,1444,23,0,2026-05-07 13:11:15.286785,cohort2
BzJDnSQ2N8s,1554,0,0,2026-05-07 13:11:15.286785,cohort2
js3MDn189WY,2411,39,0,2026-05-07 13:11:15.286785,cohort2
aZTg7Y1s3i4,3824,81,1,2026-05-07 13:11:15.286785,cohort2
w959JQyRWI0,9917,162,1,2026-05-07 13:11:15.286785,cohort2
SFwOEsdSG2A,1318,30,0,2026-05-07 13:11:15.286785,cohort2
d922sHgT8x4,4614,27,2,2026-05-07 13:11:15.286785,cohort2
noyibwhlMB0,1269,8,0,2026-05-07 13:11:15.286785,cohort2
zaSnfYBNq54,1514,25,0,2026-05-07 13:11:15.286785,cohort2
Nlk40c2coj0,884,32,2,2026-05-07 13:11:15.286785,cohort2
Dv0qYHpmbh8,8394,0,0,2026-05-07 13:11:15.286785,cohort2
Ptk-QwiDcgU,3779,49,1,2026-05-07 13:11:15.286785,cohort2
h54baYCq2aA,1506,21,2,2026-05-07 13:11:15.286785,cohort2
IPyxfkHAa4M,1686,20,0,2026-05-07 13:11:15.286785,cohort2
Br1nYlc0_Sw,1738,0,1,2026-05-07 13:11:15.286785,cohort2
_hYUAJKRaF8,756,6,0,2026-05-07 13:11:15.286785,cohort2
uFH5QQjqA9E,2087,34,0,2026-05-07 13:11:15.286785,cohort2
wRw8UgMP0j4,3449,0,4,2026-05-07 13:11:15.286785,cohort2
jkbhFGwtPug,1244,11,1,2026-05-07 13:11:15.286785,cohort2
hJv1s-a3sTw,1526,9,1,2026-05-07 13:11:15.286785,cohort2
uBm3mLxD_4s,2683,16,2,2026-05-07 13:11:15.286785,cohort2
UWPwKsit0Pc,13729,203,2,2026-05-07 13:11:15.286785,cohort2
F04vTZpR1RQ,2113,19,0,2026-05-07 13:11:15.286785,cohort2
fljjVxeIGBQ,1667,35,10,2026-05-07 13:11:15.286785,cohort2
GY3QqbsE6_E,1237,25,0,2026-05-07 13:11:15.286785,cohort2
709_w_fP4MI,2171,0,1,2026-05-07 13:11:15.286785,cohort2
6IvaMcKEFZ4,1994,0,0,2026-05-07 13:11:15.286785,cohort2
AY6gZbW7fNg,5112,18,0,2026-05-07 13:11:15.286785,cohort2
cMb_3R5RNpM,1722,12,0,2026-05-07 13:11:15.286785,cohort2
B335dKT404w,1705,13,0,2026-05-07 13:11:15.286785,cohort2
3eFMDNMsCas,3297,105,4,2026-05-07 13:11:15.286785,cohort2
IusZLMlE_-E,10614,145,7,2026-05-07 13:11:15.286785,cohort2
d9STPKfyKvw,6567,10,2,2026-05-07 13:11:15.286785,cohort2
LRfmdgbTeTg,7780,66,15,2026-05-07 13:11:15.286785,cohort2
79Y8qRw3wOw,1053,9,0,2026-05-07 13:11:15.286785,cohort2
9p0-60NCK1E,1522,26,0,2026-05-07 13:11:15.286785,cohort2
ky8i3fchNjY,1016,44,3,2026-05-07 13:11:15.286785,cohort2
nDpF4DLdsCw,3549,151,23,2026-05-07 13:11:15.286785,cohort2
8HGev-iN1ok,3598,0,4,2026-05-07 13:11:15.286785,cohort2
UHZACPm3jwE,1492,27,0,2026-05-07 13:11:15.286785,cohort2
4wpyQLSBNP0,1281,12,0,2026-05-07 13:11:15.286785,cohort2
96JomE0jqDc,3727,23,1,2026-05-07 13:11:15.286785,cohort2
Tsxwx7AYUoA,4529,87,0,2026-05-07 13:11:15.286785,cohort2
X-vUrqQSO_o,910,14,0,2026-05-07 13:11:15.286785,cohort2
0UrXg_Rz_a0,755,33,0,2026-05-07 13:11:15.286785,cohort2
r5PvHf3pOM0,2129,8,0,2026-05-07 13:11:15.286785,cohort2
jDBrgXKGSkc,1594,12,0,2026-05-07 13:11:15.286785,cohort2
b6yNHBPmflE,1752,10,0,2026-05-07 13:11:15.286785,cohort2
hn_2QvmwX8k,966,48,0,2026-05-07 13:11:15.286785,cohort2
PLiteqfznuU,1203,3,1,2026-05-07 13:11:15.286785,cohort2
ULT9GpdvlTo,7472,23,0,2026-05-07 13:11:15.286785,cohort2
DAJ7pVTcG3o,2170,15,0,2026-05-07 13:11:15.286785,cohort2
zmFbVma5gis,1094,32,2,2026-05-07 13:11:15.286785,cohort2
eax9iT4FyqI,834,5,0,2026-05-07 13:11:15.286785,cohort2
0whpKuKm2j0,2416,30,19,2026-05-07 13:11:15.286785,cohort2
q6SDQcqdiRc,1101,37,0,2026-05-07 13:11:15.286785,cohort2
saYo7NymFEM,1248,4,3,2026-05-07 13:11:15.286785,cohort2
ekNk1J1mvNA,9535,239,4,2026-05-07 13:11:15.286785,cohort2
PFgDUxXW13o,2359,83,2,2026-05-07 13:11:15.286785,cohort2
DEBOR0fU3wk,693,8,1,2026-05-07 13:11:15.286785,cohort2
h2J5qCMqoDQ,1155,9,0,2026-05-07 13:11:15.286785,cohort2
9sDO26vcgHA,9528,582,4,2026-05-07 13:11:15.286785,cohort2
P5gnG3RSnxg,1236,31,0,2026-05-07 13:11:15.286785,cohort2
1b_vbZjeflg,1606,30,0,2026-05-07 13:11:15.286785,cohort2
7NfP8a2mh04,3053,6,0,2026-05-07 13:11:15.286785,cohort2
WG93JdMIC20,1352,11,1,2026-05-07 13:11:15.286785,cohort2
_d6P-_ncL7w,612,12,1,2026-05-07 13:11:15.286785,cohort2
hcSEYzYuPA8,2922,7,0,2026-05-07 13:11:15.286785,cohort2
I2kw1nSu3fc,986,19,1,2026-05-07 13:11:15.286785,cohort2
PYPSQfBL4Fc,1389,7,0,2026-05-07 13:11:15.286785,cohort2
NQ0DPM5zf5M,1640,13,0,2026-05-07 13:11:15.286785,cohort2
h6_Ai6urk5I,677,17,0,2026-05-07 13:11:15.286785,cohort2
aXZ4n21QM5M,1246,55,16,2026-05-07 13:11:15.286785,cohort2
WE0BMrTjCbQ,5619,43,0,2026-05-07 13:11:15.286785,cohort2
exYOPLvW-II,1061,20,8,2026-05-07 13:11:15.286785,cohort2
dMtGQ2EfaS4,1131,20,3,2026-05-07 13:11:15.286785,cohort2
BoVryGyxefU,1352,21,3,2026-05-07 13:11:15.286785,cohort2
RlklbNyKIcU,2834,0,0,2026-05-07 13:11:15.286785,cohort2
tuyV7-6rWO8,677,8,0,2026-05-07 13:11:15.286785,cohort2
D8Mu8ZPDPww,1601,15,0,2026-05-07 13:11:15.286785,cohort2
iwuv_Jf-Bks,740,40,6,2026-05-07 13:11:15.286785,cohort2
ZQh7s45Yt2o,2219,199,0,2026-05-07 13:11:15.286785,cohort2
3YKQ2lUo8A0,1151,51,0,2026-05-07 13:11:15.286785,cohort2
nMqoyOvyuXc,904,22,0,2026-05-07 13:11:15.286785,cohort2
z8ZDpw9mhUk,2103,29,2,2026-05-07 13:11:15.286785,cohort2
OXHWRsQMzrY,1233,15,0,2026-05-07 13:11:15.286785,cohort2
w8znJO6mWXc,835829,3855,8,2026-05-07 17:03:33.167225,cohort2
7YLMkOfd7F0,101831,492,4,2026-05-07 17:03:33.167225,cohort2
11cHbsqnFos,230467,809,7,2026-05-07 17:03:33.167225,cohort2
SqpDw2nNBm0,47576,1324,3,2026-05-07 17:03:33.167225,cohort2
m75AZ0rapz8,128751,3764,90,2026-05-07 17:03:33.167225,cohort2
9OHJuaecqkc,306519,5003,81,2026-05-07 17:03:33.167225,cohort2
kwLUVYZALDs,100533,508,0,2026-05-07 17:03:33.167225,cohort2
nGmwS0r_MrI,71642,136,3,2026-05-07 17:03:33.167225,cohort2
QyyKZYnD7pw,87715,2767,35,2026-05-07 17:03:33.167225,cohort2
Kp3gEkzeNNg,157387,4478,190,2026-05-07 17:03:33.167225,cohort2
DZEfFdbb1SE,16418,797,20,2026-05-07 17:03:33.167225,cohort2
5qsrCRPpxbk,47945,135,71,2026-05-07 17:03:33.167225,cohort2
mt29cU4uI-g,97144,2515,16,2026-05-07 17:03:33.167225,cohort2
fh7vCfaVwno,172994,8961,114,2026-05-07 17:03:33.167225,cohort2
gqK8TggkzfI,32892,42,3,2026-05-07 17:03:33.167225,cohort2
gv9ztxapyL0,84756,73,11,2026-05-07 17:03:33.167225,cohort2
62WigB3G_Pk,57003,31,1,2026-05-07 17:03:33.167225,cohort2
m9UnGE7ykOY,33536,2094,28,2026-05-07 17:03:33.167225,cohort2
XdSG7DA6EOg,26166,70,0,2026-05-07 17:03:33.167225,cohort2
0R28PVc8qh0,90459,5423,277,2026-05-07 17:03:33.167225,cohort2
PfkNba1O6ec,17621,82,0,2026-05-07 17:03:33.167225,cohort2
5JKuVN3L7mc,18766,31,4,2026-05-07 17:03:33.167225,cohort2
8jwQIV2UwbM,18455,44,0,2026-05-07 17:03:33.167225,cohort2
BczMFhe-MLM,39225,1462,56,2026-05-07 17:03:33.167225,cohort2
2tp29gpaRWU,89321,324,0,2026-05-07 17:03:33.167225,cohort2
TAlkqlnakh0,20298,52,1,2026-05-07 17:03:33.167225,cohort2
3f6ZNPbl5jk,19091,239,2,2026-05-07 17:03:33.167225,cohort2
OZH7YBNTz4M,16053,0,2,2026-05-07 17:03:33.167225,cohort2
ZysGncmQPeU,13889,21,6,2026-05-07 17:03:33.167225,cohort2
vDXsOkdFqDk,11242,61,2,2026-05-07 17:03:33.167225,cohort2
T9uMCRuDc_k,10443,62,1,2026-05-07 17:03:33.167225,cohort2
9m8pt3EBtc0,22715,9,4,2026-05-07 17:03:33.167225,cohort2
9DAO0ESJKcc,12322,143,7,2026-05-07 17:03:33.167225,cohort2
sEpUpn00RbY,49408,133,0,2026-05-07 17:03:33.167225,cohort2
CL-33_0cc6k,18445,208,3,2026-05-07 17:03:33.167225,cohort2
9-0rCG2UuDA,9740,22,0,2026-05-07 17:03:33.167225,cohort2
9Wj5am9s5U8,18792,276,4,2026-05-07 17:03:33.167225,cohort2
KptiqNWaoxc,5619,68,5,2026-05-07 17:03:33.167225,cohort2
5nkyl-TlJhg,9499,274,2,2026-05-07 17:03:33.167225,cohort2
3DhM40l_UT8,5860,48,5,2026-05-07 17:03:33.167225,cohort2
g3nC6ah4Jeo,411801,3860,9,2026-05-07 17:03:33.167225,cohort2
HZHchMlBFxk,68309,7432,79,2026-05-07 17:03:33.167225,cohort2
WsERYs4K_eI,15245,553,22,2026-05-07 17:03:33.167225,cohort2
czoj2EZaK50,9631,1505,17,2026-05-07 17:03:33.167225,cohort2
aZHON20BuD0,16651,347,2,2026-05-07 17:03:33.167225,cohort2
RKm1-7OCVPw,12855,48,1,2026-05-07 17:03:33.167225,cohort2
OazBqSpCEoA,146078,1013,2,2026-05-07 17:03:33.167225,cohort2
iHQ-auaYxqw,10730,77,0,2026-05-07 17:03:33.167225,cohort2
0P8jQM_RSbg,5840,95,5,2026-05-07 17:03:33.167225,cohort2
O1Rm0Npcxhc,9478,111,22,2026-05-07 17:03:33.167225,cohort2
7P9VVuUgkmw,9192,246,0,2026-05-07 17:03:33.167225,cohort2
mteZU7yoafE,4608,8,0,2026-05-07 17:03:33.167225,cohort2
I2wYnsHQ0Xs,13738,376,0,2026-05-07 17:03:33.167225,cohort2
oNyPIpZFaak,40133,755,9,2026-05-07 17:03:33.167225,cohort2
aWkJ1mCj2cc,4706,112,0,2026-05-07 17:03:33.167225,cohort2
XJ8b6MerRdc,5384,189,37,2026-05-07 17:03:33.167225,cohort2
JDRAgIl-x70,8662,59,1,2026-05-07 17:03:33.167225,cohort2
TAeMYuwA8EE,29232,264,1,2026-05-07 17:03:33.167225,cohort2
zQTbUsLIu58,9148,29,0,2026-05-07 17:03:33.167225,cohort2
btJXWbbnJHQ,17281,25,0,2026-05-07 17:03:33.167225,cohort2
b6H12EIUmoU,3781,27,0,2026-05-07 17:03:33.167225,cohort2
kkSA8x_bWtU,14625,517,31,2026-05-07 17:03:33.167225,cohort2
YyNV_rDWt2E,33105,156,0,2026-05-07 17:03:33.167225,cohort2
03jvPpySFTk,1950,48,39,2026-05-07 17:03:33.167225,cohort2
lgnW9R4ZnJs,14076,289,10,2026-05-07 17:03:33.167225,cohort2
Cm3jOxBWfGk,9323,46,1,2026-05-07 17:03:33.167225,cohort2
dj4B_HQcsz0,21365,0,0,2026-05-07 17:03:33.167225,cohort2
xnjfMUU0ubc,3086,46,0,2026-05-07 17:03:33.167225,cohort2
ZzbdOPmfYYI,251991,12007,28,2026-05-07 17:03:33.167225,cohort2
ic2qcpuoBCs,8171,104,5,2026-05-07 17:03:33.167225,cohort2
vLQkW84t-OA,12246,38,0,2026-05-07 17:03:33.167225,cohort2
x7vQUhOiduA,5384,0,0,2026-05-07 17:03:33.167225,cohort2
i7JPPJZj9JI,10973,232,2,2026-05-07 17:03:33.167225,cohort2
kdYiDfHjENU,19974,149,0,2026-05-07 17:03:33.167225,cohort2
-TjsD7VQLYg,6431,0,6,2026-05-07 17:03:33.167225,cohort2
PNi3GBdkUcs,5737,65,1,2026-05-07 17:03:33.167225,cohort2
YBZ9d7_CmHQ,3692,11,0,2026-05-07 17:03:33.167225,cohort2
PJ1l1O8s9Rk,1814,54,0,2026-05-07 17:03:33.167225,cohort2
GjFwFfQGHVE,3722,16,0,2026-05-07 17:03:33.167225,cohort2
GkhDx9sHTkY,2951,27,0,2026-05-07 17:03:33.167225,cohort2
HdA-m8pxgUE,3718,0,1,2026-05-07 17:03:33.167225,cohort2
8iK0Wnbo4ss,26392,0,3,2026-05-07 17:03:33.167225,cohort2
vp8Dl8jLtpQ,31647,200,2,2026-05-07 17:03:33.167225,cohort2
KuWDY_q0cl4,28450,158,2,2026-05-07 17:03:33.167225,cohort2
JYLiA6eYotI,3735,16,0,2026-05-07 17:03:33.167225,cohort2
G1DI7TH3ORQ,10485,0,0,2026-05-07 17:03:33.167225,cohort2
GYtLVLAjkNI,8285,67,0,2026-05-07 17:03:33.167225,cohort2
z16TsgBLLuI,2827,11,0,2026-05-07 17:03:33.167225,cohort2
zkjcNg-K7aE,4569,9,0,2026-05-07 17:03:33.167225,cohort2
wG0JaQdQRR0,8686,41,0,2026-05-07 17:03:33.167225,cohort2
s8Vt0NbGg_s,6648,298,8,2026-05-07 17:03:33.167225,cohort2
d4gYEInVPdo,1649,14,0,2026-05-07 17:03:33.167225,cohort2
LMe1syOeDmg,4156,0,23,2026-05-07 17:03:33.167225,cohort2
wvlD8xtiTtU,1749,27,0,2026-05-07 17:03:33.167225,cohort2
ZElxIyXmlmA,10044,50,0,2026-05-07 17:03:33.167225,cohort2
XcB7ckJ2mfc,1177,38,3,2026-05-07 17:03:33.167225,cohort2
JPgAA56LnBI,6704,155,4,2026-05-07 17:03:33.167225,cohort2
lyFVARrR6YQ,1502,54,5,2026-05-07 17:03:33.167225,cohort2
JVEFIpEe7xs,117866,5774,61,2026-05-07 17:03:33.167225,cohort2
rhsqSBPGxAI,1231,22,0,2026-05-07 17:03:33.167225,cohort2
jLzcsR2Z88g,4232,84,2,2026-05-07 17:03:33.167225,cohort2
Rqxjw8UOioU,1156,34,7,2026-05-07 17:03:33.167225,cohort2
zXZhVRNrXTw,3688,91,1,2026-05-07 17:03:33.167225,cohort2
WYUtRxwErJc,2741,35,1,2026-05-07 17:03:33.167225,cohort2
dWrhPsuGAyM,24268,141,0,2026-05-07 17:03:33.167225,cohort2
5vVhyO64yy8,3620,23,4,2026-05-07 17:03:33.167225,cohort2
tKFhfEYdEQ4,1464,11,2,2026-05-07 17:03:33.167225,cohort2
_woibC1Uc4s,1222,26,3,2026-05-07 17:03:33.167225,cohort2
dtA1PDvWHWg,1344,34,0,2026-05-07 17:03:33.167225,cohort2
jIaFuaUQJj8,27658,1582,18,2026-05-07 17:03:33.167225,cohort2
uhaJClxKvBE,1491,23,0,2026-05-07 17:03:33.167225,cohort2
BzJDnSQ2N8s,1557,0,0,2026-05-07 17:03:33.167225,cohort2
js3MDn189WY,2596,0,0,2026-05-07 17:03:33.167225,cohort2
aZTg7Y1s3i4,3907,81,1,2026-05-07 17:03:33.167225,cohort2
w959JQyRWI0,13989,243,1,2026-05-07 17:03:33.167225,cohort2
SFwOEsdSG2A,1365,31,0,2026-05-07 17:03:33.167225,cohort2
d922sHgT8x4,4630,28,2,2026-05-07 17:03:33.167225,cohort2
noyibwhlMB0,1277,8,0,2026-05-07 17:03:33.167225,cohort2
zaSnfYBNq54,1550,25,0,2026-05-07 17:03:33.167225,cohort2
Nlk40c2coj0,895,36,2,2026-05-07 17:03:33.167225,cohort2
Dv0qYHpmbh8,12770,0,0,2026-05-07 17:03:33.167225,cohort2
Ptk-QwiDcgU,4268,49,1,2026-05-07 17:03:33.167225,cohort2
h54baYCq2aA,1506,22,2,2026-05-07 17:03:33.167225,cohort2
IPyxfkHAa4M,1686,20,0,2026-05-07 17:03:33.167225,cohort2
Br1nYlc0_Sw,1742,0,1,2026-05-07 17:03:33.167225,cohort2
_hYUAJKRaF8,754,6,0,2026-05-07 17:03:33.167225,cohort2
uFH5QQjqA9E,2328,45,0,2026-05-07 17:03:33.167225,cohort2
wRw8UgMP0j4,7179,0,6,2026-05-07 17:03:33.167225,cohort2
jkbhFGwtPug,1250,11,1,2026-05-07 17:03:33.167225,cohort2
hJv1s-a3sTw,1525,9,1,2026-05-07 17:03:33.167225,cohort2
uBm3mLxD_4s,2894,16,2,2026-05-07 17:03:33.167225,cohort2
UWPwKsit0Pc,29228,210,2,2026-05-07 17:03:33.167225,cohort2
F04vTZpR1RQ,2723,24,0,2026-05-07 17:03:33.167225,cohort2
fljjVxeIGBQ,1705,42,10,2026-05-07 17:03:33.167225,cohort2
GY3QqbsE6_E,1237,26,0,2026-05-07 17:03:33.167225,cohort2
709_w_fP4MI,2254,0,1,2026-05-07 17:03:33.167225,cohort2
6IvaMcKEFZ4,2107,0,0,2026-05-07 17:03:33.167225,cohort2
AY6gZbW7fNg,5403,21,0,2026-05-07 17:03:33.167225,cohort2
cMb_3R5RNpM,1729,12,0,2026-05-07 17:03:33.167225,cohort2
B335dKT404w,1715,13,0,2026-05-07 17:03:33.167225,cohort2
3eFMDNMsCas,3776,137,5,2026-05-07 17:03:33.167225,cohort2
IusZLMlE_-E,14138,177,10,2026-05-07 17:03:33.167225,cohort2
d9STPKfyKvw,6958,10,2,2026-05-07 17:03:33.167225,cohort2
LRfmdgbTeTg,9641,86,20,2026-05-07 17:03:33.167225,cohort2
79Y8qRw3wOw,1055,9,0,2026-05-07 17:03:33.167225,cohort2
9p0-60NCK1E,1521,26,0,2026-05-07 17:03:33.167225,cohort2
ky8i3fchNjY,1025,44,3,2026-05-07 17:03:33.167225,cohort2
nDpF4DLdsCw,6483,358,39,2026-05-07 17:03:33.167225,cohort2
8HGev-iN1ok,3953,0,6,2026-05-07 17:03:33.167225,cohort2
UHZACPm3jwE,1629,33,0,2026-05-07 17:03:33.167225,cohort2
4wpyQLSBNP0,1289,12,0,2026-05-07 17:03:33.167225,cohort2
96JomE0jqDc,3728,23,1,2026-05-07 17:03:33.167225,cohort2
Tsxwx7AYUoA,4877,110,0,2026-05-07 17:03:33.167225,cohort2
X-vUrqQSO_o,948,16,0,2026-05-07 17:03:33.167225,cohort2
0UrXg_Rz_a0,770,34,0,2026-05-07 17:03:33.167225,cohort2
r5PvHf3pOM0,2489,13,0,2026-05-07 17:03:33.167225,cohort2
jDBrgXKGSkc,1915,15,0,2026-05-07 17:03:33.167225,cohort2
b6yNHBPmflE,1752,10,0,2026-05-07 17:03:33.167225,cohort2
hn_2QvmwX8k,1073,58,0,2026-05-07 17:03:33.167225,cohort2
PLiteqfznuU,1338,3,1,2026-05-07 17:03:33.167225,cohort2
ULT9GpdvlTo,9261,27,0,2026-05-07 17:03:33.167225,cohort2
DAJ7pVTcG3o,2691,20,0,2026-05-07 17:03:33.167225,cohort2
zmFbVma5gis,1364,38,2,2026-05-07 17:03:33.167225,cohort2
eax9iT4FyqI,857,7,0,2026-05-07 17:03:33.167225,cohort2
0whpKuKm2j0,2765,34,22,2026-05-07 17:03:33.167225,cohort2
q6SDQcqdiRc,1130,37,0,2026-05-07 17:03:33.167225,cohort2
saYo7NymFEM,1256,4,3,2026-05-07 17:03:33.167225,cohort2
ekNk1J1mvNA,11095,277,4,2026-05-07 17:03:33.167225,cohort2
PFgDUxXW13o,2665,87,2,2026-05-07 17:03:33.167225,cohort2
DEBOR0fU3wk,692,8,1,2026-05-07 17:03:33.167225,cohort2
h2J5qCMqoDQ,1173,9,0,2026-05-07 17:03:33.167225,cohort2
9sDO26vcgHA,11311,702,5,2026-05-07 17:03:33.167225,cohort2
P5gnG3RSnxg,1500,65,0,2026-05-07 17:03:33.167225,cohort2
1b_vbZjeflg,1946,38,1,2026-05-07 17:03:33.167225,cohort2
7NfP8a2mh04,3266,8,0,2026-05-07 17:03:33.167225,cohort2
WG93JdMIC20,1433,13,1,2026-05-07 17:03:33.167225,cohort2
_d6P-_ncL7w,622,12,1,2026-05-07 17:03:33.167225,cohort2
hcSEYzYuPA8,3617,10,0,2026-05-07 17:03:33.167225,cohort2
I2kw1nSu3fc,1035,19,1,2026-05-07 17:03:33.167225,cohort2
PYPSQfBL4Fc,1390,7,0,2026-05-07 17:03:33.167225,cohort2
NQ0DPM5zf5M,1653,13,0,2026-05-07 17:03:33.167225,cohort2
h6_Ai6urk5I,791,20,0,2026-05-07 17:03:33.167225,cohort2
aXZ4n21QM5M,1310,64,18,2026-05-07 17:03:33.167225,cohort2
WE0BMrTjCbQ,9718,50,0,2026-05-07 17:03:33.167225,cohort2
exYOPLvW-II,1138,23,9,2026-05-07 17:03:33.167225,cohort2
dMtGQ2EfaS4,1160,24,3,2026-05-07 17:03:33.167225,cohort2
BoVryGyxefU,1646,28,3,2026-05-07 17:03:33.167225,cohort2
RlklbNyKIcU,3849,0,0,2026-05-07 17:03:33.167225,cohort2
tuyV7-6rWO8,691,8,0,2026-05-07 17:03:33.167225,cohort2
D8Mu8ZPDPww,1610,17,0,2026-05-07 17:03:33.167225,cohort2
iwuv_Jf-Bks,740,40,6,2026-05-07 17:03:33.167225,cohort2
ZQh7s45Yt2o,3354,322,0,2026-05-07 17:03:33.167225,cohort2
3YKQ2lUo8A0,1255,56,0,2026-05-07 17:03:33.167225,cohort2
nMqoyOvyuXc,1430,28,0,2026-05-07 17:03:33.167225,cohort2
z8ZDpw9mhUk,2479,30,2,2026-05-07 17:03:33.167225,cohort2
OXHWRsQMzrY,1235,15,0,2026-05-07 17:03:33.167225,cohort2
w8znJO6mWXc,849863,3860,8,2026-05-07 18:55:49.262683,cohort2
7YLMkOfd7F0,102457,492,4,2026-05-07 18:55:49.262683,cohort2
11cHbsqnFos,240422,824,7,2026-05-07 18:55:49.262683,cohort2
SqpDw2nNBm0,47886,1327,3,2026-05-07 18:55:49.262683,cohort2
m75AZ0rapz8,142624,4054,98,2026-05-07 18:55:49.262683,cohort2
9OHJuaecqkc,420732,5311,86,2026-05-07 18:55:49.262683,cohort2
kwLUVYZALDs,109109,521,0,2026-05-07 18:55:49.262683,cohort2
nGmwS0r_MrI,74018,138,3,2026-05-07 18:55:49.262683,cohort2
QyyKZYnD7pw,95020,2883,38,2026-05-07 18:55:49.262683,cohort2
Kp3gEkzeNNg,165964,4738,197,2026-05-07 18:55:49.262683,cohort2
DZEfFdbb1SE,17127,818,21,2026-05-07 18:55:49.262683,cohort2
5qsrCRPpxbk,50510,149,72,2026-05-07 18:55:49.262683,cohort2
mt29cU4uI-g,104082,2764,17,2026-05-07 18:55:49.262683,cohort2
fh7vCfaVwno,185957,9218,115,2026-05-07 18:55:49.262683,cohort2
gqK8TggkzfI,33276,42,4,2026-05-07 18:55:49.262683,cohort2
gv9ztxapyL0,91088,75,12,2026-05-07 18:55:49.262683,cohort2
62WigB3G_Pk,58004,31,1,2026-05-07 18:55:49.262683,cohort2
m9UnGE7ykOY,34864,2194,28,2026-05-07 18:55:49.262683,cohort2
XdSG7DA6EOg,26825,73,0,2026-05-07 18:55:49.262683,cohort2
0R28PVc8qh0,94281,5584,286,2026-05-07 18:55:49.262683,cohort2
PfkNba1O6ec,17781,82,0,2026-05-07 18:55:49.262683,cohort2
5JKuVN3L7mc,18787,31,4,2026-05-07 18:55:49.262683,cohort2
8jwQIV2UwbM,18640,45,0,2026-05-07 18:55:49.262683,cohort2
BczMFhe-MLM,42805,1648,60,2026-05-07 18:55:49.262683,cohort2
2tp29gpaRWU,95117,328,0,2026-05-07 18:55:49.262683,cohort2
TAlkqlnakh0,20415,52,1,2026-05-07 18:55:49.262683,cohort2
3f6ZNPbl5jk,21450,247,2,2026-05-07 18:55:49.262683,cohort2
OZH7YBNTz4M,16053,0,2,2026-05-07 18:55:49.262683,cohort2
ZysGncmQPeU,13889,21,6,2026-05-07 18:55:49.262683,cohort2
vDXsOkdFqDk,11925,61,2,2026-05-07 18:55:49.262683,cohort2
T9uMCRuDc_k,10732,66,1,2026-05-07 18:55:49.262683,cohort2
9m8pt3EBtc0,22835,9,4,2026-05-07 18:55:49.262683,cohort2
9DAO0ESJKcc,12865,146,7,2026-05-07 18:55:49.262683,cohort2
sEpUpn00RbY,49747,135,0,2026-05-07 18:55:49.262683,cohort2
CL-33_0cc6k,19696,222,3,2026-05-07 18:55:49.262683,cohort2
9-0rCG2UuDA,10008,24,0,2026-05-07 18:55:49.262683,cohort2
9Wj5am9s5U8,19431,285,4,2026-05-07 18:55:49.262683,cohort2
KptiqNWaoxc,5856,69,5,2026-05-07 18:55:49.262683,cohort2
5nkyl-TlJhg,10047,278,2,2026-05-07 18:55:49.262683,cohort2
3DhM40l_UT8,6336,54,5,2026-05-07 18:55:49.262683,cohort2
g3nC6ah4Jeo,452992,4135,9,2026-05-07 18:55:49.262683,cohort2
HZHchMlBFxk,71461,7751,82,2026-05-07 18:55:49.262683,cohort2
WsERYs4K_eI,16252,567,22,2026-05-07 18:55:49.262683,cohort2
czoj2EZaK50,11494,1628,18,2026-05-07 18:55:49.262683,cohort2
aZHON20BuD0,17138,352,2,2026-05-07 18:55:49.262683,cohort2
RKm1-7OCVPw,13043,48,1,2026-05-07 18:55:49.262683,cohort2
OazBqSpCEoA,174587,1137,3,2026-05-07 18:55:49.262683,cohort2
iHQ-auaYxqw,11037,79,0,2026-05-07 18:55:49.262683,cohort2
0P8jQM_RSbg,6339,107,5,2026-05-07 18:55:49.262683,cohort2
O1Rm0Npcxhc,10680,128,23,2026-05-07 18:55:49.262683,cohort2
7P9VVuUgkmw,9763,262,0,2026-05-07 18:55:49.262683,cohort2
mteZU7yoafE,4629,8,0,2026-05-07 18:55:49.262683,cohort2
I2wYnsHQ0Xs,14614,399,1,2026-05-07 18:55:49.262683,cohort2
oNyPIpZFaak,46701,774,10,2026-05-07 18:55:49.262683,cohort2
aWkJ1mCj2cc,5871,163,0,2026-05-07 18:55:49.262683,cohort2
XJ8b6MerRdc,5594,201,49,2026-05-07 18:55:49.262683,cohort2
JDRAgIl-x70,11326,77,1,2026-05-07 18:55:49.262683,cohort2
TAeMYuwA8EE,29232,264,1,2026-05-07 18:55:49.262683,cohort2
zQTbUsLIu58,9405,29,0,2026-05-07 18:55:49.262683,cohort2
btJXWbbnJHQ,18838,26,0,2026-05-07 18:55:49.262683,cohort2
b6H12EIUmoU,3781,27,0,2026-05-07 18:55:49.262683,cohort2
kkSA8x_bWtU,15859,568,34,2026-05-07 18:55:49.262683,cohort2
YyNV_rDWt2E,34054,156,0,2026-05-07 18:55:49.262683,cohort2
03jvPpySFTk,1997,49,39,2026-05-07 18:55:49.262683,cohort2
lgnW9R4ZnJs,14412,294,10,2026-05-07 18:55:49.262683,cohort2
Cm3jOxBWfGk,11135,71,2,2026-05-07 18:55:49.262683,cohort2
dj4B_HQcsz0,25565,0,0,2026-05-07 18:55:49.262683,cohort2
xnjfMUU0ubc,3854,58,0,2026-05-07 18:55:49.262683,cohort2
ZzbdOPmfYYI,284667,13232,29,2026-05-07 18:55:49.262683,cohort2
ic2qcpuoBCs,8205,103,5,2026-05-07 18:55:49.262683,cohort2
vLQkW84t-OA,12254,38,0,2026-05-07 18:55:49.262683,cohort2
x7vQUhOiduA,6438,0,0,2026-05-07 18:55:49.262683,cohort2
i7JPPJZj9JI,11261,235,2,2026-05-07 18:55:49.262683,cohort2
kdYiDfHjENU,22185,155,0,2026-05-07 18:55:49.262683,cohort2
-TjsD7VQLYg,6787,0,6,2026-05-07 18:55:49.262683,cohort2
PNi3GBdkUcs,6415,72,2,2026-05-07 18:55:49.262683,cohort2
YBZ9d7_CmHQ,4076,11,0,2026-05-07 18:55:49.262683,cohort2
PJ1l1O8s9Rk,1914,57,0,2026-05-07 18:55:49.262683,cohort2
GjFwFfQGHVE,3823,16,0,2026-05-07 18:55:49.262683,cohort2
GkhDx9sHTkY,2951,27,0,2026-05-07 18:55:49.262683,cohort2
HdA-m8pxgUE,3885,0,1,2026-05-07 18:55:49.262683,cohort2
8iK0Wnbo4ss,27296,0,3,2026-05-07 18:55:49.262683,cohort2
vp8Dl8jLtpQ,31705,200,2,2026-05-07 18:55:49.262683,cohort2
KuWDY_q0cl4,28737,160,2,2026-05-07 18:55:49.262683,cohort2
JYLiA6eYotI,3735,16,0,2026-05-07 18:55:49.262683,cohort2
G1DI7TH3ORQ,15175,270,0,2026-05-07 18:55:49.262683,cohort2
GYtLVLAjkNI,11242,90,0,2026-05-07 18:55:49.262683,cohort2
z16TsgBLLuI,2914,12,0,2026-05-07 18:55:49.262683,cohort2
zkjcNg-K7aE,4576,9,0,2026-05-07 18:55:49.262683,cohort2
wG0JaQdQRR0,9128,42,0,2026-05-07 18:55:49.262683,cohort2
s8Vt0NbGg_s,7391,337,10,2026-05-07 18:55:49.262683,cohort2
d4gYEInVPdo,1649,14,0,2026-05-07 18:55:49.262683,cohort2
LMe1syOeDmg,4279,0,23,2026-05-07 18:55:49.262683,cohort2
wvlD8xtiTtU,1747,27,0,2026-05-07 18:55:49.262683,cohort2
ZElxIyXmlmA,10869,50,0,2026-05-07 18:55:49.262683,cohort2
XcB7ckJ2mfc,1189,38,3,2026-05-07 18:55:49.262683,cohort2
JPgAA56LnBI,7358,171,4,2026-05-07 18:55:49.262683,cohort2
lyFVARrR6YQ,1557,60,5,2026-05-07 18:55:49.262683,cohort2
JVEFIpEe7xs,143070,6356,62,2026-05-07 18:55:49.262683,cohort2
rhsqSBPGxAI,1232,22,0,2026-05-07 18:55:49.262683,cohort2
jLzcsR2Z88g,4778,95,2,2026-05-07 18:55:49.262683,cohort2
Rqxjw8UOioU,1156,34,7,2026-05-07 18:55:49.262683,cohort2
zXZhVRNrXTw,4480,110,1,2026-05-07 18:55:49.262683,cohort2
WYUtRxwErJc,2917,38,1,2026-05-07 18:55:49.262683,cohort2
dWrhPsuGAyM,24268,141,0,2026-05-07 18:55:49.262683,cohort2
5vVhyO64yy8,4227,24,4,2026-05-07 18:55:49.262683,cohort2
tKFhfEYdEQ4,1511,11,2,2026-05-07 18:55:49.262683,cohort2
_woibC1Uc4s,1246,28,3,2026-05-07 18:55:49.262683,cohort2
dtA1PDvWHWg,1445,34,0,2026-05-07 18:55:49.262683,cohort2
jIaFuaUQJj8,34880,1700,21,2026-05-07 18:55:49.262683,cohort2
uhaJClxKvBE,1505,23,0,2026-05-07 18:55:49.262683,cohort2
BzJDnSQ2N8s,1557,0,0,2026-05-07 18:55:49.262683,cohort2
js3MDn189WY,2681,0,0,2026-05-07 18:55:49.262683,cohort2
aZTg7Y1s3i4,3931,83,1,2026-05-07 18:55:49.262683,cohort2
w959JQyRWI0,17116,259,1,2026-05-07 18:55:49.262683,cohort2
SFwOEsdSG2A,1391,31,0,2026-05-07 18:55:49.262683,cohort2
d922sHgT8x4,4653,30,2,2026-05-07 18:55:49.262683,cohort2
noyibwhlMB0,1277,8,0,2026-05-07 18:55:49.262683,cohort2
zaSnfYBNq54,1550,25,0,2026-05-07 18:55:49.262683,cohort2
Nlk40c2coj0,895,36,2,2026-05-07 18:55:49.262683,cohort2
Dv0qYHpmbh8,13463,0,0,2026-05-07 18:55:49.262683,cohort2
Ptk-QwiDcgU,4388,49,1,2026-05-07 18:55:49.262683,cohort2
h54baYCq2aA,1508,22,2,2026-05-07 18:55:49.262683,cohort2
IPyxfkHAa4M,1686,20,0,2026-05-07 18:55:49.262683,cohort2
Br1nYlc0_Sw,1752,0,1,2026-05-07 18:55:49.262683,cohort2
_hYUAJKRaF8,754,6,0,2026-05-07 18:55:49.262683,cohort2
uFH5QQjqA9E,2350,46,0,2026-05-07 18:55:49.262683,cohort2
wRw8UgMP0j4,10519,0,6,2026-05-07 18:55:49.262683,cohort2
jkbhFGwtPug,1259,11,1,2026-05-07 18:55:49.262683,cohort2
hJv1s-a3sTw,1525,9,1,2026-05-07 18:55:49.262683,cohort2
uBm3mLxD_4s,2908,16,2,2026-05-07 18:55:49.262683,cohort2
UWPwKsit0Pc,29286,213,2,2026-05-07 18:55:49.262683,cohort2
F04vTZpR1RQ,3148,26,0,2026-05-07 18:55:49.262683,cohort2
fljjVxeIGBQ,1705,42,10,2026-05-07 18:55:49.262683,cohort2
GY3QqbsE6_E,1239,26,0,2026-05-07 18:55:49.262683,cohort2
709_w_fP4MI,2256,0,1,2026-05-07 18:55:49.262683,cohort2
6IvaMcKEFZ4,2165,0,0,2026-05-07 18:55:49.262683,cohort2
AY6gZbW7fNg,6038,21,0,2026-05-07 18:55:49.262683,cohort2
cMb_3R5RNpM,1729,12,0,2026-05-07 18:55:49.262683,cohort2
B335dKT404w,1733,14,0,2026-05-07 18:55:49.262683,cohort2
3eFMDNMsCas,4201,146,5,2026-05-07 18:55:49.262683,cohort2
IusZLMlE_-E,15639,190,10,2026-05-07 18:55:49.262683,cohort2
d9STPKfyKvw,6958,10,2,2026-05-07 18:55:49.262683,cohort2
LRfmdgbTeTg,10757,98,20,2026-05-07 18:55:49.262683,cohort2
79Y8qRw3wOw,1055,9,0,2026-05-07 18:55:49.262683,cohort2
9p0-60NCK1E,1521,26,0,2026-05-07 18:55:49.262683,cohort2
ky8i3fchNjY,1028,45,3,2026-05-07 18:55:49.262683,cohort2
nDpF4DLdsCw,9204,720,70,2026-05-07 18:55:49.262683,cohort2
8HGev-iN1ok,4089,0,6,2026-05-07 18:55:49.262683,cohort2
UHZACPm3jwE,1706,37,0,2026-05-07 18:55:49.262683,cohort2
4wpyQLSBNP0,1296,12,0,2026-05-07 18:55:49.262683,cohort2
96JomE0jqDc,3728,23,1,2026-05-07 18:55:49.262683,cohort2
Tsxwx7AYUoA,4888,114,0,2026-05-07 18:55:49.262683,cohort2
X-vUrqQSO_o,960,17,0,2026-05-07 18:55:49.262683,cohort2
0UrXg_Rz_a0,770,34,0,2026-05-07 18:55:49.262683,cohort2
r5PvHf3pOM0,2489,13,0,2026-05-07 18:55:49.262683,cohort2
jDBrgXKGSkc,2040,15,0,2026-05-07 18:55:49.262683,cohort2
b6yNHBPmflE,1756,10,0,2026-05-07 18:55:49.262683,cohort2
hn_2QvmwX8k,1151,59,0,2026-05-07 18:55:49.262683,cohort2
PLiteqfznuU,1392,3,1,2026-05-07 18:55:49.262683,cohort2
ULT9GpdvlTo,10329,36,0,2026-05-07 18:55:49.262683,cohort2
DAJ7pVTcG3o,3390,20,1,2026-05-07 18:55:49.262683,cohort2
zmFbVma5gis,1479,43,2,2026-05-07 18:55:49.262683,cohort2
eax9iT4FyqI,875,8,0,2026-05-07 18:55:49.262683,cohort2
0whpKuKm2j0,3046,35,22,2026-05-07 18:55:49.262683,cohort2
q6SDQcqdiRc,1152,38,0,2026-05-07 18:55:49.262683,cohort2
saYo7NymFEM,1260,4,3,2026-05-07 18:55:49.262683,cohort2
ekNk1J1mvNA,11626,292,4,2026-05-07 18:55:49.262683,cohort2
PFgDUxXW13o,2712,89,2,2026-05-07 18:55:49.262683,cohort2
DEBOR0fU3wk,692,8,1,2026-05-07 18:55:49.262683,cohort2
h2J5qCMqoDQ,1173,9,0,2026-05-07 18:55:49.262683,cohort2
9sDO26vcgHA,12073,737,5,2026-05-07 18:55:49.262683,cohort2
P5gnG3RSnxg,2048,84,0,2026-05-07 18:55:49.262683,cohort2
1b_vbZjeflg,2225,39,1,2026-05-07 18:55:49.262683,cohort2
7NfP8a2mh04,3414,8,0,2026-05-07 18:55:49.262683,cohort2
WG93JdMIC20,1474,13,1,2026-05-07 18:55:49.262683,cohort2
_d6P-_ncL7w,629,12,1,2026-05-07 18:55:49.262683,cohort2
hcSEYzYuPA8,3634,10,0,2026-05-07 18:55:49.262683,cohort2
I2kw1nSu3fc,1041,23,1,2026-05-07 18:55:49.262683,cohort2
PYPSQfBL4Fc,1390,7,0,2026-05-07 18:55:49.262683,cohort2
NQ0DPM5zf5M,1653,13,0,2026-05-07 18:55:49.262683,cohort2
h6_Ai6urk5I,791,20,0,2026-05-07 18:55:49.262683,cohort2
aXZ4n21QM5M,1344,66,18,2026-05-07 18:55:49.262683,cohort2
WE0BMrTjCbQ,10379,51,0,2026-05-07 18:55:49.262683,cohort2
exYOPLvW-II,1155,23,9,2026-05-07 18:55:49.262683,cohort2
dMtGQ2EfaS4,1195,26,3,2026-05-07 18:55:49.262683,cohort2
BoVryGyxefU,1782,30,3,2026-05-07 18:55:49.262683,cohort2
RlklbNyKIcU,7214,0,0,2026-05-07 18:55:49.262683,cohort2
tuyV7-6rWO8,699,8,0,2026-05-07 18:55:49.262683,cohort2
D8Mu8ZPDPww,1610,17,0,2026-05-07 18:55:49.262683,cohort2
iwuv_Jf-Bks,740,40,6,2026-05-07 18:55:49.262683,cohort2
ZQh7s45Yt2o,4144,391,1,2026-05-07 18:55:49.262683,cohort2
3YKQ2lUo8A0,1341,59,0,2026-05-07 18:55:49.262683,cohort2
nMqoyOvyuXc,1689,29,0,2026-05-07 18:55:49.262683,cohort2
z8ZDpw9mhUk,2500,31,2,2026-05-07 18:55:49.262683,cohort2
OXHWRsQMzrY,1235,15,0,2026-05-07 18:55:49.262683,cohort2
w8znJO6mWXc,853296,3882,8,2026-05-07 22:59:45.651493,cohort2
7YLMkOfd7F0,103021,492,4,2026-05-07 22:59:45.651493,cohort2
11cHbsqnFos,249035,849,7,2026-05-07 22:59:45.651493,cohort2
SqpDw2nNBm0,48070,1337,3,2026-05-07 22:59:45.651493,cohort2
m75AZ0rapz8,173295,4547,108,2026-05-07 22:59:45.651493,cohort2
9OHJuaecqkc,508419,5800,89,2026-05-07 22:59:45.651493,cohort2
kwLUVYZALDs,114308,520,0,2026-05-07 22:59:45.651493,cohort2
nGmwS0r_MrI,76091,139,3,2026-05-07 22:59:45.651493,cohort2
QyyKZYnD7pw,103759,3030,38,2026-05-07 22:59:45.651493,cohort2
Kp3gEkzeNNg,183190,5346,209,2026-05-07 22:59:45.651493,cohort2
DZEfFdbb1SE,18175,853,21,2026-05-07 22:59:45.651493,cohort2
5qsrCRPpxbk,55212,163,75,2026-05-07 22:59:45.651493,cohort2
mt29cU4uI-g,128252,3295,18,2026-05-07 22:59:45.651493,cohort2
fh7vCfaVwno,195725,9336,118,2026-05-07 22:59:45.651493,cohort2
gqK8TggkzfI,33836,44,5,2026-05-07 22:59:45.651493,cohort2
gv9ztxapyL0,95317,80,12,2026-05-07 22:59:45.651493,cohort2
62WigB3G_Pk,58575,31,1,2026-05-07 22:59:45.651493,cohort2
m9UnGE7ykOY,37603,2357,30,2026-05-07 22:59:45.651493,cohort2
XdSG7DA6EOg,28232,77,0,2026-05-07 22:59:45.651493,cohort2
0R28PVc8qh0,101098,5928,290,2026-05-07 22:59:45.651493,cohort2
PfkNba1O6ec,17837,83,0,2026-05-07 22:59:45.651493,cohort2
5JKuVN3L7mc,18787,31,4,2026-05-07 22:59:45.651493,cohort2
8jwQIV2UwbM,18760,45,0,2026-05-07 22:59:45.651493,cohort2
BczMFhe-MLM,53836,2046,71,2026-05-07 22:59:45.651493,cohort2
2tp29gpaRWU,97402,329,0,2026-05-07 22:59:45.651493,cohort2
TAlkqlnakh0,20439,54,1,2026-05-07 22:59:45.651493,cohort2
3f6ZNPbl5jk,23384,256,2,2026-05-07 22:59:45.651493,cohort2
OZH7YBNTz4M,16083,0,2,2026-05-07 22:59:45.651493,cohort2
ZysGncmQPeU,13898,21,6,2026-05-07 22:59:45.651493,cohort2
vDXsOkdFqDk,12633,63,2,2026-05-07 22:59:45.651493,cohort2
T9uMCRuDc_k,11199,66,1,2026-05-07 22:59:45.651493,cohort2
9m8pt3EBtc0,22835,9,4,2026-05-07 22:59:45.651493,cohort2
9DAO0ESJKcc,14235,152,8,2026-05-07 22:59:45.651493,cohort2
sEpUpn00RbY,49854,135,0,2026-05-07 22:59:45.651493,cohort2
CL-33_0cc6k,22340,251,3,2026-05-07 22:59:45.651493,cohort2
9-0rCG2UuDA,10137,25,0,2026-05-07 22:59:45.651493,cohort2
9Wj5am9s5U8,20549,303,4,2026-05-07 22:59:45.651493,cohort2
KptiqNWaoxc,6254,70,5,2026-05-07 22:59:45.651493,cohort2
5nkyl-TlJhg,10572,282,2,2026-05-07 22:59:45.651493,cohort2
3DhM40l_UT8,6991,66,8,2026-05-07 22:59:45.651493,cohort2
g3nC6ah4Jeo,498801,4239,9,2026-05-07 22:59:45.651493,cohort2
HZHchMlBFxk,78379,8433,90,2026-05-07 22:59:45.651493,cohort2
WsERYs4K_eI,17618,586,22,2026-05-07 22:59:45.651493,cohort2
czoj2EZaK50,13636,1669,18,2026-05-07 22:59:45.651493,cohort2
aZHON20BuD0,17646,354,2,2026-05-07 22:59:45.651493,cohort2
RKm1-7OCVPw,13328,57,1,2026-05-07 22:59:45.651493,cohort2
OazBqSpCEoA,215919,1286,3,2026-05-07 22:59:45.651493,cohort2
iHQ-auaYxqw,11366,81,0,2026-05-07 22:59:45.651493,cohort2
0P8jQM_RSbg,7643,120,6,2026-05-07 22:59:45.651493,cohort2
O1Rm0Npcxhc,12458,146,27,2026-05-07 22:59:45.651493,cohort2
7P9VVuUgkmw,10430,266,0,2026-05-07 22:59:45.651493,cohort2
mteZU7yoafE,4713,8,0,2026-05-07 22:59:45.651493,cohort2
I2wYnsHQ0Xs,16775,467,1,2026-05-07 22:59:45.651493,cohort2
oNyPIpZFaak,50625,797,10,2026-05-07 22:59:45.651493,cohort2
aWkJ1mCj2cc,7785,212,0,2026-05-07 22:59:45.651493,cohort2
XJ8b6MerRdc,6047,220,62,2026-05-07 22:59:45.651493,cohort2
JDRAgIl-x70,20570,128,1,2026-05-07 22:59:45.651493,cohort2
TAeMYuwA8EE,29301,265,1,2026-05-07 22:59:45.651493,cohort2
zQTbUsLIu58,9510,30,0,2026-05-07 22:59:45.651493,cohort2
btJXWbbnJHQ,20013,28,0,2026-05-07 22:59:45.651493,cohort2
b6H12EIUmoU,3839,28,0,2026-05-07 22:59:45.651493,cohort2
kkSA8x_bWtU,18528,589,34,2026-05-07 22:59:45.651493,cohort2
YyNV_rDWt2E,34405,156,0,2026-05-07 22:59:45.651493,cohort2
03jvPpySFTk,2137,52,39,2026-05-07 22:59:45.651493,cohort2
lgnW9R4ZnJs,14537,295,10,2026-05-07 22:59:45.651493,cohort2
Cm3jOxBWfGk,15731,87,2,2026-05-07 22:59:45.651493,cohort2
dj4B_HQcsz0,30403,0,0,2026-05-07 22:59:45.651493,cohort2
xnjfMUU0ubc,5608,83,0,2026-05-07 22:59:45.651493,cohort2
ZzbdOPmfYYI,336075,13719,29,2026-05-07 22:59:45.651493,cohort2
ic2qcpuoBCs,8539,110,5,2026-05-07 22:59:45.651493,cohort2
vLQkW84t-OA,12255,38,0,2026-05-07 22:59:45.651493,cohort2
x7vQUhOiduA,9019,0,1,2026-05-07 22:59:45.651493,cohort2
i7JPPJZj9JI,11517,237,2,2026-05-07 22:59:45.651493,cohort2
kdYiDfHjENU,22879,153,0,2026-05-07 22:59:45.651493,cohort2
-TjsD7VQLYg,7469,0,7,2026-05-07 22:59:45.651493,cohort2
PNi3GBdkUcs,9096,138,3,2026-05-07 22:59:45.651493,cohort2
YBZ9d7_CmHQ,7020,13,0,2026-05-07 22:59:45.651493,cohort2
PJ1l1O8s9Rk,1961,56,0,2026-05-07 22:59:45.651493,cohort2
GjFwFfQGHVE,3940,16,0,2026-05-07 22:59:45.651493,cohort2
GkhDx9sHTkY,2953,27,0,2026-05-07 22:59:45.651493,cohort2
HdA-m8pxgUE,4218,0,1,2026-05-07 22:59:45.651493,cohort2
8iK0Wnbo4ss,29244,0,3,2026-05-07 22:59:45.651493,cohort2
vp8Dl8jLtpQ,31737,198,2,2026-05-07 22:59:45.651493,cohort2
KuWDY_q0cl4,28897,160,2,2026-05-07 22:59:45.651493,cohort2
JYLiA6eYotI,3833,17,0,2026-05-07 22:59:45.651493,cohort2
G1DI7TH3ORQ,20997,274,0,2026-05-07 22:59:45.651493,cohort2
GYtLVLAjkNI,19430,105,0,2026-05-07 22:59:45.651493,cohort2
z16TsgBLLuI,2996,12,0,2026-05-07 22:59:45.651493,cohort2
zkjcNg-K7aE,4600,9,0,2026-05-07 22:59:45.651493,cohort2
wG0JaQdQRR0,9762,42,0,2026-05-07 22:59:45.651493,cohort2
s8Vt0NbGg_s,9439,388,10,2026-05-07 22:59:45.651493,cohort2
d4gYEInVPdo,1669,15,0,2026-05-07 22:59:45.651493,cohort2
LMe1syOeDmg,4508,0,25,2026-05-07 22:59:45.651493,cohort2
wvlD8xtiTtU,1761,27,0,2026-05-07 22:59:45.651493,cohort2
ZElxIyXmlmA,11193,50,0,2026-05-07 22:59:45.651493,cohort2
XcB7ckJ2mfc,1202,38,3,2026-05-07 22:59:45.651493,cohort2
JPgAA56LnBI,10355,232,5,2026-05-07 22:59:45.651493,cohort2
lyFVARrR6YQ,1667,72,5,2026-05-07 22:59:45.651493,cohort2
JVEFIpEe7xs,172787,6570,62,2026-05-07 22:59:45.651493,cohort2
rhsqSBPGxAI,1232,22,0,2026-05-07 22:59:45.651493,cohort2
jLzcsR2Z88g,5649,101,3,2026-05-07 22:59:45.651493,cohort2
Rqxjw8UOioU,1156,34,7,2026-05-07 22:59:45.651493,cohort2
zXZhVRNrXTw,5893,144,1,2026-05-07 22:59:45.651493,cohort2
WYUtRxwErJc,3180,40,1,2026-05-07 22:59:45.651493,cohort2
dWrhPsuGAyM,24306,142,0,2026-05-07 22:59:45.651493,cohort2
5vVhyO64yy8,4861,29,4,2026-05-07 22:59:45.651493,cohort2
tKFhfEYdEQ4,1511,11,2,2026-05-07 22:59:45.651493,cohort2
_woibC1Uc4s,1326,28,3,2026-05-07 22:59:45.651493,cohort2
dtA1PDvWHWg,1560,35,0,2026-05-07 22:59:45.651493,cohort2
jIaFuaUQJj8,43516,1892,26,2026-05-07 22:59:45.651493,cohort2
uhaJClxKvBE,1505,23,0,2026-05-07 22:59:45.651493,cohort2
BzJDnSQ2N8s,1562,0,0,2026-05-07 22:59:45.651493,cohort2
js3MDn189WY,2875,0,1,2026-05-07 22:59:45.651493,cohort2
aZTg7Y1s3i4,3952,84,1,2026-05-07 22:59:45.651493,cohort2
w959JQyRWI0,18741,260,1,2026-05-07 22:59:45.651493,cohort2
SFwOEsdSG2A,1574,34,0,2026-05-07 22:59:45.651493,cohort2
d922sHgT8x4,4688,29,2,2026-05-07 22:59:45.651493,cohort2
noyibwhlMB0,1282,8,0,2026-05-07 22:59:45.651493,cohort2
zaSnfYBNq54,1585,25,0,2026-05-07 22:59:45.651493,cohort2
Nlk40c2coj0,920,37,2,2026-05-07 22:59:45.651493,cohort2
Dv0qYHpmbh8,17216,0,0,2026-05-07 22:59:45.651493,cohort2
Ptk-QwiDcgU,4424,49,1,2026-05-07 22:59:45.651493,cohort2
h54baYCq2aA,1510,22,2,2026-05-07 22:59:45.651493,cohort2
IPyxfkHAa4M,1686,20,0,2026-05-07 22:59:45.651493,cohort2
Br1nYlc0_Sw,1757,0,1,2026-05-07 22:59:45.651493,cohort2
_hYUAJKRaF8,754,6,0,2026-05-07 22:59:45.651493,cohort2
uFH5QQjqA9E,2626,50,0,2026-05-07 22:59:45.651493,cohort2
wRw8UgMP0j4,17201,0,7,2026-05-07 22:59:45.651493,cohort2
jkbhFGwtPug,1267,11,1,2026-05-07 22:59:45.651493,cohort2
hJv1s-a3sTw,1526,9,1,2026-05-07 22:59:45.651493,cohort2
uBm3mLxD_4s,2908,16,2,2026-05-07 22:59:45.651493,cohort2
UWPwKsit0Pc,29544,214,2,2026-05-07 22:59:45.651493,cohort2
F04vTZpR1RQ,3809,28,0,2026-05-07 22:59:45.651493,cohort2
fljjVxeIGBQ,1813,42,10,2026-05-07 22:59:45.651493,cohort2
GY3QqbsE6_E,1239,26,0,2026-05-07 22:59:45.651493,cohort2
709_w_fP4MI,2258,0,1,2026-05-07 22:59:45.651493,cohort2
6IvaMcKEFZ4,2365,0,0,2026-05-07 22:59:45.651493,cohort2
AY6gZbW7fNg,7272,35,0,2026-05-07 22:59:45.651493,cohort2
cMb_3R5RNpM,1730,12,0,2026-05-07 22:59:45.651493,cohort2
B335dKT404w,1758,14,0,2026-05-07 22:59:45.651493,cohort2
3eFMDNMsCas,4608,149,5,2026-05-07 22:59:45.651493,cohort2
IusZLMlE_-E,18400,197,10,2026-05-07 22:59:45.651493,cohort2
d9STPKfyKvw,6983,10,2,2026-05-07 22:59:45.651493,cohort2
LRfmdgbTeTg,13031,115,25,2026-05-07 22:59:45.651493,cohort2
79Y8qRw3wOw,1056,9,0,2026-05-07 22:59:45.651493,cohort2
9p0-60NCK1E,1523,26,0,2026-05-07 22:59:45.651493,cohort2
ky8i3fchNjY,1034,45,3,2026-05-07 22:59:45.651493,cohort2
nDpF4DLdsCw,20351,1007,104,2026-05-07 22:59:45.651493,cohort2
8HGev-iN1ok,4204,0,6,2026-05-07 22:59:45.651493,cohort2
UHZACPm3jwE,1706,37,0,2026-05-07 22:59:45.651493,cohort2
4wpyQLSBNP0,1312,12,0,2026-05-07 22:59:45.651493,cohort2
96JomE0jqDc,3733,23,1,2026-05-07 22:59:45.651493,cohort2
Tsxwx7AYUoA,5564,114,0,2026-05-07 22:59:45.651493,cohort2
X-vUrqQSO_o,973,18,0,2026-05-07 22:59:45.651493,cohort2
0UrXg_Rz_a0,834,35,0,2026-05-07 22:59:45.651493,cohort2
r5PvHf3pOM0,3081,14,0,2026-05-07 22:59:45.651493,cohort2
jDBrgXKGSkc,2350,18,0,2026-05-07 22:59:45.651493,cohort2
b6yNHBPmflE,1768,10,0,2026-05-07 22:59:45.651493,cohort2
hn_2QvmwX8k,1303,66,0,2026-05-07 22:59:45.651493,cohort2
PLiteqfznuU,1522,4,1,2026-05-07 22:59:45.651493,cohort2
ULT9GpdvlTo,12716,37,0,2026-05-07 22:59:45.651493,cohort2
DAJ7pVTcG3o,4418,27,1,2026-05-07 22:59:45.651493,cohort2
zmFbVma5gis,1681,42,3,2026-05-07 22:59:45.651493,cohort2
eax9iT4FyqI,888,8,0,2026-05-07 22:59:45.651493,cohort2
0whpKuKm2j0,3344,38,24,2026-05-07 22:59:45.651493,cohort2
q6SDQcqdiRc,1186,38,0,2026-05-07 22:59:45.651493,cohort2
saYo7NymFEM,1264,4,3,2026-05-07 22:59:45.651493,cohort2
ekNk1J1mvNA,11922,294,4,2026-05-07 22:59:45.651493,cohort2
PFgDUxXW13o,2962,95,2,2026-05-07 22:59:45.651493,cohort2
DEBOR0fU3wk,693,8,1,2026-05-07 22:59:45.651493,cohort2
h2J5qCMqoDQ,1253,9,0,2026-05-07 22:59:45.651493,cohort2
9sDO26vcgHA,12678,748,5,2026-05-07 22:59:45.651493,cohort2
P5gnG3RSnxg,2521,83,0,2026-05-07 22:59:45.651493,cohort2
1b_vbZjeflg,2764,44,2,2026-05-07 22:59:45.651493,cohort2
7NfP8a2mh04,3570,8,0,2026-05-07 22:59:45.651493,cohort2
WG93JdMIC20,1513,16,1,2026-05-07 22:59:45.651493,cohort2
_d6P-_ncL7w,639,12,1,2026-05-07 22:59:45.651493,cohort2
hcSEYzYuPA8,3733,10,0,2026-05-07 22:59:45.651493,cohort2
I2kw1nSu3fc,1071,24,1,2026-05-07 22:59:45.651493,cohort2
PYPSQfBL4Fc,1390,7,0,2026-05-07 22:59:45.651493,cohort2
NQ0DPM5zf5M,1669,13,0,2026-05-07 22:59:45.651493,cohort2
h6_Ai6urk5I,819,21,0,2026-05-07 22:59:45.651493,cohort2
aXZ4n21QM5M,1377,66,18,2026-05-07 22:59:45.651493,cohort2
WE0BMrTjCbQ,11338,51,0,2026-05-07 22:59:45.651493,cohort2
exYOPLvW-II,1169,22,9,2026-05-07 22:59:45.651493,cohort2
dMtGQ2EfaS4,1370,26,3,2026-05-07 22:59:45.651493,cohort2
BoVryGyxefU,1903,30,3,2026-05-07 22:59:45.651493,cohort2
RlklbNyKIcU,12291,0,0,2026-05-07 22:59:45.651493,cohort2
tuyV7-6rWO8,705,8,0,2026-05-07 22:59:45.651493,cohort2
D8Mu8ZPDPww,1618,17,0,2026-05-07 22:59:45.651493,cohort2
iwuv_Jf-Bks,745,40,6,2026-05-07 22:59:45.651493,cohort2
ZQh7s45Yt2o,5167,416,1,2026-05-07 22:59:45.651493,cohort2
3YKQ2lUo8A0,1354,61,0,2026-05-07 22:59:45.651493,cohort2
nMqoyOvyuXc,1685,29,0,2026-05-07 22:59:45.651493,cohort2
z8ZDpw9mhUk,2608,33,2,2026-05-07 22:59:45.651493,cohort2
OXHWRsQMzrY,1239,15,0,2026-05-07 22:59:45.651493,cohort2
w8znJO6mWXc,888956,4104,8,2026-05-08 04:59:58.520288,cohort2
7YLMkOfd7F0,103338,495,4,2026-05-08 04:59:58.520288,cohort2
11cHbsqnFos,255619,857,7,2026-05-08 04:59:58.520288,cohort2
SqpDw2nNBm0,48777,1365,3,2026-05-08 04:59:58.520288,cohort2
m75AZ0rapz8,188821,4702,114,2026-05-08 04:59:58.520288,cohort2
9OHJuaecqkc,586067,6756,106,2026-05-08 04:59:58.520288,cohort2
kwLUVYZALDs,117690,536,0,2026-05-08 04:59:58.520288,cohort2
nGmwS0r_MrI,83056,149,3,2026-05-08 04:59:58.520288,cohort2
QyyKZYnD7pw,108280,3146,39,2026-05-08 04:59:58.520288,cohort2
Kp3gEkzeNNg,200308,5791,221,2026-05-08 04:59:58.520288,cohort2
DZEfFdbb1SE,19269,901,21,2026-05-08 04:59:58.520288,cohort2
5qsrCRPpxbk,57327,164,76,2026-05-08 04:59:58.520288,cohort2
mt29cU4uI-g,152431,3653,18,2026-05-08 04:59:58.520288,cohort2
fh7vCfaVwno,198511,9556,122,2026-05-08 04:59:58.520288,cohort2
gqK8TggkzfI,36158,47,5,2026-05-08 04:59:58.520288,cohort2
gv9ztxapyL0,103573,87,13,2026-05-08 04:59:58.520288,cohort2
62WigB3G_Pk,59502,31,1,2026-05-08 04:59:58.520288,cohort2
m9UnGE7ykOY,38676,2403,30,2026-05-08 04:59:58.520288,cohort2
XdSG7DA6EOg,29355,76,0,2026-05-08 04:59:58.520288,cohort2
0R28PVc8qh0,107550,6138,290,2026-05-08 04:59:58.520288,cohort2
PfkNba1O6ec,20475,100,0,2026-05-08 04:59:58.520288,cohort2
5JKuVN3L7mc,18806,31,4,2026-05-08 04:59:58.520288,cohort2
8jwQIV2UwbM,18930,46,0,2026-05-08 04:59:58.520288,cohort2
BczMFhe-MLM,69716,2452,77,2026-05-08 04:59:58.520288,cohort2
2tp29gpaRWU,98115,337,0,2026-05-08 04:59:58.520288,cohort2
TAlkqlnakh0,24342,60,1,2026-05-08 04:59:58.520288,cohort2
3f6ZNPbl5jk,24717,282,2,2026-05-08 04:59:58.520288,cohort2
OZH7YBNTz4M,16111,0,2,2026-05-08 04:59:58.520288,cohort2
ZysGncmQPeU,15030,23,7,2026-05-08 04:59:58.520288,cohort2
vDXsOkdFqDk,13571,67,2,2026-05-08 04:59:58.520288,cohort2
T9uMCRuDc_k,11271,67,1,2026-05-08 04:59:58.520288,cohort2
9m8pt3EBtc0,24165,12,6,2026-05-08 04:59:58.520288,cohort2
9DAO0ESJKcc,15704,161,9,2026-05-08 04:59:58.520288,cohort2
sEpUpn00RbY,50269,145,0,2026-05-08 04:59:58.520288,cohort2
CL-33_0cc6k,24163,258,3,2026-05-08 04:59:58.520288,cohort2
9-0rCG2UuDA,10511,25,0,2026-05-08 04:59:58.520288,cohort2
9Wj5am9s5U8,23207,359,6,2026-05-08 04:59:58.520288,cohort2
KptiqNWaoxc,6706,71,5,2026-05-08 04:59:58.520288,cohort2
5nkyl-TlJhg,10837,292,2,2026-05-08 04:59:58.520288,cohort2
3DhM40l_UT8,8462,76,8,2026-05-08 04:59:58.520288,cohort2
g3nC6ah4Jeo,556778,5133,12,2026-05-08 04:59:58.520288,cohort2
HZHchMlBFxk,86292,8972,95,2026-05-08 04:59:58.520288,cohort2
WsERYs4K_eI,18850,606,23,2026-05-08 04:59:58.520288,cohort2
czoj2EZaK50,13808,1673,18,2026-05-08 04:59:58.520288,cohort2
aZHON20BuD0,17900,370,2,2026-05-08 04:59:58.520288,cohort2
RKm1-7OCVPw,21412,87,1,2026-05-08 04:59:58.520288,cohort2
OazBqSpCEoA,255343,1542,3,2026-05-08 04:59:58.520288,cohort2
iHQ-auaYxqw,11672,83,0,2026-05-08 04:59:58.520288,cohort2
0P8jQM_RSbg,9324,143,7,2026-05-08 04:59:58.520288,cohort2
O1Rm0Npcxhc,13815,155,27,2026-05-08 04:59:58.520288,cohort2
7P9VVuUgkmw,10597,276,0,2026-05-08 04:59:58.520288,cohort2
mteZU7yoafE,4798,8,0,2026-05-08 04:59:58.520288,cohort2
I2wYnsHQ0Xs,22336,568,1,2026-05-08 04:59:58.520288,cohort2
oNyPIpZFaak,52255,815,10,2026-05-08 04:59:58.520288,cohort2
aWkJ1mCj2cc,10895,417,0,2026-05-08 04:59:58.520288,cohort2
XJ8b6MerRdc,6287,226,63,2026-05-08 04:59:58.520288,cohort2
JDRAgIl-x70,28244,146,1,2026-05-08 04:59:58.520288,cohort2
TAeMYuwA8EE,29305,265,1,2026-05-08 04:59:58.520288,cohort2
zQTbUsLIu58,10394,33,0,2026-05-08 04:59:58.520288,cohort2
btJXWbbnJHQ,24013,31,2,2026-05-08 04:59:58.520288,cohort2
b6H12EIUmoU,4205,44,0,2026-05-08 04:59:58.520288,cohort2
kkSA8x_bWtU,19054,614,35,2026-05-08 04:59:58.520288,cohort2
YyNV_rDWt2E,34801,159,0,2026-05-08 04:59:58.520288,cohort2
03jvPpySFTk,2224,51,39,2026-05-08 04:59:58.520288,cohort2
lgnW9R4ZnJs,14613,296,10,2026-05-08 04:59:58.520288,cohort2
Cm3jOxBWfGk,21210,103,2,2026-05-08 04:59:58.520288,cohort2
dj4B_HQcsz0,32545,0,0,2026-05-08 04:59:58.520288,cohort2
xnjfMUU0ubc,9235,119,0,2026-05-08 04:59:58.520288,cohort2
ZzbdOPmfYYI,344910,13934,29,2026-05-08 04:59:58.520288,cohort2
ic2qcpuoBCs,9161,121,5,2026-05-08 04:59:58.520288,cohort2
vLQkW84t-OA,14158,48,0,2026-05-08 04:59:58.520288,cohort2
x7vQUhOiduA,15024,0,1,2026-05-08 04:59:58.520288,cohort2
i7JPPJZj9JI,11773,241,2,2026-05-08 04:59:58.520288,cohort2
kdYiDfHjENU,24246,166,0,2026-05-08 04:59:58.520288,cohort2
-TjsD7VQLYg,8012,0,7,2026-05-08 04:59:58.520288,cohort2
PNi3GBdkUcs,22171,187,3,2026-05-08 04:59:58.520288,cohort2
YBZ9d7_CmHQ,9279,13,0,2026-05-08 04:59:58.520288,cohort2
PJ1l1O8s9Rk,2071,58,0,2026-05-08 04:59:58.520288,cohort2
GjFwFfQGHVE,4102,19,0,2026-05-08 04:59:58.520288,cohort2
GkhDx9sHTkY,2953,27,0,2026-05-08 04:59:58.520288,cohort2
HdA-m8pxgUE,4359,0,1,2026-05-08 04:59:58.520288,cohort2
8iK0Wnbo4ss,31682,0,3,2026-05-08 04:59:58.520288,cohort2
vp8Dl8jLtpQ,31740,199,2,2026-05-08 04:59:58.520288,cohort2
KuWDY_q0cl4,29000,162,2,2026-05-08 04:59:58.520288,cohort2
JYLiA6eYotI,4001,18,0,2026-05-08 04:59:58.520288,cohort2
G1DI7TH3ORQ,25861,366,0,2026-05-08 04:59:58.520288,cohort2
GYtLVLAjkNI,23614,112,0,2026-05-08 04:59:58.520288,cohort2
z16TsgBLLuI,3036,12,0,2026-05-08 04:59:58.520288,cohort2
zkjcNg-K7aE,4614,9,0,2026-05-08 04:59:58.520288,cohort2
wG0JaQdQRR0,10185,46,0,2026-05-08 04:59:58.520288,cohort2
s8Vt0NbGg_s,10882,422,10,2026-05-08 04:59:58.520288,cohort2
d4gYEInVPdo,1680,15,0,2026-05-08 04:59:58.520288,cohort2
LMe1syOeDmg,4758,0,25,2026-05-08 04:59:58.520288,cohort2
wvlD8xtiTtU,1762,27,0,2026-05-08 04:59:58.520288,cohort2
ZElxIyXmlmA,11326,50,0,2026-05-08 04:59:58.520288,cohort2
XcB7ckJ2mfc,1216,39,3,2026-05-08 04:59:58.520288,cohort2
JPgAA56LnBI,15861,319,6,2026-05-08 04:59:58.520288,cohort2
lyFVARrR6YQ,1842,80,5,2026-05-08 04:59:58.520288,cohort2
JVEFIpEe7xs,177999,6797,64,2026-05-08 04:59:58.520288,cohort2
rhsqSBPGxAI,1232,22,0,2026-05-08 04:59:58.520288,cohort2
jLzcsR2Z88g,6551,114,3,2026-05-08 04:59:58.520288,cohort2
Rqxjw8UOioU,1156,34,7,2026-05-08 04:59:58.520288,cohort2
zXZhVRNrXTw,7651,165,1,2026-05-08 04:59:58.520288,cohort2
WYUtRxwErJc,3770,47,1,2026-05-08 04:59:58.520288,cohort2
dWrhPsuGAyM,27402,157,0,2026-05-08 04:59:58.520288,cohort2
5vVhyO64yy8,4917,30,4,2026-05-08 04:59:58.520288,cohort2
tKFhfEYdEQ4,1678,11,2,2026-05-08 04:59:58.520288,cohort2
_woibC1Uc4s,1515,29,3,2026-05-08 04:59:58.520288,cohort2
dtA1PDvWHWg,2175,45,0,2026-05-08 04:59:58.520288,cohort2
jIaFuaUQJj8,46822,1908,26,2026-05-08 04:59:58.520288,cohort2
uhaJClxKvBE,1584,23,0,2026-05-08 04:59:58.520288,cohort2
BzJDnSQ2N8s,1563,0,0,2026-05-08 04:59:58.520288,cohort2
js3MDn189WY,3033,0,1,2026-05-08 04:59:58.520288,cohort2
aZTg7Y1s3i4,4023,84,1,2026-05-08 04:59:58.520288,cohort2
w959JQyRWI0,18908,261,1,2026-05-08 04:59:58.520288,cohort2
SFwOEsdSG2A,2219,37,0,2026-05-08 04:59:58.520288,cohort2
d922sHgT8x4,4701,29,2,2026-05-08 04:59:58.520288,cohort2
noyibwhlMB0,1288,8,0,2026-05-08 04:59:58.520288,cohort2
zaSnfYBNq54,1747,26,0,2026-05-08 04:59:58.520288,cohort2
Nlk40c2coj0,927,37,2,2026-05-08 04:59:58.520288,cohort2
Dv0qYHpmbh8,18692,0,0,2026-05-08 04:59:58.520288,cohort2
Ptk-QwiDcgU,4431,49,1,2026-05-08 04:59:58.520288,cohort2
h54baYCq2aA,1512,22,2,2026-05-08 04:59:58.520288,cohort2
IPyxfkHAa4M,1686,20,0,2026-05-08 04:59:58.520288,cohort2
Br1nYlc0_Sw,1760,0,3,2026-05-08 04:59:58.520288,cohort2
_hYUAJKRaF8,754,6,0,2026-05-08 04:59:58.520288,cohort2
uFH5QQjqA9E,2738,53,1,2026-05-08 04:59:58.520288,cohort2
wRw8UgMP0j4,17941,0,7,2026-05-08 04:59:58.520288,cohort2
jkbhFGwtPug,1269,11,1,2026-05-08 04:59:58.520288,cohort2
hJv1s-a3sTw,1526,9,1,2026-05-08 04:59:58.520288,cohort2
uBm3mLxD_4s,2941,16,2,2026-05-08 04:59:58.520288,cohort2
UWPwKsit0Pc,29633,216,2,2026-05-08 04:59:58.520288,cohort2
F04vTZpR1RQ,4292,30,0,2026-05-08 04:59:58.520288,cohort2
fljjVxeIGBQ,1832,42,10,2026-05-08 04:59:58.520288,cohort2
GY3QqbsE6_E,1240,26,0,2026-05-08 04:59:58.520288,cohort2
709_w_fP4MI,2258,0,1,2026-05-08 04:59:58.520288,cohort2
6IvaMcKEFZ4,2456,0,0,2026-05-08 04:59:58.520288,cohort2
AY6gZbW7fNg,12208,59,0,2026-05-08 04:59:58.520288,cohort2
cMb_3R5RNpM,1730,12,0,2026-05-08 04:59:58.520288,cohort2
B335dKT404w,1823,14,0,2026-05-08 04:59:58.520288,cohort2
3eFMDNMsCas,4803,151,5,2026-05-08 04:59:58.520288,cohort2
IusZLMlE_-E,19148,202,11,2026-05-08 04:59:58.520288,cohort2
d9STPKfyKvw,7601,11,2,2026-05-08 04:59:58.520288,cohort2
LRfmdgbTeTg,17030,142,33,2026-05-08 04:59:58.520288,cohort2
79Y8qRw3wOw,1056,9,0,2026-05-08 04:59:58.520288,cohort2
9p0-60NCK1E,1523,26,0,2026-05-08 04:59:58.520288,cohort2
ky8i3fchNjY,1034,46,3,2026-05-08 04:59:58.520288,cohort2
nDpF4DLdsCw,23766,967,108,2026-05-08 04:59:58.520288,cohort2
8HGev-iN1ok,4285,0,6,2026-05-08 04:59:58.520288,cohort2
UHZACPm3jwE,1833,44,0,2026-05-08 04:59:58.520288,cohort2
4wpyQLSBNP0,1324,12,0,2026-05-08 04:59:58.520288,cohort2
96JomE0jqDc,3733,23,1,2026-05-08 04:59:58.520288,cohort2
Tsxwx7AYUoA,5899,131,0,2026-05-08 04:59:58.520288,cohort2
X-vUrqQSO_o,1001,18,0,2026-05-08 04:59:58.520288,cohort2
0UrXg_Rz_a0,860,35,0,2026-05-08 04:59:58.520288,cohort2
r5PvHf3pOM0,3199,15,0,2026-05-08 04:59:58.520288,cohort2
jDBrgXKGSkc,2552,23,0,2026-05-08 04:59:58.520288,cohort2
b6yNHBPmflE,1806,10,0,2026-05-08 04:59:58.520288,cohort2
hn_2QvmwX8k,1665,87,0,2026-05-08 04:59:58.520288,cohort2
PLiteqfznuU,1622,6,1,2026-05-08 04:59:58.520288,cohort2
ULT9GpdvlTo,13261,39,0,2026-05-08 04:59:58.520288,cohort2
DAJ7pVTcG3o,6577,36,1,2026-05-08 04:59:58.520288,cohort2
zmFbVma5gis,1996,46,4,2026-05-08 04:59:58.520288,cohort2
eax9iT4FyqI,913,8,0,2026-05-08 04:59:58.520288,cohort2
0whpKuKm2j0,3524,39,24,2026-05-08 04:59:58.520288,cohort2
q6SDQcqdiRc,1194,40,0,2026-05-08 04:59:58.520288,cohort2
saYo7NymFEM,1266,4,3,2026-05-08 04:59:58.520288,cohort2
ekNk1J1mvNA,12708,307,4,2026-05-08 04:59:58.520288,cohort2
PFgDUxXW13o,3114,96,2,2026-05-08 04:59:58.520288,cohort2
DEBOR0fU3wk,693,8,1,2026-05-08 04:59:58.520288,cohort2
h2J5qCMqoDQ,1362,10,0,2026-05-08 04:59:58.520288,cohort2
9sDO26vcgHA,13457,825,5,2026-05-08 04:59:58.520288,cohort2
P5gnG3RSnxg,2627,104,0,2026-05-08 04:59:58.520288,cohort2
1b_vbZjeflg,3784,53,4,2026-05-08 04:59:58.520288,cohort2
7NfP8a2mh04,3748,8,0,2026-05-08 04:59:58.520288,cohort2
WG93JdMIC20,1701,16,1,2026-05-08 04:59:58.520288,cohort2
_d6P-_ncL7w,639,12,1,2026-05-08 04:59:58.520288,cohort2
hcSEYzYuPA8,3802,11,0,2026-05-08 04:59:58.520288,cohort2
I2kw1nSu3fc,1166,28,1,2026-05-08 04:59:58.520288,cohort2
PYPSQfBL4Fc,1392,8,0,2026-05-08 04:59:58.520288,cohort2
NQ0DPM5zf5M,1674,13,0,2026-05-08 04:59:58.520288,cohort2
h6_Ai6urk5I,833,22,0,2026-05-08 04:59:58.520288,cohort2
aXZ4n21QM5M,1385,67,18,2026-05-08 04:59:58.520288,cohort2
WE0BMrTjCbQ,11667,51,0,2026-05-08 04:59:58.520288,cohort2
exYOPLvW-II,1178,25,10,2026-05-08 04:59:58.520288,cohort2
dMtGQ2EfaS4,1407,26,3,2026-05-08 04:59:58.520288,cohort2
BoVryGyxefU,2034,33,3,2026-05-08 04:59:58.520288,cohort2
RlklbNyKIcU,14038,0,0,2026-05-08 04:59:58.520288,cohort2
tuyV7-6rWO8,708,8,0,2026-05-08 04:59:58.520288,cohort2
D8Mu8ZPDPww,1620,18,0,2026-05-08 04:59:58.520288,cohort2
iwuv_Jf-Bks,746,40,6,2026-05-08 04:59:58.520288,cohort2
ZQh7s45Yt2o,5540,484,1,2026-05-08 04:59:58.520288,cohort2
3YKQ2lUo8A0,1572,74,0,2026-05-08 04:59:58.520288,cohort2
nMqoyOvyuXc,1880,29,0,2026-05-08 04:59:58.520288,cohort2
z8ZDpw9mhUk,2911,42,2,2026-05-08 04:59:58.520288,cohort2
OXHWRsQMzrY,1239,15,0,2026-05-08 04:59:58.520288,cohort2
w8znJO6mWXc,893959,4131,8,2026-05-08 05:34:23.499207,cohort2
7YLMkOfd7F0,103383,497,5,2026-05-08 05:34:23.499207,cohort2
11cHbsqnFos,255719,857,7,2026-05-08 05:34:23.499207,cohort2
SqpDw2nNBm0,48872,1372,3,2026-05-08 05:34:23.499207,cohort2
m75AZ0rapz8,189197,4720,114,2026-05-08 05:34:23.499207,cohort2
9OHJuaecqkc,597211,6888,108,2026-05-08 05:34:23.499207,cohort2
kwLUVYZALDs,118132,538,0,2026-05-08 05:34:23.499207,cohort2
nGmwS0r_MrI,84018,150,3,2026-05-08 05:34:23.499207,cohort2
QyyKZYnD7pw,108666,3153,39,2026-05-08 05:34:23.499207,cohort2
Kp3gEkzeNNg,201448,5833,221,2026-05-08 05:34:23.499207,cohort2
DZEfFdbb1SE,19366,902,21,2026-05-08 05:34:23.499207,cohort2
5qsrCRPpxbk,57480,165,76,2026-05-08 05:34:23.499207,cohort2
mt29cU4uI-g,153667,3668,18,2026-05-08 05:34:23.499207,cohort2
fh7vCfaVwno,199207,9593,123,2026-05-08 05:34:23.499207,cohort2
gqK8TggkzfI,36691,47,5,2026-05-08 05:34:23.499207,cohort2
gv9ztxapyL0,104342,87,13,2026-05-08 05:34:23.499207,cohort2
62WigB3G_Pk,59551,31,1,2026-05-08 05:34:23.499207,cohort2
m9UnGE7ykOY,38716,2406,30,2026-05-08 05:34:23.499207,cohort2
XdSG7DA6EOg,29416,76,0,2026-05-08 05:34:23.499207,cohort2
0R28PVc8qh0,107873,6156,290,2026-05-08 05:34:23.499207,cohort2
PfkNba1O6ec,20931,101,0,2026-05-08 05:34:23.499207,cohort2
5JKuVN3L7mc,18806,31,4,2026-05-08 05:34:23.499207,cohort2
8jwQIV2UwbM,19054,46,0,2026-05-08 05:34:23.499207,cohort2
BczMFhe-MLM,70206,2460,77,2026-05-08 05:34:23.499207,cohort2
2tp29gpaRWU,98419,337,0,2026-05-08 05:34:23.499207,cohort2
TAlkqlnakh0,24646,60,1,2026-05-08 05:34:23.499207,cohort2
3f6ZNPbl5jk,25003,284,2,2026-05-08 05:34:23.499207,cohort2
OZH7YBNTz4M,16111,0,2,2026-05-08 05:34:23.499207,cohort2
ZysGncmQPeU,15146,23,7,2026-05-08 05:34:23.499207,cohort2
vDXsOkdFqDk,13622,67,2,2026-05-08 05:34:23.499207,cohort2
T9uMCRuDc_k,11271,67,1,2026-05-08 05:34:23.499207,cohort2
9m8pt3EBtc0,24436,12,7,2026-05-08 05:34:23.499207,cohort2
9DAO0ESJKcc,15799,161,9,2026-05-08 05:34:23.499207,cohort2
sEpUpn00RbY,50675,149,0,2026-05-08 05:34:23.499207,cohort2
CL-33_0cc6k,24204,260,3,2026-05-08 05:34:23.499207,cohort2
9-0rCG2UuDA,10511,25,0,2026-05-08 05:34:23.499207,cohort2
9Wj5am9s5U8,23443,363,6,2026-05-08 05:34:23.499207,cohort2
KptiqNWaoxc,6706,71,5,2026-05-08 05:34:23.499207,cohort2
5nkyl-TlJhg,10881,293,2,2026-05-08 05:34:23.499207,cohort2
3DhM40l_UT8,8475,76,8,2026-05-08 05:34:23.499207,cohort2
g3nC6ah4Jeo,563719,5319,12,2026-05-08 05:34:23.499207,cohort2
HZHchMlBFxk,86810,8998,95,2026-05-08 05:34:23.499207,cohort2
WsERYs4K_eI,18912,607,23,2026-05-08 05:34:23.499207,cohort2
czoj2EZaK50,13828,1676,18,2026-05-08 05:34:23.499207,cohort2
aZHON20BuD0,17986,371,2,2026-05-08 05:34:23.499207,cohort2
RKm1-7OCVPw,21412,87,1,2026-05-08 05:34:23.499207,cohort2
OazBqSpCEoA,260018,1568,3,2026-05-08 05:34:23.499207,cohort2
iHQ-auaYxqw,11672,83,0,2026-05-08 05:34:23.499207,cohort2
0P8jQM_RSbg,9416,145,7,2026-05-08 05:34:23.499207,cohort2
O1Rm0Npcxhc,13932,156,28,2026-05-08 05:34:23.499207,cohort2
7P9VVuUgkmw,10631,277,0,2026-05-08 05:34:23.499207,cohort2
mteZU7yoafE,4798,8,0,2026-05-08 05:34:23.499207,cohort2
I2wYnsHQ0Xs,22529,569,1,2026-05-08 05:34:23.499207,cohort2
oNyPIpZFaak,52516,819,10,2026-05-08 05:34:23.499207,cohort2
aWkJ1mCj2cc,11854,448,0,2026-05-08 05:34:23.499207,cohort2
XJ8b6MerRdc,6309,228,63,2026-05-08 05:34:23.499207,cohort2
JDRAgIl-x70,28244,146,1,2026-05-08 05:34:23.499207,cohort2
TAeMYuwA8EE,29305,265,1,2026-05-08 05:34:23.499207,cohort2
zQTbUsLIu58,10471,33,0,2026-05-08 05:34:23.499207,cohort2
btJXWbbnJHQ,24755,32,2,2026-05-08 05:34:23.499207,cohort2
b6H12EIUmoU,4310,48,0,2026-05-08 05:34:23.499207,cohort2
kkSA8x_bWtU,19194,616,35,2026-05-08 05:34:23.499207,cohort2
YyNV_rDWt2E,34996,159,0,2026-05-08 05:34:23.499207,cohort2
03jvPpySFTk,2224,51,39,2026-05-08 05:34:23.499207,cohort2
lgnW9R4ZnJs,14613,296,10,2026-05-08 05:34:23.499207,cohort2
Cm3jOxBWfGk,21210,103,2,2026-05-08 05:34:23.499207,cohort2
dj4B_HQcsz0,32622,0,0,2026-05-08 05:34:23.499207,cohort2
xnjfMUU0ubc,9474,120,0,2026-05-08 05:34:23.499207,cohort2
ZzbdOPmfYYI,345489,13971,29,2026-05-08 05:34:23.499207,cohort2
ic2qcpuoBCs,9309,120,5,2026-05-08 05:34:23.499207,cohort2
vLQkW84t-OA,14478,48,0,2026-05-08 05:34:23.499207,cohort2
x7vQUhOiduA,15195,0,1,2026-05-08 05:34:23.499207,cohort2
i7JPPJZj9JI,11834,241,2,2026-05-08 05:34:23.499207,cohort2
kdYiDfHjENU,24529,168,0,2026-05-08 05:34:23.499207,cohort2
-TjsD7VQLYg,8040,0,7,2026-05-08 05:34:23.499207,cohort2
PNi3GBdkUcs,22240,187,3,2026-05-08 05:34:23.499207,cohort2
YBZ9d7_CmHQ,9434,13,0,2026-05-08 05:34:23.499207,cohort2
PJ1l1O8s9Rk,2100,60,0,2026-05-08 05:34:23.499207,cohort2
GjFwFfQGHVE,4102,19,0,2026-05-08 05:34:23.499207,cohort2
GkhDx9sHTkY,2953,27,0,2026-05-08 05:34:23.499207,cohort2
HdA-m8pxgUE,4376,0,1,2026-05-08 05:34:23.499207,cohort2
8iK0Wnbo4ss,31912,0,3,2026-05-08 05:34:23.499207,cohort2
vp8Dl8jLtpQ,31740,199,2,2026-05-08 05:34:23.499207,cohort2
KuWDY_q0cl4,29000,162,2,2026-05-08 05:34:23.499207,cohort2
JYLiA6eYotI,4001,18,0,2026-05-08 05:34:23.499207,cohort2
G1DI7TH3ORQ,26377,376,0,2026-05-08 05:34:23.499207,cohort2
GYtLVLAjkNI,23775,112,0,2026-05-08 05:34:23.499207,cohort2
z16TsgBLLuI,3036,12,0,2026-05-08 05:34:23.499207,cohort2
zkjcNg-K7aE,4614,9,0,2026-05-08 05:34:23.499207,cohort2
wG0JaQdQRR0,10257,46,0,2026-05-08 05:34:23.499207,cohort2
s8Vt0NbGg_s,10969,428,10,2026-05-08 05:34:23.499207,cohort2
d4gYEInVPdo,1680,15,0,2026-05-08 05:34:23.499207,cohort2
LMe1syOeDmg,4758,0,25,2026-05-08 05:34:23.499207,cohort2
wvlD8xtiTtU,1762,27,0,2026-05-08 05:34:23.499207,cohort2
ZElxIyXmlmA,11326,50,0,2026-05-08 05:34:23.499207,cohort2
XcB7ckJ2mfc,1216,39,3,2026-05-08 05:34:23.499207,cohort2
JPgAA56LnBI,16522,325,6,2026-05-08 05:34:23.499207,cohort2
lyFVARrR6YQ,1876,81,5,2026-05-08 05:34:23.499207,cohort2
JVEFIpEe7xs,179215,6837,64,2026-05-08 05:34:23.499207,cohort2
rhsqSBPGxAI,1232,22,0,2026-05-08 05:34:23.499207,cohort2
jLzcsR2Z88g,6614,114,3,2026-05-08 05:34:23.499207,cohort2
Rqxjw8UOioU,1156,34,7,2026-05-08 05:34:23.499207,cohort2
zXZhVRNrXTw,7702,165,1,2026-05-08 05:34:23.499207,cohort2
WYUtRxwErJc,3919,47,1,2026-05-08 05:34:23.499207,cohort2
dWrhPsuGAyM,27654,158,0,2026-05-08 05:34:23.499207,cohort2
5vVhyO64yy8,4917,30,4,2026-05-08 05:34:23.499207,cohort2
tKFhfEYdEQ4,1678,11,2,2026-05-08 05:34:23.499207,cohort2
_woibC1Uc4s,1515,29,3,2026-05-08 05:34:23.499207,cohort2
dtA1PDvWHWg,2209,46,0,2026-05-08 05:34:23.499207,cohort2
jIaFuaUQJj8,46843,1909,26,2026-05-08 05:34:23.499207,cohort2
uhaJClxKvBE,1584,23,0,2026-05-08 05:34:23.499207,cohort2
BzJDnSQ2N8s,1563,0,0,2026-05-08 05:34:23.499207,cohort2
js3MDn189WY,3047,0,1,2026-05-08 05:34:23.499207,cohort2
aZTg7Y1s3i4,4023,84,1,2026-05-08 05:34:23.499207,cohort2
w959JQyRWI0,18908,261,1,2026-05-08 05:34:23.499207,cohort2
SFwOEsdSG2A,2219,37,0,2026-05-08 05:34:23.499207,cohort2
d922sHgT8x4,4701,29,2,2026-05-08 05:34:23.499207,cohort2
noyibwhlMB0,1288,8,0,2026-05-08 05:34:23.499207,cohort2
zaSnfYBNq54,1747,26,0,2026-05-08 05:34:23.499207,cohort2
Nlk40c2coj0,927,37,2,2026-05-08 05:34:23.499207,cohort2
Dv0qYHpmbh8,18721,0,0,2026-05-08 05:34:23.499207,cohort2
Ptk-QwiDcgU,4431,49,1,2026-05-08 05:34:23.499207,cohort2
h54baYCq2aA,1512,22,2,2026-05-08 05:34:23.499207,cohort2
IPyxfkHAa4M,1686,20,0,2026-05-08 05:34:23.499207,cohort2
Br1nYlc0_Sw,1761,0,3,2026-05-08 05:34:23.499207,cohort2
_hYUAJKRaF8,754,6,0,2026-05-08 05:34:23.499207,cohort2
uFH5QQjqA9E,2769,53,1,2026-05-08 05:34:23.499207,cohort2
wRw8UgMP0j4,17974,0,7,2026-05-08 05:34:23.499207,cohort2
jkbhFGwtPug,1269,11,1,2026-05-08 05:34:23.499207,cohort2
hJv1s-a3sTw,1526,9,1,2026-05-08 05:34:23.499207,cohort2
uBm3mLxD_4s,2941,16,2,2026-05-08 05:34:23.499207,cohort2
UWPwKsit0Pc,29633,216,2,2026-05-08 05:34:23.499207,cohort2
F04vTZpR1RQ,4318,30,0,2026-05-08 05:34:23.499207,cohort2
fljjVxeIGBQ,1832,42,10,2026-05-08 05:34:23.499207,cohort2
GY3QqbsE6_E,1240,26,0,2026-05-08 05:34:23.499207,cohort2
709_w_fP4MI,2258,0,1,2026-05-08 05:34:23.499207,cohort2
6IvaMcKEFZ4,2456,0,0,2026-05-08 05:34:23.499207,cohort2
AY6gZbW7fNg,12750,61,0,2026-05-08 05:34:23.499207,cohort2
cMb_3R5RNpM,1730,12,0,2026-05-08 05:34:23.499207,cohort2
B335dKT404w,1823,14,0,2026-05-08 05:34:23.499207,cohort2
3eFMDNMsCas,4803,151,5,2026-05-08 05:34:23.499207,cohort2
IusZLMlE_-E,19227,204,11,2026-05-08 05:34:23.499207,cohort2
d9STPKfyKvw,7678,11,2,2026-05-08 05:34:23.499207,cohort2
LRfmdgbTeTg,17322,142,33,2026-05-08 05:34:23.499207,cohort2
79Y8qRw3wOw,1056,9,0,2026-05-08 05:34:23.499207,cohort2
9p0-60NCK1E,1523,26,0,2026-05-08 05:34:23.499207,cohort2
ky8i3fchNjY,1034,46,3,2026-05-08 05:34:23.499207,cohort2
nDpF4DLdsCw,23781,971,108,2026-05-08 05:34:23.499207,cohort2
8HGev-iN1ok,4285,0,6,2026-05-08 05:34:23.499207,cohort2
UHZACPm3jwE,1852,44,0,2026-05-08 05:34:23.499207,cohort2
4wpyQLSBNP0,1324,12,0,2026-05-08 05:34:23.499207,cohort2
96JomE0jqDc,3733,23,1,2026-05-08 05:34:23.499207,cohort2
Tsxwx7AYUoA,5919,131,0,2026-05-08 05:34:23.499207,cohort2
X-vUrqQSO_o,1001,18,0,2026-05-08 05:34:23.499207,cohort2
0UrXg_Rz_a0,860,35,0,2026-05-08 05:34:23.499207,cohort2
r5PvHf3pOM0,3337,15,0,2026-05-08 05:34:23.499207,cohort2
jDBrgXKGSkc,2552,23,0,2026-05-08 05:34:23.499207,cohort2
b6yNHBPmflE,1806,10,0,2026-05-08 05:34:23.499207,cohort2
hn_2QvmwX8k,1683,88,0,2026-05-08 05:34:23.499207,cohort2
PLiteqfznuU,1622,6,1,2026-05-08 05:34:23.499207,cohort2
ULT9GpdvlTo,13389,39,0,2026-05-08 05:34:23.499207,cohort2
DAJ7pVTcG3o,6848,38,1,2026-05-08 05:34:23.499207,cohort2
zmFbVma5gis,2027,48,4,2026-05-08 05:34:23.499207,cohort2
eax9iT4FyqI,913,8,0,2026-05-08 05:34:23.499207,cohort2
0whpKuKm2j0,3552,40,24,2026-05-08 05:34:23.499207,cohort2
q6SDQcqdiRc,1194,40,0,2026-05-08 05:34:23.499207,cohort2
saYo7NymFEM,1266,4,3,2026-05-08 05:34:23.499207,cohort2
ekNk1J1mvNA,12743,308,4,2026-05-08 05:34:23.499207,cohort2
PFgDUxXW13o,3124,97,2,2026-05-08 05:34:23.499207,cohort2
DEBOR0fU3wk,693,8,1,2026-05-08 05:34:23.499207,cohort2
h2J5qCMqoDQ,1371,10,0,2026-05-08 05:34:23.499207,cohort2
9sDO26vcgHA,13611,834,5,2026-05-08 05:34:23.499207,cohort2
P5gnG3RSnxg,2703,107,0,2026-05-08 05:34:23.499207,cohort2
1b_vbZjeflg,3812,54,4,2026-05-08 05:34:23.499207,cohort2
7NfP8a2mh04,3748,8,0,2026-05-08 05:34:23.499207,cohort2
WG93JdMIC20,1701,16,1,2026-05-08 05:34:23.499207,cohort2
_d6P-_ncL7w,639,12,1,2026-05-08 05:34:23.499207,cohort2
hcSEYzYuPA8,3817,11,0,2026-05-08 05:34:23.499207,cohort2
I2kw1nSu3fc,1166,28,1,2026-05-08 05:34:23.499207,cohort2
PYPSQfBL4Fc,1392,8,0,2026-05-08 05:34:23.499207,cohort2
NQ0DPM5zf5M,1674,13,0,2026-05-08 05:34:23.499207,cohort2
h6_Ai6urk5I,834,21,0,2026-05-08 05:34:23.499207,cohort2
aXZ4n21QM5M,1385,67,18,2026-05-08 05:34:23.499207,cohort2
WE0BMrTjCbQ,11781,53,0,2026-05-08 05:34:23.499207,cohort2
exYOPLvW-II,1179,25,10,2026-05-08 05:34:23.499207,cohort2
dMtGQ2EfaS4,1407,26,3,2026-05-08 05:34:23.499207,cohort2
BoVryGyxefU,2052,33,3,2026-05-08 05:34:23.499207,cohort2
RlklbNyKIcU,14296,0,0,2026-05-08 05:34:23.499207,cohort2
tuyV7-6rWO8,708,8,0,2026-05-08 05:34:23.499207,cohort2
D8Mu8ZPDPww,1620,18,0,2026-05-08 05:34:23.499207,cohort2
iwuv_Jf-Bks,746,40,6,2026-05-08 05:34:23.499207,cohort2
ZQh7s45Yt2o,5620,495,1,2026-05-08 05:34:23.499207,cohort2
3YKQ2lUo8A0,1600,77,0,2026-05-08 05:34:23.499207,cohort2
nMqoyOvyuXc,1880,29,0,2026-05-08 05:34:23.499207,cohort2
z8ZDpw9mhUk,2969,43,2,2026-05-08 05:34:23.499207,cohort2
OXHWRsQMzrY,1239,15,0,2026-05-08 05:34:23.499207,cohort2
