video_id,views,likes,comments,tracked_at,cohort_id
1109gqO5oGo,523755,15019,97,2026-05-14 08:05:26.877501,cohort3
oFmD2PbIftA,169552,9389,17,2026-05-14 08:05:26.877501,cohort3
FIjlwByE538,119219,3523,62,2026-05-14 08:05:26.877501,cohort3
KvcxuhWbbSA,61112,7818,87,2026-05-14 08:05:26.877501,cohort3
8nzSD5N2ip8,66095,452,1,2026-05-14 08:05:26.877501,cohort3
Xg8JvTyeWx0,49218,636,2,2026-05-14 08:05:26.877501,cohort3
Y1_yTNuyqHQ,48753,357,3,2026-05-14 08:05:26.877501,cohort3
WyBG1FZf648,40974,1077,0,2026-05-14 08:05:26.877501,cohort3
VUFud-jmMz8,39808,518,68,2026-05-14 08:05:26.877501,cohort3
q19jN8Tq9E0,48579,858,0,2026-05-14 08:05:26.877501,cohort3
Q_yg2CxvGlw,34544,340,1,2026-05-14 08:05:26.877501,cohort3
zHkcFTFmKyY,31976,2133,21,2026-05-14 08:05:26.877501,cohort3
0yOf48MRCIY,48633,159,0,2026-05-14 08:05:26.877501,cohort3
rGU3yh7lpZk,24924,345,95,2026-05-14 08:05:26.877501,cohort3
pYcZ9vZFrxM,26848,586,0,2026-05-14 08:05:26.877501,cohort3
R-R6W9GHMRk,22356,307,0,2026-05-14 08:05:26.877501,cohort3
IGpatKX-31M,80369,4242,39,2026-05-14 08:05:26.877501,cohort3
OwLH9rBDov0,20789,724,6,2026-05-14 08:05:26.877501,cohort3
YEpIh5Yxokw,34177,362,55,2026-05-14 08:05:26.877501,cohort3
NXBTs29o9Gg,17427,104,1,2026-05-14 08:05:26.877501,cohort3
gJA5y-IMAjY,15889,0,4,2026-05-14 08:05:26.877501,cohort3
txBVIsLzQWw,20140,279,10,2026-05-14 08:05:26.877501,cohort3
8jkuLdsL4oo,19739,265,7,2026-05-14 08:05:26.877501,cohort3
L3xEAoyytak,28235,122,0,2026-05-14 08:05:26.877501,cohort3
CU3tv6GxuBE,26518,268,2,2026-05-14 08:05:26.877501,cohort3
M4cS4JpUi3o,28573,120,1,2026-05-14 08:05:26.877501,cohort3
el22dLXLTu4,11383,0,1,2026-05-14 08:05:26.877501,cohort3
jZgiOKhWpU0,29690,85,10,2026-05-14 08:05:26.877501,cohort3
rMXdW6EVyBM,15898,355,54,2026-05-14 08:05:26.877501,cohort3
VU32Dbqwv6A,140693,6828,35,2026-05-14 08:05:26.877501,cohort3
cboM6w8VVoM,47951,5832,137,2026-05-14 08:05:26.877501,cohort3
Dym9-kWiInM,8542,201,2,2026-05-14 08:05:26.877501,cohort3
cvQicVgPqTI,17706,56,0,2026-05-14 08:05:26.877501,cohort3
-FrE6TbNvQc,9311,116,0,2026-05-14 08:05:26.877501,cohort3
zj_mYNB7Jlg,13751,1274,77,2026-05-14 08:05:26.877501,cohort3
frzMrzw_pDQ,11083,106,0,2026-05-14 08:05:26.877501,cohort3
Q1uudWcokRo,81823,1873,11,2026-05-14 08:05:26.877501,cohort3
J4DbUap0BZg,161214,2992,15,2026-05-14 08:05:26.877501,cohort3
m2WKhTH5EFk,6937,0,39,2026-05-14 08:05:26.877501,cohort3
hK_MNZuuGeY,9521,80,0,2026-05-14 08:05:26.877501,cohort3
zk8w4Dya8_g,7382,145,2,2026-05-14 08:05:26.877501,cohort3
s_xsGqyAzpI,10894,225,1,2026-05-14 08:05:26.877501,cohort3
4EQwN_0F4-E,15479,20,0,2026-05-14 08:05:26.877501,cohort3
1JveZuqNmRI,12816,40,0,2026-05-14 08:05:26.877501,cohort3
jVst40VuzDA,12099,10,15,2026-05-14 08:05:26.877501,cohort3
p-meA4uy4eE,6240,185,4,2026-05-14 08:05:26.877501,cohort3
nPdZiCG5l8E,9738,63,2,2026-05-14 08:05:26.877501,cohort3
DQ0PfQ4dZH8,6718,105,1,2026-05-14 08:05:26.877501,cohort3
waw_egstnZE,43119,538,13,2026-05-14 08:05:26.877501,cohort3
Su1QwBXmj6w,6623,50,2,2026-05-14 08:05:26.877501,cohort3
VxJWnTcsXeE,15924,78,0,2026-05-14 08:05:26.877501,cohort3
W7ywyXGSi7E,8392,34,0,2026-05-14 08:05:26.877501,cohort3
pVnKfsgQMmw,8792,98,0,2026-05-14 08:05:26.877501,cohort3
yOmoEWmAy58,15578,30,0,2026-05-14 08:05:26.877501,cohort3
RiXmHyCW7Mo,7835,693,488,2026-05-14 08:05:26.877501,cohort3
U6j8_ZHO5k0,5393,240,25,2026-05-14 08:05:26.877501,cohort3
ss-MMlWVrLY,5845,386,5,2026-05-14 08:05:26.877501,cohort3
0XBme2bWQi0,19503,2708,119,2026-05-14 08:05:26.877501,cohort3
DhWH-XRwmy4,7974,44,0,2026-05-14 08:05:26.877501,cohort3
BQq9EnmSFGI,5405,0,0,2026-05-14 08:05:26.877501,cohort3
-Ehr7b7ljds,3495,275,5,2026-05-14 08:05:26.877501,cohort3
UFzE0aPrFJ0,11996,51,0,2026-05-14 08:05:26.877501,cohort3
olBXTQxAnKk,8780,15,8,2026-05-14 08:05:26.877501,cohort3
TeS-6k_BWa0,4882,246,39,2026-05-14 08:05:26.877501,cohort3
h6kAY7B-WwE,11117,23,0,2026-05-14 08:05:26.877501,cohort3
pyMNhJXOJOI,5718,31,1,2026-05-14 08:05:26.877501,cohort3
yDVbCPNFz_U,4255,197,13,2026-05-14 08:05:26.877501,cohort3
rVM522pWfQE,9115,12,1,2026-05-14 08:05:26.877501,cohort3
OEhZ0FvfKeE,15634,1792,15,2026-05-14 08:05:26.877501,cohort3
SnS_QqS1rRI,8003,84,0,2026-05-14 08:05:26.877501,cohort3
tGBI-X5GdtM,6222,0,3,2026-05-14 08:05:26.877501,cohort3
6WANHvHT1mI,6312,32,1,2026-05-14 08:05:26.877501,cohort3
uzfOQydNpJs,2537,40,12,2026-05-14 08:05:26.877501,cohort3
t92n8bszngs,8946,38,0,2026-05-14 08:05:26.877501,cohort3
v7dFdqvElTE,3033,116,65,2026-05-14 08:05:26.877501,cohort3
B7IpuDdlFgo,6323,23,0,2026-05-14 08:05:26.877501,cohort3
qJrrNqmdFIM,3827,0,2,2026-05-14 08:05:26.877501,cohort3
GYW9PV0MtsQ,4644,75,1,2026-05-14 08:05:26.877501,cohort3
FlH3raMSdfU,2854,36,0,2026-05-14 08:05:26.877501,cohort3
17s3uKE5ARI,5596,31,0,2026-05-14 08:05:26.877501,cohort3
eWAMRSDoiME,5580,33,0,2026-05-14 08:05:26.877501,cohort3
J1Z43pWRbs8,5291,460,3,2026-05-14 08:05:26.877501,cohort3
QNUmLNGoO9Y,3194,46,0,2026-05-14 08:05:26.877501,cohort3
8c1bpP2kK-4,6071,10,1,2026-05-14 08:05:26.877501,cohort3
kRRcjQvOEAU,4259,35,0,2026-05-14 08:05:26.877501,cohort3
gKgqRlV7IeI,3089,92,0,2026-05-14 08:05:26.877501,cohort3
ilVbxQ1917I,5309,16,1,2026-05-14 08:05:26.877501,cohort3
WvKYodJWB8E,5009,24,0,2026-05-14 08:05:26.877501,cohort3
7KK4YdUsrro,3415,43,0,2026-05-14 08:05:26.877501,cohort3
FNyE65wSiHU,4194,0,18,2026-05-14 08:05:26.877501,cohort3
T_UiMBuz-7c,2538,102,3,2026-05-14 08:05:26.877501,cohort3
1K_ef78I-cs,7168,22,0,2026-05-14 08:05:26.877501,cohort3
5034udlayJQ,2771,19,0,2026-05-14 08:05:26.877501,cohort3
JKQrM8LAkRE,1675,0,1,2026-05-14 08:05:26.877501,cohort3
A0TZh9YSeUI,3958,17,0,2026-05-14 08:05:26.877501,cohort3
gO3V_8KY3b0,6632,38,4,2026-05-14 08:05:26.877501,cohort3
u7TFph_gQTY,2166,16,1,2026-05-14 08:05:26.877501,cohort3
xl8d10ISvG4,8714,203,5,2026-05-14 08:05:26.877501,cohort3
xgQegicuO3M,3871,227,10,2026-05-14 08:05:26.877501,cohort3
Yzq0fac9PX8,1287,48,0,2026-05-14 08:05:26.877501,cohort3
1I3VCOl4ysQ,3625,84,0,2026-05-14 08:05:26.877501,cohort3
HS0kzb8ylHU,9663,407,1,2026-05-14 08:05:26.877501,cohort3
qf4Gs6L1DUw,2755,57,10,2026-05-14 08:05:26.877501,cohort3
N51SyUqi1Ww,4197,41,0,2026-05-14 08:05:26.877501,cohort3
r6d_yvGCkdE,2574,37,6,2026-05-14 08:05:26.877501,cohort3
c8bCRfz9mwM,3857,25,10,2026-05-14 08:05:26.877501,cohort3
EzyDbu-KYXs,3469,168,14,2026-05-14 08:05:26.877501,cohort3
LgcXsJEilDo,5233,159,1,2026-05-14 08:05:26.877501,cohort3
1QG6FjY2AEs,14986,677,64,2026-05-14 08:05:26.877501,cohort3
LWcdv8IfI5c,8260,633,3,2026-05-14 08:05:26.877501,cohort3
Q8Sc_05ajBo,3910,33,0,2026-05-14 08:05:26.877501,cohort3
QRdOqeBtTZE,2445,84,0,2026-05-14 08:05:26.877501,cohort3
vEomourPKSg,321839,6465,27,2026-05-14 08:05:26.877501,cohort3
28bbsKcpR-U,2739,69,1,2026-05-14 08:05:26.877501,cohort3
a7gmO1BB72A,2295,37,7,2026-05-14 08:05:26.877501,cohort3
IzayoH-c3Y0,14816,544,0,2026-05-14 08:05:26.877501,cohort3
aUzQQScII0E,3099,41,0,2026-05-14 08:05:26.877501,cohort3
uhVzRthZ2y8,1773,0,1,2026-05-14 08:05:26.877501,cohort3
9VcET-JR-l4,3510,0,6,2026-05-14 08:05:26.877501,cohort3
TMEMDflzptE,1176,41,9,2026-05-14 08:05:26.877501,cohort3
W3KnFSGm-is,2258,18,0,2026-05-14 08:05:26.877501,cohort3
Y7hGLH-w1S0,3018,0,10,2026-05-14 08:05:26.877501,cohort3
qdlW6NrC0lY,4154,76,0,2026-05-14 08:05:26.877501,cohort3
kPxIBP_X2Ao,1374,47,5,2026-05-14 08:05:26.877501,cohort3
6kaSRDa_-iE,1229,62,2,2026-05-14 08:05:26.877501,cohort3
fvBKpxS_tLU,1605,41,2,2026-05-14 08:05:26.877501,cohort3
QRXphcwc_zc,1487,32,2,2026-05-14 08:05:26.877501,cohort3
9o0kLocjyeo,1243,22,1,2026-05-14 08:05:26.877501,cohort3
3Zp56JVI4U4,3659,180,6,2026-05-14 08:05:26.877501,cohort3
Yq8G-i9imX8,1841,25,0,2026-05-14 08:05:26.877501,cohort3
GMKsqOkrryc,23572,650,4,2026-05-14 08:05:26.877501,cohort3
6FZ8A43m8Rg,1548,137,4,2026-05-14 08:05:26.877501,cohort3
JdSEetzVY8U,2987,16,0,2026-05-14 08:05:26.877501,cohort3
Co6WstKZoMo,1744,25,0,2026-05-14 08:05:26.877501,cohort3
0y71_9fQuI0,969,20,0,2026-05-14 08:05:26.877501,cohort3
Y_hnAMTtgkE,895,26,0,2026-05-14 08:05:26.877501,cohort3
nkydxta3qlE,1622,12,0,2026-05-14 08:05:26.877501,cohort3
HwgjpETU3kQ,4965,20,0,2026-05-14 08:05:26.877501,cohort3
ClhLO8o5eRo,7979,457,8,2026-05-14 08:05:26.877501,cohort3
OnPBmf2Jvyc,902,12,4,2026-05-14 08:05:26.877501,cohort3
ACFNRfV4l50,1844,12,0,2026-05-14 08:05:26.877501,cohort3
9HK_T7qsR_8,1744,87,4,2026-05-14 08:05:26.877501,cohort3
NU4s4iD5YC0,1834,23,6,2026-05-14 08:05:26.877501,cohort3
GWvG4nX-NHM,1050,49,0,2026-05-14 08:05:26.877501,cohort3
20ZF4aaXqn8,2353,13,1,2026-05-14 08:05:26.877501,cohort3
LzgUtaCtofw,1714,9,0,2026-05-14 08:05:26.877501,cohort3
rrEOxchfbLk,1430,44,7,2026-05-14 08:05:26.877501,cohort3
M7FrPP39lSg,1147,0,3,2026-05-14 08:05:26.877501,cohort3
5m_hVuNUK2Y,2598,10,0,2026-05-14 08:05:26.877501,cohort3
h_P1_Q3sZ1Y,7396,334,3,2026-05-14 08:05:26.877501,cohort3
jgfmmPpHBb0,1572,12,0,2026-05-14 08:05:26.877501,cohort3
i9z19FoOVmc,8015,1125,89,2026-05-14 08:05:26.877501,cohort3
u9lKPGfNOnI,7563,145,0,2026-05-14 08:05:26.877501,cohort3
NFwiUtyFQac,1834,49,2,2026-05-14 08:05:26.877501,cohort3
QVkelJjEnMk,1060,31,0,2026-05-14 08:05:26.877501,cohort3
SeQP9MRmz8o,1877,49,2,2026-05-14 08:05:26.877501,cohort3
FcO0H0qgmCA,1268,44,3,2026-05-14 08:05:26.877501,cohort3
w4cYUu8EOYQ,1565,23,0,2026-05-14 08:05:26.877501,cohort3
j93ssOoHX-A,1176,10,1,2026-05-14 08:05:26.877501,cohort3
CnfbB7fSOF8,1378,25,1,2026-05-14 08:05:26.877501,cohort3
wqkhoaAGTfs,1102,5,0,2026-05-14 08:05:26.877501,cohort3
BiIcQciyVB8,1369,0,0,2026-05-14 08:05:26.877501,cohort3
1r8dwTYGNSk,2507,118,3,2026-05-14 08:05:26.877501,cohort3
ZrXpXQvjcQQ,2450,57,12,2026-05-14 08:05:26.877501,cohort3
Xur7XgOl_yA,965,1,0,2026-05-14 08:05:26.877501,cohort3
u32RFc_9pfM,1377,51,1,2026-05-14 08:05:26.877501,cohort3
lEHEnK1bduA,1047,11,0,2026-05-14 08:05:26.877501,cohort3
5KOpzd0TEy8,1431,16,0,2026-05-14 08:05:26.877501,cohort3
EjcuQGPt1R0,1030,6,0,2026-05-14 08:05:26.877501,cohort3
hbcGLmkW_-o,1194,43,36,2026-05-14 08:05:26.877501,cohort3
AHRoWLpTs1Q,1131,12,0,2026-05-14 08:05:26.877501,cohort3
JUOOcUHYLn0,4329,124,3,2026-05-14 08:05:26.877501,cohort3
41pazsoQsKc,1090,9,0,2026-05-14 08:05:26.877501,cohort3
7zGi37_Mo-M,6222,65,0,2026-05-14 08:05:26.877501,cohort3
MyFNOo1_GKg,11719,67,3,2026-05-14 08:05:26.877501,cohort3
6iGOhNr9-Ko,1239,23,0,2026-05-14 08:05:26.877501,cohort3
kYjC2EAQMaE,1355,44,0,2026-05-14 08:05:26.877501,cohort3
3nxJt1ticUA,2448,4,0,2026-05-14 08:05:26.877501,cohort3
WouyFAMASzY,888,7,0,2026-05-14 08:05:26.877501,cohort3
c9W2QvR2R3s,1224,20,0,2026-05-14 08:05:26.877501,cohort3
R4Q86Hhs9zE,1745,40,1,2026-05-14 08:05:26.877501,cohort3
yMlw2IrGlIo,705,0,0,2026-05-14 08:05:26.877501,cohort3
FMRGBRCqg_s,1447,18,1,2026-05-14 08:05:26.877501,cohort3
TgVHw74SKAI,1103,16,0,2026-05-14 08:05:26.877501,cohort3
RnOwfKZvffw,6130,245,2,2026-05-14 08:05:26.877501,cohort3
GqcfZHiXJMA,4304,53,1,2026-05-14 08:05:26.877501,cohort3
IRjofNhuNeQ,2636,26,0,2026-05-14 08:05:26.877501,cohort3
0EmFi6I4qkQ,2351,108,3,2026-05-14 08:05:26.877501,cohort3
f5eSl4dosW8,2122,253,2,2026-05-14 08:05:26.877501,cohort3
W2VbetxSgcg,1978,98,4,2026-05-14 08:05:26.877501,cohort3
nCmDTuykDNE,1901,81,6,2026-05-14 08:05:26.877501,cohort3
pIXV1-kNi2c,1185,70,4,2026-05-14 08:05:26.877501,cohort3
CozvUZg2uBg,1137,34,9,2026-05-14 08:05:26.877501,cohort3
PCLJT8XxKe8,2778,15,0,2026-05-14 08:05:26.877501,cohort3
wj4MXY7tMnI,914,38,0,2026-05-14 08:05:26.877501,cohort3
x-uMJCmzyL4,1224,12,1,2026-05-14 08:05:26.877501,cohort3
wtiK8FpQLs8,997,22,3,2026-05-14 08:05:26.877501,cohort3
6BIPEdM8MY8,814,38,2,2026-05-14 08:05:26.877501,cohort3
Cjn-3BYO3rY,2052,16,0,2026-05-14 08:05:26.877501,cohort3
vUL-pF-Lp6Q,1344,16,4,2026-05-14 08:05:26.877501,cohort3
JZDMT_gjetA,1798,16,1,2026-05-14 08:05:26.877501,cohort3
C23ATAn5M3U,644,9,1,2026-05-14 08:05:26.877501,cohort3
rbAvc2bNelQ,2647,68,2,2026-05-14 08:05:26.877501,cohort3
6HsbJ7z5ctI,1527,29,0,2026-05-14 08:05:26.877501,cohort3
hAtKWR-1pEs,3530,109,0,2026-05-14 08:05:26.877501,cohort3
NCdoTXYsP_A,1049,0,0,2026-05-14 08:05:26.877501,cohort3
Vb5RADCkce8,943,30,0,2026-05-14 08:05:26.877501,cohort3
0snHIFYRrOo,3086,3,0,2026-05-14 08:05:26.877501,cohort3
1U_B9mn_pzk,1142,27,1,2026-05-14 08:05:26.877501,cohort3
wwfWbtGt4T8,1047,6,0,2026-05-14 08:05:26.877501,cohort3
ZtyawLxEZpI,1037,27,0,2026-05-14 08:05:26.877501,cohort3
VpfZv0CsRoA,776,7,0,2026-05-14 08:05:26.877501,cohort3
gCGWzckiahI,1261,17,0,2026-05-14 08:05:26.877501,cohort3
Vev-BMcXHho,992,13,2,2026-05-14 08:05:26.877501,cohort3
pggjv6EZRu4,1707,25,0,2026-05-14 08:05:26.877501,cohort3
tThXHX6KekA,1000,35,0,2026-05-14 08:05:26.877501,cohort3
UMdUjZomNsU,690,21,0,2026-05-14 08:05:26.877501,cohort3
eKzb1RKYSUM,1892,15,0,2026-05-14 08:05:26.877501,cohort3
JgqiD7TKJX4,1097,3,0,2026-05-14 08:05:26.877501,cohort3
OYCSDuV3_fY,10000,0,2,2026-05-14 08:05:26.877501,cohort3
uuRSIghKJ8s,919,14,0,2026-05-14 08:05:26.877501,cohort3
tVVN5rfFcpI,1422,14,3,2026-05-14 08:05:26.877501,cohort3
Xv9DUx1NoDw,12783,75,16,2026-05-14 08:05:26.877501,cohort3
VBJoaZXapAg,7000,601,24,2026-05-14 08:05:26.877501,cohort3
UHoU2jGoHiY,1450,0,2,2026-05-14 08:05:26.877501,cohort3
QcBLVviuFns,12175,58,3,2026-05-14 08:05:26.877501,cohort3
fRv8KKbyPNQ,696,30,2,2026-05-14 08:05:26.877501,cohort3
M7KyduM8WA4,2027,20,2,2026-05-14 08:05:26.877501,cohort3
y89mRR2jby4,795,7,6,2026-05-14 08:05:26.877501,cohort3
S9XMknRveG0,3980,8,0,2026-05-14 08:05:26.877501,cohort3
MA76_CJ63xY,1573,13,1,2026-05-14 08:05:26.877501,cohort3
oFvdABEfMCY,1473,34,0,2026-05-14 08:05:26.877501,cohort3
4lTm24zr_JQ,4087,182,1,2026-05-14 08:05:26.877501,cohort3
lOCar5PWRB4,1693,23,3,2026-05-14 08:05:26.877501,cohort3
SMH2HgXPC6k,1441,38,0,2026-05-14 08:05:26.877501,cohort3
BwZUvus7RMA,11033,16,1,2026-05-14 08:05:26.877501,cohort3
03_e2NIlDT8,729,59,19,2026-05-14 08:05:26.877501,cohort3
Cm4ymJFaTC0,1557,26,1,2026-05-14 08:05:26.877501,cohort3
mGAvwIVwekM,22750,0,17,2026-05-14 08:05:26.877501,cohort3
AahJtOM0hGA,1342,57,4,2026-05-14 08:05:26.877501,cohort3
AuDUu1V5Re8,4858,31,0,2026-05-14 08:05:26.877501,cohort3
AFNNIGP6kks,5057,18,0,2026-05-14 08:05:26.877501,cohort3
yOW1GzpaFAw,26377,160,2,2026-05-14 08:05:26.877501,cohort3
NA1e_JYfPI0,7832,188,0,2026-05-14 08:05:26.877501,cohort3
leYD-nmMeBI,9291,88,0,2026-05-14 08:05:26.877501,cohort3
UKIYr0bkvKo,9882,0,0,2026-05-14 08:05:26.877501,cohort3
U7kKKGLCyow,4941,98,1,2026-05-14 08:05:26.877501,cohort3
GAls3kX-EJg,1008,41,10,2026-05-14 08:05:26.877501,cohort3
1SinRmfSX6A,4597,33,0,2026-05-14 08:05:26.877501,cohort3
RBPPWEFIuAc,1558,20,2,2026-05-14 08:05:26.877501,cohort3
iiWNKfPrnM8,509,0,5,2026-05-14 08:05:26.877501,cohort3
xcCqwINGNg8,26407,111,124,2026-05-14 08:05:26.877501,cohort3
ZBnRHPhlumM,431,25,14,2026-05-14 08:05:26.877501,cohort3
uSsuA2zjPKg,15732,73,0,2026-05-14 08:05:26.877501,cohort3
i2PmasH5y9k,13909,187,70,2026-05-14 08:05:26.877501,cohort3
XsT0jJTCJgc,1306,18,0,2026-05-14 08:05:26.877501,cohort3
lB7NBsPpqJ0,2038,110,0,2026-05-14 08:05:26.877501,cohort3
gLR2W1FJ8P0,567,6,1,2026-05-14 08:05:26.877501,cohort3
Od4mfgOFaqg,862,108,5,2026-05-14 08:05:26.877501,cohort3
2aCu6ux25MI,711,1,0,2026-05-14 08:05:26.877501,cohort3
l0DI2iB9ldw,1077,6,1,2026-05-14 08:05:26.877501,cohort3
g3fEtSyQloo,1837,7,0,2026-05-14 08:05:26.877501,cohort3
Q3kRndcte0E,15008,83,0,2026-05-14 08:05:26.877501,cohort3
Vo1vv_Ym5Cc,1759,44,1,2026-05-14 08:05:26.877501,cohort3
w3d9nSdTGRM,691,4,2,2026-05-14 08:05:26.877501,cohort3
_ORVex7RgzM,2329,34,0,2026-05-14 08:05:26.877501,cohort3
Gn-mNHd7TXk,307,0,1,2026-05-14 08:05:26.877501,cohort3
BTkji_ZJchs,0,0,0,2026-05-14 08:05:26.877501,cohort3
LLmASTg5zTA,183,3,0,2026-05-14 08:05:26.877501,cohort3
kpg781AgU9k,16,3,0,2026-05-14 08:05:26.877501,cohort3
fH31AerO5ug,1352,44,6,2026-05-14 08:05:26.877501,cohort3
H76uwtIK1os,107,3,0,2026-05-14 08:05:26.877501,cohort3
ME1MlJrfHb4,953,9,0,2026-05-14 08:05:26.877501,cohort3
0TeTLQd_Kgk,2617,52,2,2026-05-14 08:05:26.877501,cohort3
3OMGaTmBCvQ,184,0,0,2026-05-14 08:05:26.877501,cohort3
fQmxUC8Di9E,2739,215,0,2026-05-14 08:05:26.877501,cohort3
ddfqymtwp6E,738,7,0,2026-05-14 08:05:26.877501,cohort3
p-AFzTLnii0,1297,8,0,2026-05-14 08:05:26.877501,cohort3
BBLOOKAzogo,4177,65,2,2026-05-14 08:05:26.877501,cohort3
SVOkqzzftNc,2877,7,0,2026-05-14 08:05:26.877501,cohort3
ul965bFb60Q,28926,0,1,2026-05-14 08:05:26.877501,cohort3
7DQBb4TSuFg,32493,240,1,2026-05-14 08:05:26.877501,cohort3
FY0b8kfAWqE,16395,283,15,2026-05-14 08:05:26.877501,cohort3
HpW0hFFUfzM,21953,1765,1,2026-05-14 08:05:26.877501,cohort3
BZAK7bPZRIk,47164,1462,12,2026-05-14 08:05:26.877501,cohort3
NiFzocRzTnA,1090812,19374,252,2026-05-14 08:05:26.877501,cohort3
EkzAJE9jCMI,16984,505,0,2026-05-14 08:05:26.877501,cohort3
fKzhDNkNHgY,11396,38,0,2026-05-14 08:05:26.877501,cohort3
KokmUFJhgOE,13639,1373,17,2026-05-14 08:05:26.877501,cohort3
2XfipfdRetU,6710,118,1,2026-05-14 08:05:26.877501,cohort3
GG5Xop0s-Ss,5069,62,0,2026-05-14 08:05:26.877501,cohort3
LPA4ajdgboQ,31901,914,53,2026-05-14 08:05:26.877501,cohort3
XleHdxX7c1o,15619,204,14,2026-05-14 08:05:26.877501,cohort3
xq3JtqC2tic,14088,294,2,2026-05-14 08:05:26.877501,cohort3
-pzEgeUEUJI,31083,151,0,2026-05-14 08:05:26.877501,cohort3
t62ES0itVWA,29991,204,0,2026-05-14 08:05:26.877501,cohort3
2kru4OOwgs8,20976,160,6,2026-05-14 08:05:26.877501,cohort3
HEgID7liLxk,4460,111,2,2026-05-14 08:05:26.877501,cohort3
Y7bkcfBLQvs,8854,34,1,2026-05-14 08:05:26.877501,cohort3
AYveM58k934,3979,54,2,2026-05-14 08:05:26.877501,cohort3
pfPskj9X5RQ,5174,53,9,2026-05-14 08:05:26.877501,cohort3
Z8L3kUjfzII,31512,507,7,2026-05-14 08:05:26.877501,cohort3
ftWyAkuA9A0,9561,43,1,2026-05-14 08:05:26.877501,cohort3
6l0IAaeQV9o,10762,87,4,2026-05-14 08:05:26.877501,cohort3
RqTZOQYeSj8,10489,235,1,2026-05-14 08:05:26.877501,cohort3
4KhF-pf3yTQ,3301,55,2,2026-05-14 08:05:26.877501,cohort3
T6GNRDi5b3Y,7174,221,18,2026-05-14 08:05:26.877501,cohort3
tnDGeZGeUWI,7478,5,0,2026-05-14 08:05:26.877501,cohort3
IDZ2lFb2wTM,3334,15,0,2026-05-14 08:05:26.877501,cohort3
D58uQP2HG94,34383,168,0,2026-05-14 08:05:26.877501,cohort3
ifqkEvuqHbI,43131,1338,10,2026-05-14 08:05:26.877501,cohort3
lzaOLtEOqgI,13462,23,1,2026-05-14 08:05:26.877501,cohort3
PUI3hPRXTEQ,4395,25,0,2026-05-14 08:05:26.877501,cohort3
15JwNKYy6Vg,25461,735,67,2026-05-14 08:05:26.877501,cohort3
RvJAtMuBV5g,4620,54,0,2026-05-14 08:05:26.877501,cohort3
Es8bRaKZHkQ,1399,21,0,2026-05-14 08:05:26.877501,cohort3
gm-iEVxl5Ew,1964,19,7,2026-05-14 08:05:26.877501,cohort3
FyckdNPkmVk,7356,122,1,2026-05-14 08:05:26.877501,cohort3
0spHr4gCY4w,2959,0,0,2026-05-14 08:05:26.877501,cohort3
_GWFMlcwnF8,5356,16,0,2026-05-14 08:05:26.877501,cohort3
QmorWWrDL04,27983,0,173,2026-05-14 08:05:26.877501,cohort3
Q8XB2RQ3ROI,1518,10,1,2026-05-14 08:05:26.877501,cohort3
6ifUbpbI55M,2449,23,1,2026-05-14 08:05:26.877501,cohort3
bL7XBZJboNM,3637,39,1,2026-05-14 08:05:26.877501,cohort3
GyrTFM9gmXY,1849,24,0,2026-05-14 08:05:26.877501,cohort3
a2XfZ4VXvGA,2252,26,0,2026-05-14 08:05:26.877501,cohort3
gRV8O-JrxOY,3506,132,13,2026-05-14 08:05:26.877501,cohort3
TJveAqdT5EA,1746,26,0,2026-05-14 08:05:26.877501,cohort3
mDYRXJ0p4PQ,1212,18,0,2026-05-14 08:05:26.877501,cohort3
5y8TUm2aD0o,5805,34,0,2026-05-14 08:05:26.877501,cohort3
p9UYqskIoQA,11000,525,9,2026-05-14 08:05:26.877501,cohort3
xzKUi93pPHA,22869,1249,40,2026-05-14 08:05:26.877501,cohort3
rT-NLSHcE9s,2664,18,0,2026-05-14 08:05:26.877501,cohort3
-_mHx7Ft5wU,1166,41,1,2026-05-14 08:05:26.877501,cohort3
AlSZCsLEIgs,1151,25,0,2026-05-14 08:05:26.877501,cohort3
r3gidU4xS7I,959,0,0,2026-05-14 08:05:26.877501,cohort3
uilr_SZtOUI,5186,167,7,2026-05-14 08:05:26.877501,cohort3
7D9WIfmzntE,2982,124,4,2026-05-14 08:05:26.877501,cohort3
64Kgdkeu624,1331,22,1,2026-05-14 08:05:26.877501,cohort3
8DQIdUPSTSI,1307,16,1,2026-05-14 08:05:26.877501,cohort3
QZsiQ82Z2NQ,10989,115,0,2026-05-14 08:05:26.877501,cohort3
f3rQ9mfaMTQ,1021,26,1,2026-05-14 08:05:26.877501,cohort3
gZeUZ59Isp0,877,33,4,2026-05-14 08:05:26.877501,cohort3
L7Z0xXi8K7c,877,26,0,2026-05-14 08:05:26.877501,cohort3
1CumQ1UO9IE,11022,265,5,2026-05-14 08:05:26.877501,cohort3
ehJEp8UBqVI,734,4,1,2026-05-14 08:05:26.877501,cohort3
llkjHbzopc8,41373,574,4,2026-05-14 08:05:26.877501,cohort3
6MTTJ_sesws,6591,254,6,2026-05-14 08:05:26.877501,cohort3
ES7Fm2NxK0Y,1236,46,1,2026-05-14 08:05:26.877501,cohort3
hPspv_cG0T4,1437,13,2,2026-05-14 08:05:26.877501,cohort3
gMoqx9_XKWA,10407,134,1,2026-05-14 08:05:26.877501,cohort3
fKQ_8fCJiBQ,1413,34,2,2026-05-14 08:05:26.877501,cohort3
erHoZyk8jOU,5820,131,11,2026-05-14 08:05:26.877501,cohort3
JFi0y0ee9C0,13672,0,1,2026-05-14 08:05:26.877501,cohort3
TUR6yFb7sVI,1434,111,21,2026-05-14 08:05:26.877501,cohort3
UrRo4FbJfgI,762,55,3,2026-05-14 08:05:26.877501,cohort3
p9hMaOcN-h0,693,6,0,2026-05-14 08:05:26.877501,cohort3
BPzQ7h1WteM,913,17,1,2026-05-14 08:05:26.877501,cohort3
Myf61iqyVaI,439,12,0,2026-05-14 08:05:26.877501,cohort3
ODkYVR6PR5U,1095,37,0,2026-05-14 08:05:26.877501,cohort3
NLIVrkP2KnQ,773,9,1,2026-05-14 08:05:26.877501,cohort3
htdw_jINtxY,1254,49,0,2026-05-14 08:05:26.877501,cohort3
bkuCXbCczuo,1280,20,3,2026-05-14 08:05:26.877501,cohort3
oiCnT4xsyvE,1137,0,6,2026-05-14 08:05:26.877501,cohort3
VVXPeqoXlag,1211,0,0,2026-05-14 08:05:26.877501,cohort3
4tNYDcnwu3Q,1858,99,2,2026-05-14 08:05:26.877501,cohort3
5Q0RrkIzGWE,3641,802,14,2026-05-14 08:05:26.877501,cohort3
w9ns9UkSACY,4117,434,16,2026-05-14 08:05:26.877501,cohort3
tEaHmIkAOKc,3625,89,0,2026-05-14 08:05:26.877501,cohort3
L6RkCe94EOw,3761,23,0,2026-05-14 08:05:26.877501,cohort3
J8IaK5crBY0,984,6,4,2026-05-14 08:05:26.877501,cohort3
qlytOiz-VF8,1205,0,0,2026-05-14 08:05:26.877501,cohort3
qxv2nKYBfh4,1921,52,0,2026-05-14 08:05:26.877501,cohort3
FCHM-DT1Ock,1546,76,0,2026-05-14 08:05:26.877501,cohort3
Q2s6CtBHfYI,1196,72,0,2026-05-14 08:05:26.877501,cohort3
qMLjDg_97sE,2363,383,1,2026-05-14 08:05:26.877501,cohort3
xz-9QHe4KGc,3493,145,3,2026-05-14 08:05:26.877501,cohort3
gmDwY9pQY0Q,1179,9,0,2026-05-14 08:05:26.877501,cohort3
UCjM3nxuVMM,2356,61,2,2026-05-14 08:05:26.877501,cohort3
t1poaYGbWTw,2142,58,2,2026-05-14 08:05:26.877501,cohort3
ezTli7RpPqY,14132,158,3,2026-05-14 08:05:26.877501,cohort3
2lFRLhVD36U,1094,26,2,2026-05-14 08:05:26.877501,cohort3
2nkDz8c6ghs,1910,49,1,2026-05-14 08:05:26.877501,cohort3
GIodLy2v0Gg,14667,231,18,2026-05-14 08:05:26.877501,cohort3
3MROV7dmDro,986,5,28,2026-05-14 08:05:26.877501,cohort3
XPyeNk4z3zM,1197,27,1,2026-05-14 08:05:26.877501,cohort3
H73zNMTUSP8,1738,3,0,2026-05-14 08:05:26.877501,cohort3
0K5uLUciFvg,12287,610,6,2026-05-14 08:05:26.877501,cohort3
oiPURPJ2L8Q,1719,28,2,2026-05-14 08:05:26.877501,cohort3
RdkoKXZlJSE,2346,17,7,2026-05-14 08:05:26.877501,cohort3
pjGAIeUFpyM,1033,9,2,2026-05-14 08:05:26.877501,cohort3
dS04a5QmpHU,1839,12,0,2026-05-14 08:05:26.877501,cohort3
G7qLJx2bUwg,749,9,1,2026-05-14 08:05:26.877501,cohort3
OxsLu4Z4dYs,1832,66,10,2026-05-14 08:05:26.877501,cohort3
5cua3o5_Nto,1721,48,1,2026-05-14 08:05:26.877501,cohort3
ZhOy452QEhc,778,0,0,2026-05-14 08:05:26.877501,cohort3
oJ00_Ogk8mY,609,14,0,2026-05-14 08:05:26.877501,cohort3
SxQVvPNVehQ,502,9,0,2026-05-14 08:05:26.877501,cohort3
XfW0ok-dGmY,1514,26,0,2026-05-14 08:05:26.877501,cohort3
hUKo0Ly7Zig,1154,8,1,2026-05-14 08:05:26.877501,cohort3
Ew3CvarawWs,741,18,0,2026-05-14 08:05:26.877501,cohort3
QMEFDCwqm0s,5254,4,2,2026-05-14 08:05:26.877501,cohort3
1Hi9TY_eJII,555,18,0,2026-05-14 08:05:26.877501,cohort3
8cs696P3BpU,4441,410,7,2026-05-14 08:05:26.877501,cohort3
SloMOQO7pDg,1859,10,3,2026-05-14 08:05:26.877501,cohort3
SiG-Y1mmBLA,1991,26,5,2026-05-14 08:05:26.877501,cohort3
tI5tBoWqCJA,944,8,0,2026-05-14 08:05:26.877501,cohort3
kKZu--8v9Ds,1167,16,0,2026-05-14 08:05:26.877501,cohort3
XnLHo4i1wkc,821,14,0,2026-05-14 08:05:26.877501,cohort3
TjlT20vAO7k,687,0,7,2026-05-14 08:05:26.877501,cohort3
lhMfCZeTQrY,1385,73,0,2026-05-14 08:05:26.877501,cohort3
OXjwdWH_pA8,918,4,1,2026-05-14 08:05:26.877501,cohort3
XPopb1yeA1Q,1092,6,0,2026-05-14 08:05:26.877501,cohort3
iXBMW4H7HwM,580,26,1,2026-05-14 08:05:26.877501,cohort3
4ybERjlkXio,15357,407,296,2026-05-14 08:05:26.877501,cohort3
XMCAWqA3svU,1851,53,3,2026-05-14 08:05:26.877501,cohort3
Zu7DFEVVwDs,6797,631,3,2026-05-14 08:05:26.877501,cohort3
BqDNAWGRIGg,784,16,0,2026-05-14 08:05:26.877501,cohort3
1Ocl4IeaBe4,733,9,2,2026-05-14 08:05:26.877501,cohort3
wl4g30KZ9IY,1338,22,1,2026-05-14 08:05:26.877501,cohort3
a9ENeZxG3Mw,959,9,0,2026-05-14 08:05:26.877501,cohort3
W9OQZ7gyH2E,790,13,4,2026-05-14 08:05:26.877501,cohort3
KOSkdUG-viY,943,21,4,2026-05-14 08:05:26.877501,cohort3
ZYCoMHvmMaw,739,11,0,2026-05-14 08:05:26.877501,cohort3
Xo1Xi0ykq1o,748,17,1,2026-05-14 08:05:26.877501,cohort3
pTZLcOSGTrc,2073,756,1,2026-05-14 08:05:26.877501,cohort3
QGBvAZRjs-g,842,15,1,2026-05-14 08:05:26.877501,cohort3
ukZcDV__XWU,72979,4731,72,2026-05-14 08:05:26.877501,cohort3
9Iq-Ajbb5QA,1082,7,0,2026-05-14 08:05:26.877501,cohort3
N1BNFntSEus,1649,22,3,2026-05-14 08:05:26.877501,cohort3
lc7G3tPZoZo,825,30,2,2026-05-14 08:05:26.877501,cohort3
O5278vm1LCE,21845,0,4,2026-05-14 08:05:26.877501,cohort3
BYs0UUY7yL4,1194,18,1,2026-05-14 08:05:26.877501,cohort3
X3D4ooGVTgs,4212,14,1,2026-05-14 08:05:26.877501,cohort3
UbElea09niQ,1341,25,3,2026-05-14 08:05:26.877501,cohort3
a7vB4aVUTv0,966,43,5,2026-05-14 08:05:26.877501,cohort3
lxxXtPsjGwc,3208,136,4,2026-05-14 08:05:26.877501,cohort3
5dirbmBGWsI,13978,211,3,2026-05-14 08:05:26.877501,cohort3
HOD7kbC0i-g,3073,162,4,2026-05-14 08:05:26.877501,cohort3
lzCX0HaMcGk,17087,404,30,2026-05-14 08:05:26.877501,cohort3
jzJ33aJidxQ,19178,203,3,2026-05-14 08:05:26.877501,cohort3
QNv0Rqs3tf0,3314,196,11,2026-05-14 08:05:26.877501,cohort3
iurHOCgjbDQ,1101,17,1,2026-05-14 08:05:26.877501,cohort3
2fJvalZKwjk,1111,20,11,2026-05-14 08:05:26.877501,cohort3
NRkxlmdY2iw,3886,12,1,2026-05-14 08:05:26.877501,cohort3
Nox_lBickmI,9139,13,1,2026-05-14 08:05:26.877501,cohort3
vQtUO8cHDLk,2298,0,7,2026-05-14 08:05:26.877501,cohort3
FAEo58E9dD0,1495,70,1,2026-05-14 08:05:26.877501,cohort3
-I2IlBdbDe8,930,28,0,2026-05-14 08:05:26.877501,cohort3
FBZSv3aVRZ0,797,32,0,2026-05-14 08:05:26.877501,cohort3
3fIszJG6vHk,636,19,1,2026-05-14 08:05:26.877501,cohort3
XOxAWB5tzEE,66,0,0,2026-05-14 08:05:26.877501,cohort3
QYBbqwTFZs4,3702,10,0,2026-05-14 08:05:26.877501,cohort3
ggNx1s-VMZg,2257,0,0,2026-05-14 08:05:26.877501,cohort3
d_Q02W4Zp0c,9,0,1,2026-05-14 08:05:26.877501,cohort3
fKEwvsGsAjM,674,12,2,2026-05-14 08:05:26.877501,cohort3
05itaSVjK8g,1558,34,2,2026-05-14 08:05:26.877501,cohort3
Ih9NnTsRGH0,1186,25,0,2026-05-14 08:05:26.877501,cohort3
sws-sdRdgCs,1158,9,5,2026-05-14 08:05:26.877501,cohort3
-VB0fBeorzs,744,5,0,2026-05-14 08:05:26.877501,cohort3
4T0uUa9In94,3,2,0,2026-05-14 08:05:26.877501,cohort3
1WFLyMPX4ks,704,46,1,2026-05-14 08:05:26.877501,cohort3
4Y5yuNy-GQA,1139,24,4,2026-05-14 08:05:26.877501,cohort3
80Vn8FwZf8Q,3028,68,0,2026-05-14 08:05:26.877501,cohort3
u6a7zWC_XKI,8,5,1,2026-05-14 08:05:26.877501,cohort3
So5oVZ5gemg,1828,13,2,2026-05-14 08:05:26.877501,cohort3
9ftjgrcSb3o,1018,25,1,2026-05-14 08:05:26.877501,cohort3
LzT7ciHpEKU,534,7,13,2026-05-14 08:05:26.877501,cohort3
mz80VLi1aD0,38397,303,3,2026-05-14 08:05:26.877501,cohort3
rDpjl8r5xNY,849,32,2,2026-05-14 08:05:26.877501,cohort3
e88hd3BvnoA,564,18,1,2026-05-14 08:05:26.877501,cohort3
p0-Q7n70aX0,6058,102,3,2026-05-14 08:05:26.877501,cohort3
y8EGoWNOxg0,773,6,0,2026-05-14 08:05:26.877501,cohort3
zbakUHiTx3g,632,30,1,2026-05-14 08:05:26.877501,cohort3
Q8Usqrz3bo8,2018,31,5,2026-05-14 08:05:26.877501,cohort3
9TR_iXK1DPM,5,1,0,2026-05-14 08:05:26.877501,cohort3
vEU_RoFw5jc,3862,437,1,2026-05-14 08:05:26.877501,cohort3
LmRX5YJaPb0,27,1,0,2026-05-14 08:05:26.877501,cohort3
b76UmpNF578,1129,1,0,2026-05-14 08:05:26.877501,cohort3
-FW8oVEM3n4,247,5,0,2026-05-14 08:05:26.877501,cohort3
pVV-GvyWCMo,3882,7,0,2026-05-14 08:05:26.877501,cohort3
9zXjf4VtY00,8,0,0,2026-05-14 08:05:26.877501,cohort3
7dXRaCP7u08,15,1,0,2026-05-14 08:05:26.877501,cohort3
tUeyb-y9CuI,98,16,0,2026-05-14 08:05:26.877501,cohort3
J6xtmdb2MHQ,9641,54,0,2026-05-14 08:05:26.877501,cohort3
3CF6875jJkw,9,4,0,2026-05-14 08:05:26.877501,cohort3
sHT7MonOKpE,2537,7,0,2026-05-14 08:05:26.877501,cohort3
0N3PdupXcgo,1360,11,0,2026-05-14 08:05:26.877501,cohort3
MQYYCp4o5DM,296,2,0,2026-05-14 08:05:26.877501,cohort3
eYeM1a31aRo,1150,27,0,2026-05-14 08:05:26.877501,cohort3
unUvB7ZjmEE,52630,189,2,2026-05-14 08:05:26.877501,cohort3
6v_aN7iLslc,5110,8,0,2026-05-14 08:05:26.877501,cohort3
Ckn0m3h02uE,190,0,0,2026-05-14 08:05:26.877501,cohort3
UyXAyRFNIfI,0,0,0,2026-05-14 08:05:26.877501,cohort3
rCSWnikqLSE,790,29,0,2026-05-14 08:05:26.877501,cohort3
MeoQm5Eg53U,994,1,0,2026-05-14 08:05:26.877501,cohort3
nMyD68QKXSU,1300,6,0,2026-05-14 08:05:26.877501,cohort3
99B9FvP8fD0,899,19,2,2026-05-14 08:05:26.877501,cohort3
td6Sb_GTN8k,736,4,0,2026-05-14 08:05:26.877501,cohort3
mcRyKH1luMc,971,18,6,2026-05-14 08:05:26.877501,cohort3
2hxeSuAYUhU,1161,70,9,2026-05-14 08:05:26.877501,cohort3
n0z6UTbOL34,2,1,1,2026-05-14 08:05:26.877501,cohort3
hcghNrm4hTQ,1023,12,0,2026-05-14 08:05:26.877501,cohort3
CsC94oRg_4U,1138,28,0,2026-05-14 08:05:26.877501,cohort3
PumKfEnp8Dw,3797,44,0,2026-05-14 08:05:26.877501,cohort3
C5Tr8AD718I,7505,67,0,2026-05-14 08:05:26.877501,cohort3
dh0lh_XS4YE,693,17,0,2026-05-14 08:05:26.877501,cohort3
l9CYwpt3Hj8,230,4,3,2026-05-14 08:05:26.877501,cohort3
1109gqO5oGo,532178,15279,98,2026-05-14 12:11:07.042817,cohort3
oFmD2PbIftA,388926,15812,21,2026-05-14 12:11:07.042817,cohort3
FIjlwByE538,152317,4295,82,2026-05-14 12:11:07.042817,cohort3
KvcxuhWbbSA,65970,8959,95,2026-05-14 12:11:07.042817,cohort3
8nzSD5N2ip8,100973,546,1,2026-05-14 12:11:07.042817,cohort3
Xg8JvTyeWx0,122277,1112,2,2026-05-14 12:11:07.042817,cohort3
Y1_yTNuyqHQ,58138,385,3,2026-05-14 12:11:07.042817,cohort3
WyBG1FZf648,81842,1605,0,2026-05-14 12:11:07.042817,cohort3
VUFud-jmMz8,46909,559,68,2026-05-14 12:11:07.042817,cohort3
q19jN8Tq9E0,121802,1249,0,2026-05-14 12:11:07.042817,cohort3
Q_yg2CxvGlw,48395,428,1,2026-05-14 12:11:07.042817,cohort3
zHkcFTFmKyY,77420,3233,28,2026-05-14 12:11:07.042817,cohort3
0yOf48MRCIY,64297,208,0,2026-05-14 12:11:07.042817,cohort3
rGU3yh7lpZk,36138,612,165,2026-05-14 12:11:07.042817,cohort3
pYcZ9vZFrxM,45390,656,0,2026-05-14 12:11:07.042817,cohort3
R-R6W9GHMRk,28851,346,0,2026-05-14 12:11:07.042817,cohort3
IGpatKX-31M,86784,4719,39,2026-05-14 12:11:07.042817,cohort3
OwLH9rBDov0,34336,1019,10,2026-05-14 12:11:07.042817,cohort3
YEpIh5Yxokw,65652,651,100,2026-05-14 12:11:07.042817,cohort3
NXBTs29o9Gg,20359,105,1,2026-05-14 12:11:07.042817,cohort3
gJA5y-IMAjY,30641,1633,6,2026-05-14 12:11:07.042817,cohort3
txBVIsLzQWw,24134,292,10,2026-05-14 12:11:07.042817,cohort3
8jkuLdsL4oo,27112,384,9,2026-05-14 12:11:07.042817,cohort3
L3xEAoyytak,37864,142,0,2026-05-14 12:11:07.042817,cohort3
CU3tv6GxuBE,49559,374,5,2026-05-14 12:11:07.042817,cohort3
M4cS4JpUi3o,39040,139,1,2026-05-14 12:11:07.042817,cohort3
el22dLXLTu4,17638,0,1,2026-05-14 12:11:07.042817,cohort3
jZgiOKhWpU0,39653,95,10,2026-05-14 12:11:07.042817,cohort3
rMXdW6EVyBM,16024,364,55,2026-05-14 12:11:07.042817,cohort3
VU32Dbqwv6A,202712,10309,38,2026-05-14 12:11:07.042817,cohort3
cboM6w8VVoM,61323,7071,155,2026-05-14 12:11:07.042817,cohort3
Dym9-kWiInM,9137,228,2,2026-05-14 12:11:07.042817,cohort3
cvQicVgPqTI,32493,117,0,2026-05-14 12:11:07.042817,cohort3
-FrE6TbNvQc,11915,123,0,2026-05-14 12:11:07.042817,cohort3
zj_mYNB7Jlg,13961,1297,78,2026-05-14 12:11:07.042817,cohort3
frzMrzw_pDQ,22005,151,0,2026-05-14 12:11:07.042817,cohort3
Q1uudWcokRo,86764,2079,14,2026-05-14 12:11:07.042817,cohort3
J4DbUap0BZg,203593,3755,19,2026-05-14 12:11:07.042817,cohort3
m2WKhTH5EFk,19877,0,61,2026-05-14 12:11:07.042817,cohort3
hK_MNZuuGeY,20545,128,1,2026-05-14 12:11:07.042817,cohort3
zk8w4Dya8_g,19557,237,6,2026-05-14 12:11:07.042817,cohort3
s_xsGqyAzpI,22435,319,1,2026-05-14 12:11:07.042817,cohort3
4EQwN_0F4-E,21597,22,0,2026-05-14 12:11:07.042817,cohort3
1JveZuqNmRI,13236,43,0,2026-05-14 12:11:07.042817,cohort3
jVst40VuzDA,15658,11,17,2026-05-14 12:11:07.042817,cohort3
p-meA4uy4eE,8295,229,4,2026-05-14 12:11:07.042817,cohort3
nPdZiCG5l8E,10576,64,2,2026-05-14 12:11:07.042817,cohort3
DQ0PfQ4dZH8,12284,133,1,2026-05-14 12:11:07.042817,cohort3
waw_egstnZE,43733,541,13,2026-05-14 12:11:07.042817,cohort3
Su1QwBXmj6w,26807,52,3,2026-05-14 12:11:07.042817,cohort3
VxJWnTcsXeE,31534,121,0,2026-05-14 12:11:07.042817,cohort3
W7ywyXGSi7E,13622,61,0,2026-05-14 12:11:07.042817,cohort3
pVnKfsgQMmw,26738,103,0,2026-05-14 12:11:07.042817,cohort3
yOmoEWmAy58,21285,31,0,2026-05-14 12:11:07.042817,cohort3
RiXmHyCW7Mo,21815,1214,998,2026-05-14 12:11:07.042817,cohort3
U6j8_ZHO5k0,6245,273,29,2026-05-14 12:11:07.042817,cohort3
ss-MMlWVrLY,10706,589,7,2026-05-14 12:11:07.042817,cohort3
0XBme2bWQi0,25735,4733,213,2026-05-14 12:11:07.042817,cohort3
DhWH-XRwmy4,8166,45,0,2026-05-14 12:11:07.042817,cohort3
BQq9EnmSFGI,12830,0,3,2026-05-14 12:11:07.042817,cohort3
-Ehr7b7ljds,9269,756,18,2026-05-14 12:11:07.042817,cohort3
UFzE0aPrFJ0,27561,80,0,2026-05-14 12:11:07.042817,cohort3
olBXTQxAnKk,19009,24,13,2026-05-14 12:11:07.042817,cohort3
TeS-6k_BWa0,7471,392,40,2026-05-14 12:11:07.042817,cohort3
h6kAY7B-WwE,11318,25,0,2026-05-14 12:11:07.042817,cohort3
pyMNhJXOJOI,6353,34,1,2026-05-14 12:11:07.042817,cohort3
yDVbCPNFz_U,7299,290,17,2026-05-14 12:11:07.042817,cohort3
rVM522pWfQE,9439,14,1,2026-05-14 12:11:07.042817,cohort3
OEhZ0FvfKeE,22569,2334,21,2026-05-14 12:11:07.042817,cohort3
SnS_QqS1rRI,26651,170,0,2026-05-14 12:11:07.042817,cohort3
tGBI-X5GdtM,6720,0,3,2026-05-14 12:11:07.042817,cohort3
6WANHvHT1mI,11858,64,2,2026-05-14 12:11:07.042817,cohort3
uzfOQydNpJs,3658,128,21,2026-05-14 12:11:07.042817,cohort3
t92n8bszngs,9518,38,0,2026-05-14 12:11:07.042817,cohort3
v7dFdqvElTE,5896,164,95,2026-05-14 12:11:07.042817,cohort3
B7IpuDdlFgo,7106,23,0,2026-05-14 12:11:07.042817,cohort3
qJrrNqmdFIM,9011,0,2,2026-05-14 12:11:07.042817,cohort3
GYW9PV0MtsQ,5227,97,1,2026-05-14 12:11:07.042817,cohort3
FlH3raMSdfU,5034,80,0,2026-05-14 12:11:07.042817,cohort3
17s3uKE5ARI,13333,101,0,2026-05-14 12:11:07.042817,cohort3
eWAMRSDoiME,6151,34,0,2026-05-14 12:11:07.042817,cohort3
J1Z43pWRbs8,15238,862,4,2026-05-14 12:11:07.042817,cohort3
QNUmLNGoO9Y,4702,56,1,2026-05-14 12:11:07.042817,cohort3
8c1bpP2kK-4,10805,14,2,2026-05-14 12:11:07.042817,cohort3
kRRcjQvOEAU,8021,44,0,2026-05-14 12:11:07.042817,cohort3
gKgqRlV7IeI,6979,153,0,2026-05-14 12:11:07.042817,cohort3
ilVbxQ1917I,5506,16,1,2026-05-14 12:11:07.042817,cohort3
WvKYodJWB8E,5154,24,0,2026-05-14 12:11:07.042817,cohort3
7KK4YdUsrro,3511,46,0,2026-05-14 12:11:07.042817,cohort3
FNyE65wSiHU,11030,0,50,2026-05-14 12:11:07.042817,cohort3
T_UiMBuz-7c,5465,161,3,2026-05-14 12:11:07.042817,cohort3
1K_ef78I-cs,17918,38,0,2026-05-14 12:11:07.042817,cohort3
5034udlayJQ,8951,39,0,2026-05-14 12:11:07.042817,cohort3
JKQrM8LAkRE,2696,0,1,2026-05-14 12:11:07.042817,cohort3
A0TZh9YSeUI,4271,16,0,2026-05-14 12:11:07.042817,cohort3
gO3V_8KY3b0,10636,38,5,2026-05-14 12:11:07.042817,cohort3
u7TFph_gQTY,4287,26,1,2026-05-14 12:11:07.042817,cohort3
xl8d10ISvG4,10367,228,6,2026-05-14 12:11:07.042817,cohort3
xgQegicuO3M,4683,310,10,2026-05-14 12:11:07.042817,cohort3
Yzq0fac9PX8,2190,85,0,2026-05-14 12:11:07.042817,cohort3
1I3VCOl4ysQ,4844,95,0,2026-05-14 12:11:07.042817,cohort3
HS0kzb8ylHU,20550,541,1,2026-05-14 12:11:07.042817,cohort3
qf4Gs6L1DUw,2948,61,10,2026-05-14 12:11:07.042817,cohort3
N51SyUqi1Ww,5157,43,0,2026-05-14 12:11:07.042817,cohort3
r6d_yvGCkdE,5336,79,12,2026-05-14 12:11:07.042817,cohort3
c8bCRfz9mwM,4411,24,11,2026-05-14 12:11:07.042817,cohort3
EzyDbu-KYXs,4284,232,18,2026-05-14 12:11:07.042817,cohort3
LgcXsJEilDo,5976,217,1,2026-05-14 12:11:07.042817,cohort3
1QG6FjY2AEs,15330,730,68,2026-05-14 12:11:07.042817,cohort3
LWcdv8IfI5c,11661,801,5,2026-05-14 12:11:07.042817,cohort3
Q8Sc_05ajBo,4236,34,0,2026-05-14 12:11:07.042817,cohort3
QRdOqeBtTZE,2731,87,0,2026-05-14 12:11:07.042817,cohort3
vEomourPKSg,626090,7662,34,2026-05-14 12:11:07.042817,cohort3
28bbsKcpR-U,2865,75,1,2026-05-14 12:11:07.042817,cohort3
a7gmO1BB72A,2849,48,7,2026-05-14 12:11:07.042817,cohort3
IzayoH-c3Y0,29671,836,0,2026-05-14 12:11:07.042817,cohort3
aUzQQScII0E,7049,86,1,2026-05-14 12:11:07.042817,cohort3
uhVzRthZ2y8,1932,0,1,2026-05-14 12:11:07.042817,cohort3
9VcET-JR-l4,8051,0,6,2026-05-14 12:11:07.042817,cohort3
TMEMDflzptE,1206,43,9,2026-05-14 12:11:07.042817,cohort3
W3KnFSGm-is,2527,18,0,2026-05-14 12:11:07.042817,cohort3
Y7hGLH-w1S0,12212,0,19,2026-05-14 12:11:07.042817,cohort3
qdlW6NrC0lY,8877,99,0,2026-05-14 12:11:07.042817,cohort3
kPxIBP_X2Ao,1384,50,5,2026-05-14 12:11:07.042817,cohort3
6kaSRDa_-iE,2049,114,8,2026-05-14 12:11:07.042817,cohort3
fvBKpxS_tLU,1667,45,3,2026-05-14 12:11:07.042817,cohort3
QRXphcwc_zc,1511,32,2,2026-05-14 12:11:07.042817,cohort3
9o0kLocjyeo,1258,23,1,2026-05-14 12:11:07.042817,cohort3
3Zp56JVI4U4,3877,195,7,2026-05-14 12:11:07.042817,cohort3
Yq8G-i9imX8,4089,37,0,2026-05-14 12:11:07.042817,cohort3
GMKsqOkrryc,27050,721,4,2026-05-14 12:11:07.042817,cohort3
6FZ8A43m8Rg,2015,173,5,2026-05-14 12:11:07.042817,cohort3
JdSEetzVY8U,3846,21,0,2026-05-14 12:11:07.042817,cohort3
Co6WstKZoMo,1832,26,0,2026-05-14 12:11:07.042817,cohort3
0y71_9fQuI0,978,21,0,2026-05-14 12:11:07.042817,cohort3
Y_hnAMTtgkE,897,26,0,2026-05-14 12:11:07.042817,cohort3
nkydxta3qlE,1623,12,0,2026-05-14 12:11:07.042817,cohort3
HwgjpETU3kQ,5519,23,0,2026-05-14 12:11:07.042817,cohort3
ClhLO8o5eRo,9570,569,8,2026-05-14 12:11:07.042817,cohort3
OnPBmf2Jvyc,902,12,4,2026-05-14 12:11:07.042817,cohort3
ACFNRfV4l50,4320,21,0,2026-05-14 12:11:07.042817,cohort3
9HK_T7qsR_8,4001,206,6,2026-05-14 12:11:07.042817,cohort3
NU4s4iD5YC0,2451,24,7,2026-05-14 12:11:07.042817,cohort3
GWvG4nX-NHM,1055,49,0,2026-05-14 12:11:07.042817,cohort3
20ZF4aaXqn8,2404,13,1,2026-05-14 12:11:07.042817,cohort3
LzgUtaCtofw,1742,9,0,2026-05-14 12:11:07.042817,cohort3
rrEOxchfbLk,1492,55,8,2026-05-14 12:11:07.042817,cohort3
M7FrPP39lSg,1165,0,3,2026-05-14 12:11:07.042817,cohort3
5m_hVuNUK2Y,2866,18,0,2026-05-14 12:11:07.042817,cohort3
h_P1_Q3sZ1Y,9057,549,4,2026-05-14 12:11:07.042817,cohort3
jgfmmPpHBb0,1818,13,0,2026-05-14 12:11:07.042817,cohort3
i9z19FoOVmc,10568,1778,148,2026-05-14 12:11:07.042817,cohort3
u9lKPGfNOnI,9060,176,0,2026-05-14 12:11:07.042817,cohort3
NFwiUtyFQac,1869,49,2,2026-05-14 12:11:07.042817,cohort3
QVkelJjEnMk,1091,32,0,2026-05-14 12:11:07.042817,cohort3
SeQP9MRmz8o,2058,79,3,2026-05-14 12:11:07.042817,cohort3
FcO0H0qgmCA,1297,44,3,2026-05-14 12:11:07.042817,cohort3
w4cYUu8EOYQ,1599,25,0,2026-05-14 12:11:07.042817,cohort3
j93ssOoHX-A,1176,10,1,2026-05-14 12:11:07.042817,cohort3
CnfbB7fSOF8,1383,25,1,2026-05-14 12:11:07.042817,cohort3
wqkhoaAGTfs,1118,5,0,2026-05-14 12:11:07.042817,cohort3
BiIcQciyVB8,1384,0,0,2026-05-14 12:11:07.042817,cohort3
1r8dwTYGNSk,2717,130,3,2026-05-14 12:11:07.042817,cohort3
ZrXpXQvjcQQ,2514,59,12,2026-05-14 12:11:07.042817,cohort3
Xur7XgOl_yA,974,1,0,2026-05-14 12:11:07.042817,cohort3
u32RFc_9pfM,1433,61,1,2026-05-14 12:11:07.042817,cohort3
lEHEnK1bduA,1049,11,0,2026-05-14 12:11:07.042817,cohort3
5KOpzd0TEy8,1433,16,0,2026-05-14 12:11:07.042817,cohort3
EjcuQGPt1R0,1037,6,0,2026-05-14 12:11:07.042817,cohort3
hbcGLmkW_-o,1255,46,36,2026-05-14 12:11:07.042817,cohort3
AHRoWLpTs1Q,1137,13,0,2026-05-14 12:11:07.042817,cohort3
JUOOcUHYLn0,10946,247,3,2026-05-14 12:11:07.042817,cohort3
41pazsoQsKc,1090,9,0,2026-05-14 12:11:07.042817,cohort3
7zGi37_Mo-M,23797,166,0,2026-05-14 12:11:07.042817,cohort3
MyFNOo1_GKg,12681,85,4,2026-05-14 12:11:07.042817,cohort3
6iGOhNr9-Ko,3188,179,4,2026-05-14 12:11:07.042817,cohort3
kYjC2EAQMaE,1451,53,1,2026-05-14 12:11:07.042817,cohort3
3nxJt1ticUA,2557,4,0,2026-05-14 12:11:07.042817,cohort3
WouyFAMASzY,897,8,0,2026-05-14 12:11:07.042817,cohort3
c9W2QvR2R3s,1250,21,0,2026-05-14 12:11:07.042817,cohort3
R4Q86Hhs9zE,2624,51,1,2026-05-14 12:11:07.042817,cohort3
yMlw2IrGlIo,727,0,0,2026-05-14 12:11:07.042817,cohort3
FMRGBRCqg_s,1473,19,1,2026-05-14 12:11:07.042817,cohort3
TgVHw74SKAI,1103,17,0,2026-05-14 12:11:07.042817,cohort3
RnOwfKZvffw,6328,284,2,2026-05-14 12:11:07.042817,cohort3
GqcfZHiXJMA,4408,56,1,2026-05-14 12:11:07.042817,cohort3
IRjofNhuNeQ,2637,26,0,2026-05-14 12:11:07.042817,cohort3
0EmFi6I4qkQ,3038,131,4,2026-05-14 12:11:07.042817,cohort3
f5eSl4dosW8,2777,354,5,2026-05-14 12:11:07.042817,cohort3
W2VbetxSgcg,2617,125,7,2026-05-14 12:11:07.042817,cohort3
nCmDTuykDNE,2137,90,6,2026-05-14 12:11:07.042817,cohort3
pIXV1-kNi2c,1197,68,4,2026-05-14 12:11:07.042817,cohort3
CozvUZg2uBg,1145,34,10,2026-05-14 12:11:07.042817,cohort3
PCLJT8XxKe8,2799,15,0,2026-05-14 12:11:07.042817,cohort3
wj4MXY7tMnI,917,38,0,2026-05-14 12:11:07.042817,cohort3
x-uMJCmzyL4,1225,12,1,2026-05-14 12:11:07.042817,cohort3
wtiK8FpQLs8,999,22,3,2026-05-14 12:11:07.042817,cohort3
6BIPEdM8MY8,1605,48,3,2026-05-14 12:11:07.042817,cohort3
Cjn-3BYO3rY,5170,32,0,2026-05-14 12:11:07.042817,cohort3
vUL-pF-Lp6Q,1359,18,4,2026-05-14 12:11:07.042817,cohort3
JZDMT_gjetA,1823,16,1,2026-05-14 12:11:07.042817,cohort3
C23ATAn5M3U,665,9,1,2026-05-14 12:11:07.042817,cohort3
rbAvc2bNelQ,2965,77,2,2026-05-14 12:11:07.042817,cohort3
6HsbJ7z5ctI,1538,29,0,2026-05-14 12:11:07.042817,cohort3
hAtKWR-1pEs,6078,188,0,2026-05-14 12:11:07.042817,cohort3
NCdoTXYsP_A,1136,0,0,2026-05-14 12:11:07.042817,cohort3
Vb5RADCkce8,951,31,0,2026-05-14 12:11:07.042817,cohort3
0snHIFYRrOo,3339,3,0,2026-05-14 12:11:07.042817,cohort3
1U_B9mn_pzk,1144,27,2,2026-05-14 12:11:07.042817,cohort3
wwfWbtGt4T8,1113,8,0,2026-05-14 12:11:07.042817,cohort3
ZtyawLxEZpI,1053,30,0,2026-05-14 12:11:07.042817,cohort3
VpfZv0CsRoA,778,7,0,2026-05-14 12:11:07.042817,cohort3
gCGWzckiahI,1265,18,0,2026-05-14 12:11:07.042817,cohort3
Vev-BMcXHho,1125,15,2,2026-05-14 12:11:07.042817,cohort3
pggjv6EZRu4,2216,33,0,2026-05-14 12:11:07.042817,cohort3
tThXHX6KekA,1066,37,0,2026-05-14 12:11:07.042817,cohort3
UMdUjZomNsU,934,28,0,2026-05-14 12:11:07.042817,cohort3
eKzb1RKYSUM,1917,16,0,2026-05-14 12:11:07.042817,cohort3
JgqiD7TKJX4,1332,3,0,2026-05-14 12:11:07.042817,cohort3
OYCSDuV3_fY,19719,0,2,2026-05-14 12:11:07.042817,cohort3
uuRSIghKJ8s,1077,13,0,2026-05-14 12:11:07.042817,cohort3
tVVN5rfFcpI,1480,15,3,2026-05-14 12:11:07.042817,cohort3
Xv9DUx1NoDw,27754,152,30,2026-05-14 12:11:07.042817,cohort3
VBJoaZXapAg,7246,627,25,2026-05-14 12:11:07.042817,cohort3
UHoU2jGoHiY,1520,0,2,2026-05-14 12:11:07.042817,cohort3
QcBLVviuFns,13841,66,3,2026-05-14 12:11:07.042817,cohort3
fRv8KKbyPNQ,3154,137,10,2026-05-14 12:11:07.042817,cohort3
M7KyduM8WA4,2755,27,6,2026-05-14 12:11:07.042817,cohort3
y89mRR2jby4,800,7,6,2026-05-14 12:11:07.042817,cohort3
S9XMknRveG0,5306,9,0,2026-05-14 12:11:07.042817,cohort3
MA76_CJ63xY,2807,19,1,2026-05-14 12:11:07.042817,cohort3
oFvdABEfMCY,1474,34,0,2026-05-14 12:11:07.042817,cohort3
4lTm24zr_JQ,4977,212,1,2026-05-14 12:11:07.042817,cohort3
lOCar5PWRB4,2885,27,5,2026-05-14 12:11:07.042817,cohort3
SMH2HgXPC6k,3994,102,1,2026-05-14 12:11:07.042817,cohort3
BwZUvus7RMA,12257,16,1,2026-05-14 12:11:07.042817,cohort3
03_e2NIlDT8,748,61,19,2026-05-14 12:11:07.042817,cohort3
Cm4ymJFaTC0,1558,26,1,2026-05-14 12:11:07.042817,cohort3
mGAvwIVwekM,23632,0,19,2026-05-14 12:11:07.042817,cohort3
AahJtOM0hGA,1352,58,4,2026-05-14 12:11:07.042817,cohort3
AuDUu1V5Re8,5004,35,0,2026-05-14 12:11:07.042817,cohort3
AFNNIGP6kks,15706,20,0,2026-05-14 12:11:07.042817,cohort3
yOW1GzpaFAw,30863,179,2,2026-05-14 12:11:07.042817,cohort3
NA1e_JYfPI0,8909,199,0,2026-05-14 12:11:07.042817,cohort3
leYD-nmMeBI,16049,93,0,2026-05-14 12:11:07.042817,cohort3
UKIYr0bkvKo,10064,0,0,2026-05-14 12:11:07.042817,cohort3
U7kKKGLCyow,5714,107,2,2026-05-14 12:11:07.042817,cohort3
GAls3kX-EJg,1202,63,17,2026-05-14 12:11:07.042817,cohort3
1SinRmfSX6A,27677,80,0,2026-05-14 12:11:07.042817,cohort3
RBPPWEFIuAc,1736,20,2,2026-05-14 12:11:07.042817,cohort3
iiWNKfPrnM8,640,0,5,2026-05-14 12:11:07.042817,cohort3
xcCqwINGNg8,26657,113,127,2026-05-14 12:11:07.042817,cohort3
ZBnRHPhlumM,431,25,14,2026-05-14 12:11:07.042817,cohort3
uSsuA2zjPKg,16210,112,0,2026-05-14 12:11:07.042817,cohort3
i2PmasH5y9k,14250,202,75,2026-05-14 12:11:07.042817,cohort3
XsT0jJTCJgc,1322,18,2,2026-05-14 12:11:07.042817,cohort3
lB7NBsPpqJ0,2145,117,0,2026-05-14 12:11:07.042817,cohort3
gLR2W1FJ8P0,571,6,1,2026-05-14 12:11:07.042817,cohort3
Od4mfgOFaqg,950,128,7,2026-05-14 12:11:07.042817,cohort3
2aCu6ux25MI,738,1,0,2026-05-14 12:11:07.042817,cohort3
l0DI2iB9ldw,1561,6,3,2026-05-14 12:11:07.042817,cohort3
g3fEtSyQloo,2013,8,0,2026-05-14 12:11:07.042817,cohort3
Q3kRndcte0E,21972,202,1,2026-05-14 12:11:07.042817,cohort3
Vo1vv_Ym5Cc,1928,51,1,2026-05-14 12:11:07.042817,cohort3
w3d9nSdTGRM,703,5,4,2026-05-14 12:11:07.042817,cohort3
_ORVex7RgzM,4121,49,0,2026-05-14 12:11:07.042817,cohort3
Gn-mNHd7TXk,317,0,2,2026-05-14 12:11:07.042817,cohort3
BTkji_ZJchs,0,0,0,2026-05-14 12:11:07.042817,cohort3
LLmASTg5zTA,195,3,0,2026-05-14 12:11:07.042817,cohort3
kpg781AgU9k,19,3,0,2026-05-14 12:11:07.042817,cohort3
fH31AerO5ug,1354,45,8,2026-05-14 12:11:07.042817,cohort3
H76uwtIK1os,108,3,0,2026-05-14 12:11:07.042817,cohort3
ME1MlJrfHb4,991,9,0,2026-05-14 12:11:07.042817,cohort3
0TeTLQd_Kgk,3114,70,5,2026-05-14 12:11:07.042817,cohort3
3OMGaTmBCvQ,197,0,0,2026-05-14 12:11:07.042817,cohort3
fQmxUC8Di9E,2759,222,0,2026-05-14 12:11:07.042817,cohort3
ddfqymtwp6E,755,8,0,2026-05-14 12:11:07.042817,cohort3
p-AFzTLnii0,1301,8,0,2026-05-14 12:11:07.042817,cohort3
BBLOOKAzogo,4920,102,2,2026-05-14 12:11:07.042817,cohort3
SVOkqzzftNc,8869,8,0,2026-05-14 12:11:07.042817,cohort3
ul965bFb60Q,30505,0,1,2026-05-14 12:11:07.042817,cohort3
7DQBb4TSuFg,35005,264,1,2026-05-14 12:11:07.042817,cohort3
FY0b8kfAWqE,18557,310,17,2026-05-14 12:11:07.042817,cohort3
HpW0hFFUfzM,22064,1849,1,2026-05-14 12:11:07.042817,cohort3
BZAK7bPZRIk,77398,1985,12,2026-05-14 12:11:07.042817,cohort3
NiFzocRzTnA,1143684,20205,257,2026-05-14 12:11:07.042817,cohort3
EkzAJE9jCMI,20559,546,0,2026-05-14 12:11:07.042817,cohort3
fKzhDNkNHgY,13615,46,0,2026-05-14 12:11:07.042817,cohort3
KokmUFJhgOE,63386,4691,34,2026-05-14 12:11:07.042817,cohort3
2XfipfdRetU,9471,175,1,2026-05-14 12:11:07.042817,cohort3
GG5Xop0s-Ss,23556,97,0,2026-05-14 12:11:07.042817,cohort3
LPA4ajdgboQ,32765,933,54,2026-05-14 12:11:07.042817,cohort3
XleHdxX7c1o,17198,231,14,2026-05-14 12:11:07.042817,cohort3
xq3JtqC2tic,19507,348,2,2026-05-14 12:11:07.042817,cohort3
-pzEgeUEUJI,31098,152,0,2026-05-14 12:11:07.042817,cohort3
t62ES0itVWA,38661,240,0,2026-05-14 12:11:07.042817,cohort3
2kru4OOwgs8,21576,163,12,2026-05-14 12:11:07.042817,cohort3
HEgID7liLxk,4733,177,3,2026-05-14 12:11:07.042817,cohort3
Y7bkcfBLQvs,20798,47,1,2026-05-14 12:11:07.042817,cohort3
AYveM58k934,5258,68,2,2026-05-14 12:11:07.042817,cohort3
pfPskj9X5RQ,5377,57,9,2026-05-14 12:11:07.042817,cohort3
Z8L3kUjfzII,41280,546,8,2026-05-14 12:11:07.042817,cohort3
ftWyAkuA9A0,9779,45,1,2026-05-14 12:11:07.042817,cohort3
6l0IAaeQV9o,10777,87,4,2026-05-14 12:11:07.042817,cohort3
RqTZOQYeSj8,16854,332,1,2026-05-14 12:11:07.042817,cohort3
4KhF-pf3yTQ,3387,57,3,2026-05-14 12:11:07.042817,cohort3
T6GNRDi5b3Y,7187,224,18,2026-05-14 12:11:07.042817,cohort3
tnDGeZGeUWI,8706,5,0,2026-05-14 12:11:07.042817,cohort3
IDZ2lFb2wTM,3871,18,0,2026-05-14 12:11:07.042817,cohort3
D58uQP2HG94,34676,173,0,2026-05-14 12:11:07.042817,cohort3
ifqkEvuqHbI,93058,1765,11,2026-05-14 12:11:07.042817,cohort3
lzaOLtEOqgI,14557,26,1,2026-05-14 12:11:07.042817,cohort3
PUI3hPRXTEQ,5206,24,0,2026-05-14 12:11:07.042817,cohort3
15JwNKYy6Vg,28726,822,75,2026-05-14 12:11:07.042817,cohort3
RvJAtMuBV5g,5722,59,0,2026-05-14 12:11:07.042817,cohort3
Es8bRaKZHkQ,1448,22,0,2026-05-14 12:11:07.042817,cohort3
gm-iEVxl5Ew,1996,21,8,2026-05-14 12:11:07.042817,cohort3
FyckdNPkmVk,9053,133,1,2026-05-14 12:11:07.042817,cohort3
0spHr4gCY4w,5495,0,0,2026-05-14 12:11:07.042817,cohort3
_GWFMlcwnF8,5905,17,0,2026-05-14 12:11:07.042817,cohort3
QmorWWrDL04,29865,0,177,2026-05-14 12:11:07.042817,cohort3
Q8XB2RQ3ROI,1554,10,1,2026-05-14 12:11:07.042817,cohort3
6ifUbpbI55M,5274,37,1,2026-05-14 12:11:07.042817,cohort3
bL7XBZJboNM,4593,63,2,2026-05-14 12:11:07.042817,cohort3
GyrTFM9gmXY,2175,27,0,2026-05-14 12:11:07.042817,cohort3
a2XfZ4VXvGA,2255,27,0,2026-05-14 12:11:07.042817,cohort3
gRV8O-JrxOY,3782,141,13,2026-05-14 12:11:07.042817,cohort3
TJveAqdT5EA,1748,26,0,2026-05-14 12:11:07.042817,cohort3
mDYRXJ0p4PQ,1226,18,0,2026-05-14 12:11:07.042817,cohort3
5y8TUm2aD0o,7364,52,0,2026-05-14 12:11:07.042817,cohort3
p9UYqskIoQA,16023,679,16,2026-05-14 12:11:07.042817,cohort3
xzKUi93pPHA,22977,1251,42,2026-05-14 12:11:07.042817,cohort3
rT-NLSHcE9s,2831,21,0,2026-05-14 12:11:07.042817,cohort3
-_mHx7Ft5wU,1166,41,1,2026-05-14 12:11:07.042817,cohort3
AlSZCsLEIgs,1248,28,0,2026-05-14 12:11:07.042817,cohort3
r3gidU4xS7I,1040,0,0,2026-05-14 12:11:07.042817,cohort3
uilr_SZtOUI,5484,202,7,2026-05-14 12:11:07.042817,cohort3
7D9WIfmzntE,2992,125,4,2026-05-14 12:11:07.042817,cohort3
64Kgdkeu624,1552,24,1,2026-05-14 12:11:07.042817,cohort3
8DQIdUPSTSI,1367,16,1,2026-05-14 12:11:07.042817,cohort3
QZsiQ82Z2NQ,11138,117,0,2026-05-14 12:11:07.042817,cohort3
f3rQ9mfaMTQ,1021,26,1,2026-05-14 12:11:07.042817,cohort3
gZeUZ59Isp0,953,46,4,2026-05-14 12:11:07.042817,cohort3
L7Z0xXi8K7c,885,26,0,2026-05-14 12:11:07.042817,cohort3
1CumQ1UO9IE,12079,282,5,2026-05-14 12:11:07.042817,cohort3
ehJEp8UBqVI,734,4,1,2026-05-14 12:11:07.042817,cohort3
llkjHbzopc8,59050,637,4,2026-05-14 12:11:07.042817,cohort3
6MTTJ_sesws,6792,268,7,2026-05-14 12:11:07.042817,cohort3
ES7Fm2NxK0Y,1239,47,1,2026-05-14 12:11:07.042817,cohort3
hPspv_cG0T4,1472,14,2,2026-05-14 12:11:07.042817,cohort3
gMoqx9_XKWA,11919,145,1,2026-05-14 12:11:07.042817,cohort3
fKQ_8fCJiBQ,1414,34,2,2026-05-14 12:11:07.042817,cohort3
erHoZyk8jOU,6878,149,12,2026-05-14 12:11:07.042817,cohort3
JFi0y0ee9C0,32900,0,1,2026-05-14 12:11:07.042817,cohort3
TUR6yFb7sVI,1458,120,21,2026-05-14 12:11:07.042817,cohort3
UrRo4FbJfgI,901,65,3,2026-05-14 12:11:07.042817,cohort3
p9hMaOcN-h0,742,7,0,2026-05-14 12:11:07.042817,cohort3
BPzQ7h1WteM,952,19,1,2026-05-14 12:11:07.042817,cohort3
Myf61iqyVaI,440,12,0,2026-05-14 12:11:07.042817,cohort3
ODkYVR6PR5U,1313,39,0,2026-05-14 12:11:07.042817,cohort3
NLIVrkP2KnQ,845,9,1,2026-05-14 12:11:07.042817,cohort3
htdw_jINtxY,1309,51,0,2026-05-14 12:11:07.042817,cohort3
bkuCXbCczuo,1281,21,3,2026-05-14 12:11:07.042817,cohort3
oiCnT4xsyvE,1140,0,7,2026-05-14 12:11:07.042817,cohort3
VVXPeqoXlag,1332,0,0,2026-05-14 12:11:07.042817,cohort3
4tNYDcnwu3Q,1858,99,2,2026-05-14 12:11:07.042817,cohort3
5Q0RrkIzGWE,4728,1029,16,2026-05-14 12:11:07.042817,cohort3
w9ns9UkSACY,4644,461,16,2026-05-14 12:11:07.042817,cohort3
tEaHmIkAOKc,7473,175,1,2026-05-14 12:11:07.042817,cohort3
L6RkCe94EOw,7341,25,0,2026-05-14 12:11:07.042817,cohort3
J8IaK5crBY0,985,6,5,2026-05-14 12:11:07.042817,cohort3
qlytOiz-VF8,1242,0,0,2026-05-14 12:11:07.042817,cohort3
qxv2nKYBfh4,1928,52,0,2026-05-14 12:11:07.042817,cohort3
FCHM-DT1Ock,1561,80,0,2026-05-14 12:11:07.042817,cohort3
Q2s6CtBHfYI,1225,78,0,2026-05-14 12:11:07.042817,cohort3
qMLjDg_97sE,2642,534,2,2026-05-14 12:11:07.042817,cohort3
gmDwY9pQY0Q,1271,9,0,2026-05-14 12:11:07.042817,cohort3
UCjM3nxuVMM,4128,96,2,2026-05-14 12:11:07.042817,cohort3
t1poaYGbWTw,2422,62,2,2026-05-14 12:11:07.042817,cohort3
ezTli7RpPqY,14790,161,3,2026-05-14 12:11:07.042817,cohort3
2lFRLhVD36U,1104,27,2,2026-05-14 12:11:07.042817,cohort3
2nkDz8c6ghs,10737,439,4,2026-05-14 12:11:07.042817,cohort3
GIodLy2v0Gg,14761,238,18,2026-05-14 12:11:07.042817,cohort3
3MROV7dmDro,995,5,29,2026-05-14 12:11:07.042817,cohort3
XPyeNk4z3zM,1197,27,1,2026-05-14 12:11:07.042817,cohort3
H73zNMTUSP8,1789,3,0,2026-05-14 12:11:07.042817,cohort3
0K5uLUciFvg,12711,639,6,2026-05-14 12:11:07.042817,cohort3
oiPURPJ2L8Q,1770,29,2,2026-05-14 12:11:07.042817,cohort3
RdkoKXZlJSE,2513,23,7,2026-05-14 12:11:07.042817,cohort3
pjGAIeUFpyM,1215,12,2,2026-05-14 12:11:07.042817,cohort3
dS04a5QmpHU,1845,12,0,2026-05-14 12:11:07.042817,cohort3
G7qLJx2bUwg,784,10,1,2026-05-14 12:11:07.042817,cohort3
OxsLu4Z4dYs,2181,108,10,2026-05-14 12:11:07.042817,cohort3
5cua3o5_Nto,1771,50,1,2026-05-14 12:11:07.042817,cohort3
ZhOy452QEhc,778,0,0,2026-05-14 12:11:07.042817,cohort3
oJ00_Ogk8mY,609,14,0,2026-05-14 12:11:07.042817,cohort3
SxQVvPNVehQ,502,9,0,2026-05-14 12:11:07.042817,cohort3
XfW0ok-dGmY,1518,26,0,2026-05-14 12:11:07.042817,cohort3
hUKo0Ly7Zig,1165,8,1,2026-05-14 12:11:07.042817,cohort3
Ew3CvarawWs,871,18,1,2026-05-14 12:11:07.042817,cohort3
QMEFDCwqm0s,6137,4,2,2026-05-14 12:11:07.042817,cohort3
1Hi9TY_eJII,555,18,0,2026-05-14 12:11:07.042817,cohort3
8cs696P3BpU,6894,640,8,2026-05-14 12:11:07.042817,cohort3
SloMOQO7pDg,1873,10,3,2026-05-14 12:11:07.042817,cohort3
SiG-Y1mmBLA,2760,33,6,2026-05-14 12:11:07.042817,cohort3
tI5tBoWqCJA,945,8,0,2026-05-14 12:11:07.042817,cohort3
kKZu--8v9Ds,1231,16,0,2026-05-14 12:11:07.042817,cohort3
XnLHo4i1wkc,1125,26,1,2026-05-14 12:11:07.042817,cohort3
TjlT20vAO7k,1852,0,9,2026-05-14 12:11:07.042817,cohort3
lhMfCZeTQrY,1489,80,0,2026-05-14 12:11:07.042817,cohort3
OXjwdWH_pA8,918,4,1,2026-05-14 12:11:07.042817,cohort3
XPopb1yeA1Q,1105,6,0,2026-05-14 12:11:07.042817,cohort3
iXBMW4H7HwM,581,26,1,2026-05-14 12:11:07.042817,cohort3
4ybERjlkXio,16777,453,316,2026-05-14 12:11:07.042817,cohort3
XMCAWqA3svU,2174,61,4,2026-05-14 12:11:07.042817,cohort3
Zu7DFEVVwDs,12999,811,5,2026-05-14 12:11:07.042817,cohort3
BqDNAWGRIGg,788,16,0,2026-05-14 12:11:07.042817,cohort3
1Ocl4IeaBe4,733,9,2,2026-05-14 12:11:07.042817,cohort3
wl4g30KZ9IY,2282,63,1,2026-05-14 12:11:07.042817,cohort3
a9ENeZxG3Mw,965,9,0,2026-05-14 12:11:07.042817,cohort3
W9OQZ7gyH2E,812,14,4,2026-05-14 12:11:07.042817,cohort3
KOSkdUG-viY,943,21,4,2026-05-14 12:11:07.042817,cohort3
ZYCoMHvmMaw,742,11,0,2026-05-14 12:11:07.042817,cohort3
Xo1Xi0ykq1o,748,18,1,2026-05-14 12:11:07.042817,cohort3
pTZLcOSGTrc,2677,1082,1,2026-05-14 12:11:07.042817,cohort3
QGBvAZRjs-g,885,15,1,2026-05-14 12:11:07.042817,cohort3
ukZcDV__XWU,106060,6083,80,2026-05-14 12:11:07.042817,cohort3
9Iq-Ajbb5QA,1284,8,0,2026-05-14 12:11:07.042817,cohort3
N1BNFntSEus,1669,23,3,2026-05-14 12:11:07.042817,cohort3
lc7G3tPZoZo,840,31,2,2026-05-14 12:11:07.042817,cohort3
O5278vm1LCE,32635,0,4,2026-05-14 12:11:07.042817,cohort3
BYs0UUY7yL4,1237,18,1,2026-05-14 12:11:07.042817,cohort3
X3D4ooGVTgs,4307,14,1,2026-05-14 12:11:07.042817,cohort3
UbElea09niQ,1342,25,3,2026-05-14 12:11:07.042817,cohort3
a7vB4aVUTv0,982,44,5,2026-05-14 12:11:07.042817,cohort3
lxxXtPsjGwc,3581,183,4,2026-05-14 12:11:07.042817,cohort3
5dirbmBGWsI,16217,246,3,2026-05-14 12:11:07.042817,cohort3
HOD7kbC0i-g,6255,253,10,2026-05-14 12:11:07.042817,cohort3
lzCX0HaMcGk,17142,398,30,2026-05-14 12:11:07.042817,cohort3
jzJ33aJidxQ,19750,204,4,2026-05-14 12:11:07.042817,cohort3
QNv0Rqs3tf0,3999,239,11,2026-05-14 12:11:07.042817,cohort3
iurHOCgjbDQ,1119,19,1,2026-05-14 12:11:07.042817,cohort3
2fJvalZKwjk,1199,21,13,2026-05-14 12:11:07.042817,cohort3
NRkxlmdY2iw,6849,13,1,2026-05-14 12:11:07.042817,cohort3
Nox_lBickmI,9425,13,1,2026-05-14 12:11:07.042817,cohort3
vQtUO8cHDLk,2377,0,7,2026-05-14 12:11:07.042817,cohort3
FAEo58E9dD0,1563,75,1,2026-05-14 12:11:07.042817,cohort3
-I2IlBdbDe8,1515,57,0,2026-05-14 12:11:07.042817,cohort3
FBZSv3aVRZ0,801,32,0,2026-05-14 12:11:07.042817,cohort3
3fIszJG6vHk,649,20,1,2026-05-14 12:11:07.042817,cohort3
XOxAWB5tzEE,85,0,0,2026-05-14 12:11:07.042817,cohort3
QYBbqwTFZs4,3706,10,0,2026-05-14 12:11:07.042817,cohort3
ggNx1s-VMZg,3045,0,1,2026-05-14 12:11:07.042817,cohort3
d_Q02W4Zp0c,10,0,1,2026-05-14 12:11:07.042817,cohort3
fKEwvsGsAjM,687,12,2,2026-05-14 12:11:07.042817,cohort3
05itaSVjK8g,1562,34,2,2026-05-14 12:11:07.042817,cohort3
Ih9NnTsRGH0,1187,25,0,2026-05-14 12:11:07.042817,cohort3
sws-sdRdgCs,1161,9,5,2026-05-14 12:11:07.042817,cohort3
-VB0fBeorzs,758,5,0,2026-05-14 12:11:07.042817,cohort3
1WFLyMPX4ks,705,46,1,2026-05-14 12:11:07.042817,cohort3
4Y5yuNy-GQA,1143,24,4,2026-05-14 12:11:07.042817,cohort3
80Vn8FwZf8Q,3667,78,0,2026-05-14 12:11:07.042817,cohort3
u6a7zWC_XKI,10,5,1,2026-05-14 12:11:07.042817,cohort3
So5oVZ5gemg,1829,13,2,2026-05-14 12:11:07.042817,cohort3
9ftjgrcSb3o,1019,25,1,2026-05-14 12:11:07.042817,cohort3
LzT7ciHpEKU,551,7,13,2026-05-14 12:11:07.042817,cohort3
mz80VLi1aD0,41958,334,3,2026-05-14 12:11:07.042817,cohort3
rDpjl8r5xNY,849,32,2,2026-05-14 12:11:07.042817,cohort3
e88hd3BvnoA,566,19,1,2026-05-14 12:11:07.042817,cohort3
p0-Q7n70aX0,12848,194,7,2026-05-14 12:11:07.042817,cohort3
y8EGoWNOxg0,807,6,0,2026-05-14 12:11:07.042817,cohort3
zbakUHiTx3g,696,36,1,2026-05-14 12:11:07.042817,cohort3
Q8Usqrz3bo8,2572,38,5,2026-05-14 12:11:07.042817,cohort3
9TR_iXK1DPM,5,1,0,2026-05-14 12:11:07.042817,cohort3
vEU_RoFw5jc,4065,437,1,2026-05-14 12:11:07.042817,cohort3
LmRX5YJaPb0,88,6,0,2026-05-14 12:11:07.042817,cohort3
b76UmpNF578,1240,1,0,2026-05-14 12:11:07.042817,cohort3
-FW8oVEM3n4,247,5,0,2026-05-14 12:11:07.042817,cohort3
pVV-GvyWCMo,4397,7,0,2026-05-14 12:11:07.042817,cohort3
9zXjf4VtY00,16,0,0,2026-05-14 12:11:07.042817,cohort3
7dXRaCP7u08,15,1,0,2026-05-14 12:11:07.042817,cohort3
tUeyb-y9CuI,117,16,0,2026-05-14 12:11:07.042817,cohort3
J6xtmdb2MHQ,15969,59,0,2026-05-14 12:11:07.042817,cohort3
3CF6875jJkw,9,4,0,2026-05-14 12:11:07.042817,cohort3
sHT7MonOKpE,2551,8,0,2026-05-14 12:11:07.042817,cohort3
0N3PdupXcgo,1360,11,0,2026-05-14 12:11:07.042817,cohort3
MQYYCp4o5DM,304,2,0,2026-05-14 12:11:07.042817,cohort3
eYeM1a31aRo,1154,28,0,2026-05-14 12:11:07.042817,cohort3
unUvB7ZjmEE,85399,282,2,2026-05-14 12:11:07.042817,cohort3
6v_aN7iLslc,5405,8,0,2026-05-14 12:11:07.042817,cohort3
Ckn0m3h02uE,207,0,0,2026-05-14 12:11:07.042817,cohort3
UyXAyRFNIfI,0,0,0,2026-05-14 12:11:07.042817,cohort3
rCSWnikqLSE,815,29,0,2026-05-14 12:11:07.042817,cohort3
MeoQm5Eg53U,994,1,0,2026-05-14 12:11:07.042817,cohort3
nMyD68QKXSU,1498,6,0,2026-05-14 12:11:07.042817,cohort3
99B9FvP8fD0,907,19,2,2026-05-14 12:11:07.042817,cohort3
td6Sb_GTN8k,740,4,0,2026-05-14 12:11:07.042817,cohort3
mcRyKH1luMc,1029,17,6,2026-05-14 12:11:07.042817,cohort3
2hxeSuAYUhU,1165,76,9,2026-05-14 12:11:07.042817,cohort3
n0z6UTbOL34,2,1,1,2026-05-14 12:11:07.042817,cohort3
hcghNrm4hTQ,1118,17,0,2026-05-14 12:11:07.042817,cohort3
CsC94oRg_4U,1138,28,0,2026-05-14 12:11:07.042817,cohort3
PumKfEnp8Dw,4918,54,0,2026-05-14 12:11:07.042817,cohort3
C5Tr8AD718I,9091,82,0,2026-05-14 12:11:07.042817,cohort3
dh0lh_XS4YE,693,17,0,2026-05-14 12:11:07.042817,cohort3
l9CYwpt3Hj8,230,4,3,2026-05-14 12:11:07.042817,cohort3
1109gqO5oGo,539556,15709,101,2026-05-14 14:07:46.045244,cohort3
oFmD2PbIftA,466473,17717,21,2026-05-14 14:07:46.045244,cohort3
FIjlwByE538,169758,4727,92,2026-05-14 14:07:46.045244,cohort3
KvcxuhWbbSA,73586,10410,102,2026-05-14 14:07:46.045244,cohort3
8nzSD5N2ip8,108615,580,1,2026-05-14 14:07:46.045244,cohort3
Xg8JvTyeWx0,147971,1204,2,2026-05-14 14:07:46.045244,cohort3
Y1_yTNuyqHQ,59707,388,3,2026-05-14 14:07:46.045244,cohort3
WyBG1FZf648,98407,1753,0,2026-05-14 14:07:46.045244,cohort3
VUFud-jmMz8,49803,676,71,2026-05-14 14:07:46.045244,cohort3
q19jN8Tq9E0,135921,1310,0,2026-05-14 14:07:46.045244,cohort3
Q_yg2CxvGlw,54404,455,1,2026-05-14 14:07:46.045244,cohort3
zHkcFTFmKyY,110231,3961,32,2026-05-14 14:07:46.045244,cohort3
0yOf48MRCIY,69366,217,0,2026-05-14 14:07:46.045244,cohort3
rGU3yh7lpZk,43147,684,184,2026-05-14 14:07:46.045244,cohort3
pYcZ9vZFrxM,48683,685,0,2026-05-14 14:07:46.045244,cohort3
R-R6W9GHMRk,29945,345,0,2026-05-14 14:07:46.045244,cohort3
IGpatKX-31M,95188,5165,42,2026-05-14 14:07:46.045244,cohort3
OwLH9rBDov0,41563,1089,11,2026-05-14 14:07:46.045244,cohort3
YEpIh5Yxokw,91205,851,124,2026-05-14 14:07:46.045244,cohort3
NXBTs29o9Gg,20499,106,1,2026-05-14 14:07:46.045244,cohort3
gJA5y-IMAjY,46212,2129,9,2026-05-14 14:07:46.045244,cohort3
txBVIsLzQWw,24380,296,10,2026-05-14 14:07:46.045244,cohort3
8jkuLdsL4oo,31875,431,10,2026-05-14 14:07:46.045244,cohort3
L3xEAoyytak,39789,146,0,2026-05-14 14:07:46.045244,cohort3
CU3tv6GxuBE,59110,404,6,2026-05-14 14:07:46.045244,cohort3
M4cS4JpUi3o,41163,143,1,2026-05-14 14:07:46.045244,cohort3
el22dLXLTu4,18975,0,1,2026-05-14 14:07:46.045244,cohort3
jZgiOKhWpU0,41976,98,10,2026-05-14 14:07:46.045244,cohort3
rMXdW6EVyBM,16114,376,55,2026-05-14 14:07:46.045244,cohort3
VU32Dbqwv6A,248815,12331,41,2026-05-14 14:07:46.045244,cohort3
cboM6w8VVoM,66484,7429,161,2026-05-14 14:07:46.045244,cohort3
Dym9-kWiInM,9498,245,2,2026-05-14 14:07:46.045244,cohort3
cvQicVgPqTI,45221,192,0,2026-05-14 14:07:46.045244,cohort3
-FrE6TbNvQc,11962,124,0,2026-05-14 14:07:46.045244,cohort3
zj_mYNB7Jlg,14077,1325,78,2026-05-14 14:07:46.045244,cohort3
frzMrzw_pDQ,28553,168,0,2026-05-14 14:07:46.045244,cohort3
Q1uudWcokRo,92051,2182,15,2026-05-14 14:07:46.045244,cohort3
J4DbUap0BZg,223439,4032,19,2026-05-14 14:07:46.045244,cohort3
m2WKhTH5EFk,23219,0,64,2026-05-14 14:07:46.045244,cohort3
hK_MNZuuGeY,24204,173,1,2026-05-14 14:07:46.045244,cohort3
zk8w4Dya8_g,23648,323,6,2026-05-14 14:07:46.045244,cohort3
s_xsGqyAzpI,25704,380,2,2026-05-14 14:07:46.045244,cohort3
4EQwN_0F4-E,21785,23,0,2026-05-14 14:07:46.045244,cohort3
1JveZuqNmRI,13236,43,0,2026-05-14 14:07:46.045244,cohort3
jVst40VuzDA,15967,11,17,2026-05-14 14:07:46.045244,cohort3
p-meA4uy4eE,9016,233,4,2026-05-14 14:07:46.045244,cohort3
nPdZiCG5l8E,10661,65,2,2026-05-14 14:07:46.045244,cohort3
DQ0PfQ4dZH8,13190,137,1,2026-05-14 14:07:46.045244,cohort3
waw_egstnZE,44100,553,13,2026-05-14 14:07:46.045244,cohort3
Su1QwBXmj6w,26841,52,3,2026-05-14 14:07:46.045244,cohort3
VxJWnTcsXeE,33165,125,0,2026-05-14 14:07:46.045244,cohort3
W7ywyXGSi7E,16282,63,0,2026-05-14 14:07:46.045244,cohort3
pVnKfsgQMmw,27345,106,0,2026-05-14 14:07:46.045244,cohort3
yOmoEWmAy58,21757,32,0,2026-05-14 14:07:46.045244,cohort3
RiXmHyCW7Mo,26894,1302,1044,2026-05-14 14:07:46.045244,cohort3
U6j8_ZHO5k0,6755,298,34,2026-05-14 14:07:46.045244,cohort3
ss-MMlWVrLY,12107,637,10,2026-05-14 14:07:46.045244,cohort3
0XBme2bWQi0,36185,6492,266,2026-05-14 14:07:46.045244,cohort3
DhWH-XRwmy4,8320,47,0,2026-05-14 14:07:46.045244,cohort3
BQq9EnmSFGI,15840,0,3,2026-05-14 14:07:46.045244,cohort3
-Ehr7b7ljds,16279,933,20,2026-05-14 14:07:46.045244,cohort3
UFzE0aPrFJ0,28438,83,0,2026-05-14 14:07:46.045244,cohort3
olBXTQxAnKk,21311,26,13,2026-05-14 14:07:46.045244,cohort3
TeS-6k_BWa0,7991,402,40,2026-05-14 14:07:46.045244,cohort3
h6kAY7B-WwE,11458,25,0,2026-05-14 14:07:46.045244,cohort3
pyMNhJXOJOI,6408,35,1,2026-05-14 14:07:46.045244,cohort3
yDVbCPNFz_U,8314,314,18,2026-05-14 14:07:46.045244,cohort3
rVM522pWfQE,9590,14,1,2026-05-14 14:07:46.045244,cohort3
OEhZ0FvfKeE,25537,2572,24,2026-05-14 14:07:46.045244,cohort3
SnS_QqS1rRI,30860,204,0,2026-05-14 14:07:46.045244,cohort3
tGBI-X5GdtM,7211,0,3,2026-05-14 14:07:46.045244,cohort3
6WANHvHT1mI,14804,119,2,2026-05-14 14:07:46.045244,cohort3
uzfOQydNpJs,6634,212,30,2026-05-14 14:07:46.045244,cohort3
t92n8bszngs,9758,39,0,2026-05-14 14:07:46.045244,cohort3
v7dFdqvElTE,6477,174,102,2026-05-14 14:07:46.045244,cohort3
B7IpuDdlFgo,7171,23,0,2026-05-14 14:07:46.045244,cohort3
qJrrNqmdFIM,10745,0,2,2026-05-14 14:07:46.045244,cohort3
GYW9PV0MtsQ,6020,101,1,2026-05-14 14:07:46.045244,cohort3
FlH3raMSdfU,6959,104,0,2026-05-14 14:07:46.045244,cohort3
17s3uKE5ARI,25310,114,1,2026-05-14 14:07:46.045244,cohort3
eWAMRSDoiME,6191,35,0,2026-05-14 14:07:46.045244,cohort3
J1Z43pWRbs8,18368,956,4,2026-05-14 14:07:46.045244,cohort3
QNUmLNGoO9Y,5485,57,1,2026-05-14 14:07:46.045244,cohort3
8c1bpP2kK-4,11814,15,2,2026-05-14 14:07:46.045244,cohort3
kRRcjQvOEAU,8745,48,0,2026-05-14 14:07:46.045244,cohort3
gKgqRlV7IeI,8659,181,0,2026-05-14 14:07:46.045244,cohort3
ilVbxQ1917I,5575,17,1,2026-05-14 14:07:46.045244,cohort3
WvKYodJWB8E,5168,25,0,2026-05-14 14:07:46.045244,cohort3
7KK4YdUsrro,3627,46,0,2026-05-14 14:07:46.045244,cohort3
FNyE65wSiHU,15335,0,56,2026-05-14 14:07:46.045244,cohort3
T_UiMBuz-7c,6554,176,3,2026-05-14 14:07:46.045244,cohort3
1K_ef78I-cs,20788,38,0,2026-05-14 14:07:46.045244,cohort3
5034udlayJQ,12547,82,1,2026-05-14 14:07:46.045244,cohort3
JKQrM8LAkRE,3136,0,2,2026-05-14 14:07:46.045244,cohort3
A0TZh9YSeUI,4318,16,0,2026-05-14 14:07:46.045244,cohort3
gO3V_8KY3b0,11139,41,5,2026-05-14 14:07:46.045244,cohort3
u7TFph_gQTY,4853,27,1,2026-05-14 14:07:46.045244,cohort3
xl8d10ISvG4,11433,233,6,2026-05-14 14:07:46.045244,cohort3
xgQegicuO3M,5186,351,11,2026-05-14 14:07:46.045244,cohort3
Yzq0fac9PX8,3122,131,0,2026-05-14 14:07:46.045244,cohort3
1I3VCOl4ysQ,5318,101,0,2026-05-14 14:07:46.045244,cohort3
HS0kzb8ylHU,21194,545,1,2026-05-14 14:07:46.045244,cohort3
qf4Gs6L1DUw,3128,63,10,2026-05-14 14:07:46.045244,cohort3
N51SyUqi1Ww,5291,44,0,2026-05-14 14:07:46.045244,cohort3
r6d_yvGCkdE,7429,188,48,2026-05-14 14:07:46.045244,cohort3
c8bCRfz9mwM,4562,24,12,2026-05-14 14:07:46.045244,cohort3
EzyDbu-KYXs,5476,250,20,2026-05-14 14:07:46.045244,cohort3
LgcXsJEilDo,6859,228,2,2026-05-14 14:07:46.045244,cohort3
1QG6FjY2AEs,15976,766,73,2026-05-14 14:07:46.045244,cohort3
LWcdv8IfI5c,13943,878,5,2026-05-14 14:07:46.045244,cohort3
Q8Sc_05ajBo,4300,34,0,2026-05-14 14:07:46.045244,cohort3
QRdOqeBtTZE,2845,93,0,2026-05-14 14:07:46.045244,cohort3
vEomourPKSg,665929,7958,34,2026-05-14 14:07:46.045244,cohort3
28bbsKcpR-U,2909,81,1,2026-05-14 14:07:46.045244,cohort3
a7gmO1BB72A,3023,49,7,2026-05-14 14:07:46.045244,cohort3
IzayoH-c3Y0,39218,1024,2,2026-05-14 14:07:46.045244,cohort3
aUzQQScII0E,9866,93,2,2026-05-14 14:07:46.045244,cohort3
uhVzRthZ2y8,2134,0,2,2026-05-14 14:07:46.045244,cohort3
9VcET-JR-l4,9425,0,7,2026-05-14 14:07:46.045244,cohort3
TMEMDflzptE,1214,44,9,2026-05-14 14:07:46.045244,cohort3
W3KnFSGm-is,2670,22,0,2026-05-14 14:07:46.045244,cohort3
Y7hGLH-w1S0,17417,0,23,2026-05-14 14:07:46.045244,cohort3
qdlW6NrC0lY,9307,99,0,2026-05-14 14:07:46.045244,cohort3
kPxIBP_X2Ao,1392,52,5,2026-05-14 14:07:46.045244,cohort3
6kaSRDa_-iE,2588,135,8,2026-05-14 14:07:46.045244,cohort3
fvBKpxS_tLU,1760,45,4,2026-05-14 14:07:46.045244,cohort3
QRXphcwc_zc,1512,32,2,2026-05-14 14:07:46.045244,cohort3
9o0kLocjyeo,1276,24,1,2026-05-14 14:07:46.045244,cohort3
3Zp56JVI4U4,4121,211,8,2026-05-14 14:07:46.045244,cohort3
Yq8G-i9imX8,4981,38,0,2026-05-14 14:07:46.045244,cohort3
GMKsqOkrryc,27642,745,4,2026-05-14 14:07:46.045244,cohort3
6FZ8A43m8Rg,2271,238,7,2026-05-14 14:07:46.045244,cohort3
JdSEetzVY8U,4554,24,0,2026-05-14 14:07:46.045244,cohort3
Co6WstKZoMo,1967,34,0,2026-05-14 14:07:46.045244,cohort3
0y71_9fQuI0,985,21,0,2026-05-14 14:07:46.045244,cohort3
Y_hnAMTtgkE,898,26,0,2026-05-14 14:07:46.045244,cohort3
nkydxta3qlE,1627,12,0,2026-05-14 14:07:46.045244,cohort3
HwgjpETU3kQ,5709,23,0,2026-05-14 14:07:46.045244,cohort3
ClhLO8o5eRo,10586,598,11,2026-05-14 14:07:46.045244,cohort3
OnPBmf2Jvyc,902,12,4,2026-05-14 14:07:46.045244,cohort3
ACFNRfV4l50,4989,23,0,2026-05-14 14:07:46.045244,cohort3
9HK_T7qsR_8,4673,224,6,2026-05-14 14:07:46.045244,cohort3
NU4s4iD5YC0,2570,28,7,2026-05-14 14:07:46.045244,cohort3
GWvG4nX-NHM,1055,50,0,2026-05-14 14:07:46.045244,cohort3
20ZF4aaXqn8,2414,15,1,2026-05-14 14:07:46.045244,cohort3
LzgUtaCtofw,1808,10,0,2026-05-14 14:07:46.045244,cohort3
rrEOxchfbLk,1563,59,8,2026-05-14 14:07:46.045244,cohort3
5m_hVuNUK2Y,3633,36,0,2026-05-14 14:07:46.045244,cohort3
h_P1_Q3sZ1Y,11434,805,4,2026-05-14 14:07:46.045244,cohort3
jgfmmPpHBb0,1928,15,0,2026-05-14 14:07:46.045244,cohort3
i9z19FoOVmc,13547,2143,177,2026-05-14 14:07:46.045244,cohort3
u9lKPGfNOnI,9806,190,0,2026-05-14 14:07:46.045244,cohort3
NFwiUtyFQac,1869,49,2,2026-05-14 14:07:46.045244,cohort3
QVkelJjEnMk,1123,33,0,2026-05-14 14:07:46.045244,cohort3
SeQP9MRmz8o,2288,116,3,2026-05-14 14:07:46.045244,cohort3
FcO0H0qgmCA,1326,45,3,2026-05-14 14:07:46.045244,cohort3
w4cYUu8EOYQ,1599,25,0,2026-05-14 14:07:46.045244,cohort3
j93ssOoHX-A,1176,10,1,2026-05-14 14:07:46.045244,cohort3
CnfbB7fSOF8,1389,25,1,2026-05-14 14:07:46.045244,cohort3
wqkhoaAGTfs,1130,5,0,2026-05-14 14:07:46.045244,cohort3
BiIcQciyVB8,1389,0,2,2026-05-14 14:07:46.045244,cohort3
1r8dwTYGNSk,2911,140,3,2026-05-14 14:07:46.045244,cohort3
ZrXpXQvjcQQ,2562,62,12,2026-05-14 14:07:46.045244,cohort3
Xur7XgOl_yA,979,1,0,2026-05-14 14:07:46.045244,cohort3
u32RFc_9pfM,1503,80,2,2026-05-14 14:07:46.045244,cohort3
lEHEnK1bduA,1065,11,0,2026-05-14 14:07:46.045244,cohort3
5KOpzd0TEy8,1439,17,0,2026-05-14 14:07:46.045244,cohort3
EjcuQGPt1R0,1037,6,0,2026-05-14 14:07:46.045244,cohort3
hbcGLmkW_-o,1282,50,36,2026-05-14 14:07:46.045244,cohort3
AHRoWLpTs1Q,1147,14,0,2026-05-14 14:07:46.045244,cohort3
JUOOcUHYLn0,12826,269,3,2026-05-14 14:07:46.045244,cohort3
41pazsoQsKc,1091,9,0,2026-05-14 14:07:46.045244,cohort3
7zGi37_Mo-M,32186,342,0,2026-05-14 14:07:46.045244,cohort3
MyFNOo1_GKg,15135,106,4,2026-05-14 14:07:46.045244,cohort3
6iGOhNr9-Ko,9806,319,19,2026-05-14 14:07:46.045244,cohort3
kYjC2EAQMaE,1583,62,1,2026-05-14 14:07:46.045244,cohort3
3nxJt1ticUA,2662,4,0,2026-05-14 14:07:46.045244,cohort3
WouyFAMASzY,898,8,0,2026-05-14 14:07:46.045244,cohort3
c9W2QvR2R3s,1253,21,0,2026-05-14 14:07:46.045244,cohort3
R4Q86Hhs9zE,3193,56,1,2026-05-14 14:07:46.045244,cohort3
yMlw2IrGlIo,731,0,0,2026-05-14 14:07:46.045244,cohort3
FMRGBRCqg_s,1492,19,1,2026-05-14 14:07:46.045244,cohort3
TgVHw74SKAI,1110,17,0,2026-05-14 14:07:46.045244,cohort3
RnOwfKZvffw,6749,299,2,2026-05-14 14:07:46.045244,cohort3
GqcfZHiXJMA,4700,57,1,2026-05-14 14:07:46.045244,cohort3
IRjofNhuNeQ,2637,26,0,2026-05-14 14:07:46.045244,cohort3
0EmFi6I4qkQ,3298,142,4,2026-05-14 14:07:46.045244,cohort3
f5eSl4dosW8,3367,475,5,2026-05-14 14:07:46.045244,cohort3
W2VbetxSgcg,2808,161,7,2026-05-14 14:07:46.045244,cohort3
nCmDTuykDNE,2270,97,6,2026-05-14 14:07:46.045244,cohort3
pIXV1-kNi2c,1206,71,4,2026-05-14 14:07:46.045244,cohort3
CozvUZg2uBg,1224,35,11,2026-05-14 14:07:46.045244,cohort3
PCLJT8XxKe8,2806,16,0,2026-05-14 14:07:46.045244,cohort3
wj4MXY7tMnI,946,39,0,2026-05-14 14:07:46.045244,cohort3
x-uMJCmzyL4,1234,12,1,2026-05-14 14:07:46.045244,cohort3
wtiK8FpQLs8,1002,23,3,2026-05-14 14:07:46.045244,cohort3
6BIPEdM8MY8,1691,48,3,2026-05-14 14:07:46.045244,cohort3
Cjn-3BYO3rY,5727,45,0,2026-05-14 14:07:46.045244,cohort3
vUL-pF-Lp6Q,1409,21,4,2026-05-14 14:07:46.045244,cohort3
JZDMT_gjetA,1823,16,1,2026-05-14 14:07:46.045244,cohort3
C23ATAn5M3U,673,9,1,2026-05-14 14:07:46.045244,cohort3
rbAvc2bNelQ,3208,88,2,2026-05-14 14:07:46.045244,cohort3
6HsbJ7z5ctI,1550,29,0,2026-05-14 14:07:46.045244,cohort3
hAtKWR-1pEs,8224,297,0,2026-05-14 14:07:46.045244,cohort3
NCdoTXYsP_A,1179,0,0,2026-05-14 14:07:46.045244,cohort3
Vb5RADCkce8,952,31,0,2026-05-14 14:07:46.045244,cohort3
0snHIFYRrOo,3339,3,0,2026-05-14 14:07:46.045244,cohort3
1U_B9mn_pzk,1147,27,2,2026-05-14 14:07:46.045244,cohort3
wwfWbtGt4T8,1156,8,0,2026-05-14 14:07:46.045244,cohort3
ZtyawLxEZpI,1111,31,0,2026-05-14 14:07:46.045244,cohort3
VpfZv0CsRoA,778,7,0,2026-05-14 14:07:46.045244,cohort3
gCGWzckiahI,1268,18,0,2026-05-14 14:07:46.045244,cohort3
Vev-BMcXHho,1241,15,2,2026-05-14 14:07:46.045244,cohort3
pggjv6EZRu4,2421,44,0,2026-05-14 14:07:46.045244,cohort3
tThXHX6KekA,1086,38,0,2026-05-14 14:07:46.045244,cohort3
UMdUjZomNsU,978,29,0,2026-05-14 14:07:46.045244,cohort3
eKzb1RKYSUM,1918,16,0,2026-05-14 14:07:46.045244,cohort3
JgqiD7TKJX4,1378,3,0,2026-05-14 14:07:46.045244,cohort3
OYCSDuV3_fY,23848,0,4,2026-05-14 14:07:46.045244,cohort3
uuRSIghKJ8s,1132,18,2,2026-05-14 14:07:46.045244,cohort3
tVVN5rfFcpI,1494,15,3,2026-05-14 14:07:46.045244,cohort3
Xv9DUx1NoDw,35421,195,37,2026-05-14 14:07:46.045244,cohort3
VBJoaZXapAg,7422,661,26,2026-05-14 14:07:46.045244,cohort3
UHoU2jGoHiY,1584,0,3,2026-05-14 14:07:46.045244,cohort3
QcBLVviuFns,15094,72,3,2026-05-14 14:07:46.045244,cohort3
fRv8KKbyPNQ,3618,181,16,2026-05-14 14:07:46.045244,cohort3
M7KyduM8WA4,3298,36,6,2026-05-14 14:07:46.045244,cohort3
y89mRR2jby4,812,7,6,2026-05-14 14:07:46.045244,cohort3
S9XMknRveG0,5674,9,0,2026-05-14 14:07:46.045244,cohort3
MA76_CJ63xY,3235,24,1,2026-05-14 14:07:46.045244,cohort3
oFvdABEfMCY,1477,34,0,2026-05-14 14:07:46.045244,cohort3
4lTm24zr_JQ,5507,227,1,2026-05-14 14:07:46.045244,cohort3
lOCar5PWRB4,3213,27,5,2026-05-14 14:07:46.045244,cohort3
SMH2HgXPC6k,4635,306,1,2026-05-14 14:07:46.045244,cohort3
BwZUvus7RMA,12498,16,1,2026-05-14 14:07:46.045244,cohort3
03_e2NIlDT8,758,62,19,2026-05-14 14:07:46.045244,cohort3
Cm4ymJFaTC0,1558,26,1,2026-05-14 14:07:46.045244,cohort3
mGAvwIVwekM,24286,0,20,2026-05-14 14:07:46.045244,cohort3
AahJtOM0hGA,1355,60,4,2026-05-14 14:07:46.045244,cohort3
AuDUu1V5Re8,5036,35,0,2026-05-14 14:07:46.045244,cohort3
AFNNIGP6kks,16065,20,0,2026-05-14 14:07:46.045244,cohort3
yOW1GzpaFAw,32031,184,2,2026-05-14 14:07:46.045244,cohort3
NA1e_JYfPI0,9381,203,0,2026-05-14 14:07:46.045244,cohort3
leYD-nmMeBI,17215,103,0,2026-05-14 14:07:46.045244,cohort3
UKIYr0bkvKo,10128,0,0,2026-05-14 14:07:46.045244,cohort3
U7kKKGLCyow,6012,109,2,2026-05-14 14:07:46.045244,cohort3
GAls3kX-EJg,1230,67,17,2026-05-14 14:07:46.045244,cohort3
1SinRmfSX6A,38568,114,0,2026-05-14 14:07:46.045244,cohort3
RBPPWEFIuAc,1825,20,2,2026-05-14 14:07:46.045244,cohort3
iiWNKfPrnM8,642,0,5,2026-05-14 14:07:46.045244,cohort3
xcCqwINGNg8,26908,117,129,2026-05-14 14:07:46.045244,cohort3
ZBnRHPhlumM,431,25,14,2026-05-14 14:07:46.045244,cohort3
uSsuA2zjPKg,24572,113,0,2026-05-14 14:07:46.045244,cohort3
i2PmasH5y9k,14716,205,85,2026-05-14 14:07:46.045244,cohort3
XsT0jJTCJgc,1327,19,2,2026-05-14 14:07:46.045244,cohort3
lB7NBsPpqJ0,2232,122,0,2026-05-14 14:07:46.045244,cohort3
gLR2W1FJ8P0,573,6,1,2026-05-14 14:07:46.045244,cohort3
Od4mfgOFaqg,1006,147,8,2026-05-14 14:07:46.045244,cohort3
2aCu6ux25MI,746,1,0,2026-05-14 14:07:46.045244,cohort3
l0DI2iB9ldw,1693,7,3,2026-05-14 14:07:46.045244,cohort3
g3fEtSyQloo,2045,8,0,2026-05-14 14:07:46.045244,cohort3
Q3kRndcte0E,29644,283,1,2026-05-14 14:07:46.045244,cohort3
Vo1vv_Ym5Cc,2023,61,1,2026-05-14 14:07:46.045244,cohort3
w3d9nSdTGRM,707,5,5,2026-05-14 14:07:46.045244,cohort3
_ORVex7RgzM,4777,68,0,2026-05-14 14:07:46.045244,cohort3
Gn-mNHd7TXk,322,0,2,2026-05-14 14:07:46.045244,cohort3
BTkji_ZJchs,0,0,0,2026-05-14 14:07:46.045244,cohort3
LLmASTg5zTA,195,3,0,2026-05-14 14:07:46.045244,cohort3
kpg781AgU9k,19,3,0,2026-05-14 14:07:46.045244,cohort3
fH31AerO5ug,1358,45,8,2026-05-14 14:07:46.045244,cohort3
H76uwtIK1os,108,4,0,2026-05-14 14:07:46.045244,cohort3
ME1MlJrfHb4,1001,11,0,2026-05-14 14:07:46.045244,cohort3
0TeTLQd_Kgk,3752,77,5,2026-05-14 14:07:46.045244,cohort3
3OMGaTmBCvQ,201,0,0,2026-05-14 14:07:46.045244,cohort3
fQmxUC8Di9E,2771,225,0,2026-05-14 14:07:46.045244,cohort3
ddfqymtwp6E,772,8,0,2026-05-14 14:07:46.045244,cohort3
p-AFzTLnii0,1302,8,0,2026-05-14 14:07:46.045244,cohort3
BBLOOKAzogo,5819,134,2,2026-05-14 14:07:46.045244,cohort3
SVOkqzzftNc,9414,12,0,2026-05-14 14:07:46.045244,cohort3
ul965bFb60Q,31082,0,1,2026-05-14 14:07:46.045244,cohort3
7DQBb4TSuFg,35719,270,1,2026-05-14 14:07:46.045244,cohort3
FY0b8kfAWqE,20092,359,18,2026-05-14 14:07:46.045244,cohort3
HpW0hFFUfzM,22949,1861,1,2026-05-14 14:07:46.045244,cohort3
BZAK7bPZRIk,88568,2199,14,2026-05-14 14:07:46.045244,cohort3
NiFzocRzTnA,1179296,21762,269,2026-05-14 14:07:46.045244,cohort3
EkzAJE9jCMI,22010,572,0,2026-05-14 14:07:46.045244,cohort3
fKzhDNkNHgY,14600,54,0,2026-05-14 14:07:46.045244,cohort3
KokmUFJhgOE,96638,5476,36,2026-05-14 14:07:46.045244,cohort3
2XfipfdRetU,12034,270,1,2026-05-14 14:07:46.045244,cohort3
GG5Xop0s-Ss,23922,97,0,2026-05-14 14:07:46.045244,cohort3
LPA4ajdgboQ,32984,945,54,2026-05-14 14:07:46.045244,cohort3
XleHdxX7c1o,18745,239,12,2026-05-14 14:07:46.045244,cohort3
xq3JtqC2tic,20562,360,2,2026-05-14 14:07:46.045244,cohort3
-pzEgeUEUJI,31124,151,0,2026-05-14 14:07:46.045244,cohort3
t62ES0itVWA,41923,259,0,2026-05-14 14:07:46.045244,cohort3
2kru4OOwgs8,21678,242,13,2026-05-14 14:07:46.045244,cohort3
HEgID7liLxk,6133,255,4,2026-05-14 14:07:46.045244,cohort3
Y7bkcfBLQvs,24821,57,1,2026-05-14 14:07:46.045244,cohort3
AYveM58k934,6010,78,3,2026-05-14 14:07:46.045244,cohort3
pfPskj9X5RQ,5600,66,9,2026-05-14 14:07:46.045244,cohort3
Z8L3kUjfzII,44117,568,8,2026-05-14 14:07:46.045244,cohort3
ftWyAkuA9A0,10174,53,1,2026-05-14 14:07:46.045244,cohort3
6l0IAaeQV9o,10798,88,4,2026-05-14 14:07:46.045244,cohort3
RqTZOQYeSj8,18576,359,1,2026-05-14 14:07:46.045244,cohort3
4KhF-pf3yTQ,3499,58,3,2026-05-14 14:07:46.045244,cohort3
T6GNRDi5b3Y,7206,225,18,2026-05-14 14:07:46.045244,cohort3
tnDGeZGeUWI,9402,5,0,2026-05-14 14:07:46.045244,cohort3
IDZ2lFb2wTM,3879,18,0,2026-05-14 14:07:46.045244,cohort3
D58uQP2HG94,35280,177,0,2026-05-14 14:07:46.045244,cohort3
ifqkEvuqHbI,106278,1885,11,2026-05-14 14:07:46.045244,cohort3
lzaOLtEOqgI,17812,26,1,2026-05-14 14:07:46.045244,cohort3
PUI3hPRXTEQ,5320,24,0,2026-05-14 14:07:46.045244,cohort3
15JwNKYy6Vg,30508,878,76,2026-05-14 14:07:46.045244,cohort3
RvJAtMuBV5g,6550,95,0,2026-05-14 14:07:46.045244,cohort3
Es8bRaKZHkQ,1480,23,0,2026-05-14 14:07:46.045244,cohort3
gm-iEVxl5Ew,1997,21,8,2026-05-14 14:07:46.045244,cohort3
FyckdNPkmVk,10495,163,1,2026-05-14 14:07:46.045244,cohort3
0spHr4gCY4w,6029,0,1,2026-05-14 14:07:46.045244,cohort3
_GWFMlcwnF8,6557,17,0,2026-05-14 14:07:46.045244,cohort3
QmorWWrDL04,29964,0,180,2026-05-14 14:07:46.045244,cohort3
Q8XB2RQ3ROI,1559,10,1,2026-05-14 14:07:46.045244,cohort3
6ifUbpbI55M,5965,39,1,2026-05-14 14:07:46.045244,cohort3
bL7XBZJboNM,6604,67,2,2026-05-14 14:07:46.045244,cohort3
GyrTFM9gmXY,2214,27,0,2026-05-14 14:07:46.045244,cohort3
a2XfZ4VXvGA,2255,27,0,2026-05-14 14:07:46.045244,cohort3
gRV8O-JrxOY,3918,148,13,2026-05-14 14:07:46.045244,cohort3
TJveAqdT5EA,1749,26,0,2026-05-14 14:07:46.045244,cohort3
mDYRXJ0p4PQ,1226,18,0,2026-05-14 14:07:46.045244,cohort3
5y8TUm2aD0o,9302,55,0,2026-05-14 14:07:46.045244,cohort3
p9UYqskIoQA,18707,701,18,2026-05-14 14:07:46.045244,cohort3
xzKUi93pPHA,23034,1254,42,2026-05-14 14:07:46.045244,cohort3
rT-NLSHcE9s,3051,28,0,2026-05-14 14:07:46.045244,cohort3
-_mHx7Ft5wU,1166,42,1,2026-05-14 14:07:46.045244,cohort3
AlSZCsLEIgs,1304,28,0,2026-05-14 14:07:46.045244,cohort3
r3gidU4xS7I,1062,0,0,2026-05-14 14:07:46.045244,cohort3
uilr_SZtOUI,6855,207,7,2026-05-14 14:07:46.045244,cohort3
7D9WIfmzntE,2997,125,4,2026-05-14 14:07:46.045244,cohort3
64Kgdkeu624,1636,25,1,2026-05-14 14:07:46.045244,cohort3
8DQIdUPSTSI,1367,16,1,2026-05-14 14:07:46.045244,cohort3
QZsiQ82Z2NQ,11199,120,0,2026-05-14 14:07:46.045244,cohort3
f3rQ9mfaMTQ,1022,26,1,2026-05-14 14:07:46.045244,cohort3
gZeUZ59Isp0,967,47,4,2026-05-14 14:07:46.045244,cohort3
L7Z0xXi8K7c,885,26,0,2026-05-14 14:07:46.045244,cohort3
1CumQ1UO9IE,12712,298,5,2026-05-14 14:07:46.045244,cohort3
ehJEp8UBqVI,734,4,1,2026-05-14 14:07:46.045244,cohort3
llkjHbzopc8,62541,670,4,2026-05-14 14:07:46.045244,cohort3
6MTTJ_sesws,6893,282,7,2026-05-14 14:07:46.045244,cohort3
ES7Fm2NxK0Y,1242,48,1,2026-05-14 14:07:46.045244,cohort3
hPspv_cG0T4,1514,14,2,2026-05-14 14:07:46.045244,cohort3
gMoqx9_XKWA,12426,148,1,2026-05-14 14:07:46.045244,cohort3
fKQ_8fCJiBQ,1414,34,2,2026-05-14 14:07:46.045244,cohort3
erHoZyk8jOU,7421,156,12,2026-05-14 14:07:46.045244,cohort3
JFi0y0ee9C0,33441,0,1,2026-05-14 14:07:46.045244,cohort3
TUR6yFb7sVI,1503,131,21,2026-05-14 14:07:46.045244,cohort3
UrRo4FbJfgI,969,76,3,2026-05-14 14:07:46.045244,cohort3
p9hMaOcN-h0,767,8,1,2026-05-14 14:07:46.045244,cohort3
BPzQ7h1WteM,956,19,1,2026-05-14 14:07:46.045244,cohort3
Myf61iqyVaI,440,12,0,2026-05-14 14:07:46.045244,cohort3
ODkYVR6PR5U,1380,41,0,2026-05-14 14:07:46.045244,cohort3
NLIVrkP2KnQ,892,9,1,2026-05-14 14:07:46.045244,cohort3
htdw_jINtxY,1421,55,0,2026-05-14 14:07:46.045244,cohort3
bkuCXbCczuo,1282,21,3,2026-05-14 14:07:46.045244,cohort3
oiCnT4xsyvE,1146,0,7,2026-05-14 14:07:46.045244,cohort3
VVXPeqoXlag,1413,0,0,2026-05-14 14:07:46.045244,cohort3
4tNYDcnwu3Q,1859,99,2,2026-05-14 14:07:46.045244,cohort3
5Q0RrkIzGWE,5561,1155,16,2026-05-14 14:07:46.045244,cohort3
w9ns9UkSACY,4845,474,17,2026-05-14 14:07:46.045244,cohort3
tEaHmIkAOKc,9416,219,1,2026-05-14 14:07:46.045244,cohort3
L6RkCe94EOw,8346,29,0,2026-05-14 14:07:46.045244,cohort3
J8IaK5crBY0,989,7,5,2026-05-14 14:07:46.045244,cohort3
qlytOiz-VF8,1278,0,0,2026-05-14 14:07:46.045244,cohort3
qxv2nKYBfh4,1928,52,0,2026-05-14 14:07:46.045244,cohort3
FCHM-DT1Ock,1610,86,0,2026-05-14 14:07:46.045244,cohort3
Q2s6CtBHfYI,1266,85,0,2026-05-14 14:07:46.045244,cohort3
qMLjDg_97sE,3126,601,2,2026-05-14 14:07:46.045244,cohort3
gmDwY9pQY0Q,1299,9,0,2026-05-14 14:07:46.045244,cohort3
UCjM3nxuVMM,4790,110,2,2026-05-14 14:07:46.045244,cohort3
t1poaYGbWTw,2666,93,2,2026-05-14 14:07:46.045244,cohort3
ezTli7RpPqY,15124,162,3,2026-05-14 14:07:46.045244,cohort3
2lFRLhVD36U,1109,30,2,2026-05-14 14:07:46.045244,cohort3
2nkDz8c6ghs,15526,451,4,2026-05-14 14:07:46.045244,cohort3
GIodLy2v0Gg,14889,246,20,2026-05-14 14:07:46.045244,cohort3
3MROV7dmDro,997,5,29,2026-05-14 14:07:46.045244,cohort3
XPyeNk4z3zM,1197,27,1,2026-05-14 14:07:46.045244,cohort3
H73zNMTUSP8,1810,3,0,2026-05-14 14:07:46.045244,cohort3
0K5uLUciFvg,12947,643,7,2026-05-14 14:07:46.045244,cohort3
oiPURPJ2L8Q,1803,29,2,2026-05-14 14:07:46.045244,cohort3
RdkoKXZlJSE,2809,29,7,2026-05-14 14:07:46.045244,cohort3
pjGAIeUFpyM,1321,13,2,2026-05-14 14:07:46.045244,cohort3
dS04a5QmpHU,1851,12,0,2026-05-14 14:07:46.045244,cohort3
G7qLJx2bUwg,824,10,1,2026-05-14 14:07:46.045244,cohort3
OxsLu4Z4dYs,2375,140,11,2026-05-14 14:07:46.045244,cohort3
5cua3o5_Nto,1802,56,3,2026-05-14 14:07:46.045244,cohort3
ZhOy452QEhc,778,0,0,2026-05-14 14:07:46.045244,cohort3
oJ00_Ogk8mY,609,14,2,2026-05-14 14:07:46.045244,cohort3
SxQVvPNVehQ,502,9,0,2026-05-14 14:07:46.045244,cohort3
XfW0ok-dGmY,1520,26,0,2026-05-14 14:07:46.045244,cohort3
hUKo0Ly7Zig,1166,8,1,2026-05-14 14:07:46.045244,cohort3
Ew3CvarawWs,918,22,1,2026-05-14 14:07:46.045244,cohort3
QMEFDCwqm0s,6585,4,2,2026-05-14 14:07:46.045244,cohort3
1Hi9TY_eJII,555,18,0,2026-05-14 14:07:46.045244,cohort3
8cs696P3BpU,8287,756,11,2026-05-14 14:07:46.045244,cohort3
SloMOQO7pDg,1878,11,3,2026-05-14 14:07:46.045244,cohort3
SiG-Y1mmBLA,3215,41,6,2026-05-14 14:07:46.045244,cohort3
tI5tBoWqCJA,945,8,0,2026-05-14 14:07:46.045244,cohort3
kKZu--8v9Ds,1380,16,0,2026-05-14 14:07:46.045244,cohort3
XnLHo4i1wkc,1341,33,1,2026-05-14 14:07:46.045244,cohort3
TjlT20vAO7k,2610,0,9,2026-05-14 14:07:46.045244,cohort3
lhMfCZeTQrY,1540,92,0,2026-05-14 14:07:46.045244,cohort3
OXjwdWH_pA8,919,4,1,2026-05-14 14:07:46.045244,cohort3
XPopb1yeA1Q,1112,6,0,2026-05-14 14:07:46.045244,cohort3
iXBMW4H7HwM,581,26,1,2026-05-14 14:07:46.045244,cohort3
4ybERjlkXio,17928,496,345,2026-05-14 14:07:46.045244,cohort3
XMCAWqA3svU,2406,68,4,2026-05-14 14:07:46.045244,cohort3
Zu7DFEVVwDs,14551,838,6,2026-05-14 14:07:46.045244,cohort3
BqDNAWGRIGg,789,16,0,2026-05-14 14:07:46.045244,cohort3
1Ocl4IeaBe4,733,9,2,2026-05-14 14:07:46.045244,cohort3
wl4g30KZ9IY,4666,76,2,2026-05-14 14:07:46.045244,cohort3
a9ENeZxG3Mw,965,9,0,2026-05-14 14:07:46.045244,cohort3
W9OQZ7gyH2E,832,18,4,2026-05-14 14:07:46.045244,cohort3
KOSkdUG-viY,943,21,4,2026-05-14 14:07:46.045244,cohort3
ZYCoMHvmMaw,743,11,0,2026-05-14 14:07:46.045244,cohort3
Xo1Xi0ykq1o,751,18,1,2026-05-14 14:07:46.045244,cohort3
pTZLcOSGTrc,3019,1644,1,2026-05-14 14:07:46.045244,cohort3
QGBvAZRjs-g,892,16,1,2026-05-14 14:07:46.045244,cohort3
ukZcDV__XWU,120345,6719,85,2026-05-14 14:07:46.045244,cohort3
9Iq-Ajbb5QA,1354,8,1,2026-05-14 14:07:46.045244,cohort3
N1BNFntSEus,1669,23,3,2026-05-14 14:07:46.045244,cohort3
lc7G3tPZoZo,855,31,2,2026-05-14 14:07:46.045244,cohort3
O5278vm1LCE,39793,0,4,2026-05-14 14:07:46.045244,cohort3
BYs0UUY7yL4,1245,19,2,2026-05-14 14:07:46.045244,cohort3
X3D4ooGVTgs,4307,14,1,2026-05-14 14:07:46.045244,cohort3
UbElea09niQ,1344,26,3,2026-05-14 14:07:46.045244,cohort3
a7vB4aVUTv0,1007,45,5,2026-05-14 14:07:46.045244,cohort3
lxxXtPsjGwc,3977,207,4,2026-05-14 14:07:46.045244,cohort3
5dirbmBGWsI,17598,264,3,2026-05-14 14:07:46.045244,cohort3
HOD7kbC0i-g,8640,316,12,2026-05-14 14:07:46.045244,cohort3
lzCX0HaMcGk,17245,399,30,2026-05-14 14:07:46.045244,cohort3
jzJ33aJidxQ,20385,209,4,2026-05-14 14:07:46.045244,cohort3
QNv0Rqs3tf0,4426,254,11,2026-05-14 14:07:46.045244,cohort3
iurHOCgjbDQ,1151,20,1,2026-05-14 14:07:46.045244,cohort3
2fJvalZKwjk,1268,22,13,2026-05-14 14:07:46.045244,cohort3
NRkxlmdY2iw,6962,15,1,2026-05-14 14:07:46.045244,cohort3
Nox_lBickmI,9580,14,1,2026-05-14 14:07:46.045244,cohort3
vQtUO8cHDLk,2424,0,8,2026-05-14 14:07:46.045244,cohort3
FAEo58E9dD0,1589,77,1,2026-05-14 14:07:46.045244,cohort3
-I2IlBdbDe8,1674,72,0,2026-05-14 14:07:46.045244,cohort3
FBZSv3aVRZ0,805,32,0,2026-05-14 14:07:46.045244,cohort3
3fIszJG6vHk,658,20,1,2026-05-14 14:07:46.045244,cohort3
XOxAWB5tzEE,85,1,0,2026-05-14 14:07:46.045244,cohort3
QYBbqwTFZs4,3711,10,0,2026-05-14 14:07:46.045244,cohort3
ggNx1s-VMZg,4093,0,1,2026-05-14 14:07:46.045244,cohort3
d_Q02W4Zp0c,10,0,1,2026-05-14 14:07:46.045244,cohort3
fKEwvsGsAjM,691,12,2,2026-05-14 14:07:46.045244,cohort3
05itaSVjK8g,1562,34,2,2026-05-14 14:07:46.045244,cohort3
Ih9NnTsRGH0,1187,25,0,2026-05-14 14:07:46.045244,cohort3
sws-sdRdgCs,1166,9,5,2026-05-14 14:07:46.045244,cohort3
-VB0fBeorzs,774,5,0,2026-05-14 14:07:46.045244,cohort3
1WFLyMPX4ks,707,46,1,2026-05-14 14:07:46.045244,cohort3
4Y5yuNy-GQA,1143,24,4,2026-05-14 14:07:46.045244,cohort3
80Vn8FwZf8Q,3850,81,0,2026-05-14 14:07:46.045244,cohort3
u6a7zWC_XKI,10,5,1,2026-05-14 14:07:46.045244,cohort3
So5oVZ5gemg,1831,13,2,2026-05-14 14:07:46.045244,cohort3
9ftjgrcSb3o,1019,25,1,2026-05-14 14:07:46.045244,cohort3
LzT7ciHpEKU,552,7,13,2026-05-14 14:07:46.045244,cohort3
mz80VLi1aD0,43653,401,3,2026-05-14 14:07:46.045244,cohort3
rDpjl8r5xNY,849,32,2,2026-05-14 14:07:46.045244,cohort3
e88hd3BvnoA,572,21,1,2026-05-14 14:07:46.045244,cohort3
p0-Q7n70aX0,20165,238,7,2026-05-14 14:07:46.045244,cohort3
y8EGoWNOxg0,850,6,0,2026-05-14 14:07:46.045244,cohort3
zbakUHiTx3g,730,39,1,2026-05-14 14:07:46.045244,cohort3
Q8Usqrz3bo8,2956,42,5,2026-05-14 14:07:46.045244,cohort3
9TR_iXK1DPM,5,1,0,2026-05-14 14:07:46.045244,cohort3
vEU_RoFw5jc,4069,437,1,2026-05-14 14:07:46.045244,cohort3
LmRX5YJaPb0,501,19,0,2026-05-14 14:07:46.045244,cohort3
b76UmpNF578,1240,1,0,2026-05-14 14:07:46.045244,cohort3
-FW8oVEM3n4,247,5,0,2026-05-14 14:07:46.045244,cohort3
pVV-GvyWCMo,4654,8,0,2026-05-14 14:07:46.045244,cohort3
9zXjf4VtY00,20,0,0,2026-05-14 14:07:46.045244,cohort3
7dXRaCP7u08,15,1,0,2026-05-14 14:07:46.045244,cohort3
tUeyb-y9CuI,117,16,0,2026-05-14 14:07:46.045244,cohort3
J6xtmdb2MHQ,18098,62,0,2026-05-14 14:07:46.045244,cohort3
3CF6875jJkw,9,4,0,2026-05-14 14:07:46.045244,cohort3
sHT7MonOKpE,2560,8,0,2026-05-14 14:07:46.045244,cohort3
0N3PdupXcgo,1365,11,0,2026-05-14 14:07:46.045244,cohort3
MQYYCp4o5DM,305,2,0,2026-05-14 14:07:46.045244,cohort3
eYeM1a31aRo,1155,28,0,2026-05-14 14:07:46.045244,cohort3
unUvB7ZjmEE,101949,328,2,2026-05-14 14:07:46.045244,cohort3
6v_aN7iLslc,5405,8,0,2026-05-14 14:07:46.045244,cohort3
Ckn0m3h02uE,207,0,0,2026-05-14 14:07:46.045244,cohort3
UyXAyRFNIfI,0,0,0,2026-05-14 14:07:46.045244,cohort3
rCSWnikqLSE,816,29,0,2026-05-14 14:07:46.045244,cohort3
MeoQm5Eg53U,994,1,0,2026-05-14 14:07:46.045244,cohort3
nMyD68QKXSU,1538,7,0,2026-05-14 14:07:46.045244,cohort3
99B9FvP8fD0,932,20,2,2026-05-14 14:07:46.045244,cohort3
td6Sb_GTN8k,743,4,0,2026-05-14 14:07:46.045244,cohort3
mcRyKH1luMc,1063,18,7,2026-05-14 14:07:46.045244,cohort3
2hxeSuAYUhU,1173,79,9,2026-05-14 14:07:46.045244,cohort3
n0z6UTbOL34,2,1,1,2026-05-14 14:07:46.045244,cohort3
hcghNrm4hTQ,1172,19,0,2026-05-14 14:07:46.045244,cohort3
CsC94oRg_4U,1138,28,0,2026-05-14 14:07:46.045244,cohort3
PumKfEnp8Dw,5492,60,0,2026-05-14 14:07:46.045244,cohort3
C5Tr8AD718I,10129,83,0,2026-05-14 14:07:46.045244,cohort3
dh0lh_XS4YE,693,17,0,2026-05-14 14:07:46.045244,cohort3
l9CYwpt3Hj8,231,4,3,2026-05-14 14:07:46.045244,cohort3
1109gqO5oGo,553322,16300,103,2026-05-14 16:02:14.427468,cohort3
oFmD2PbIftA,528833,20040,23,2026-05-14 16:02:14.427468,cohort3
FIjlwByE538,187845,5091,94,2026-05-14 16:02:14.427468,cohort3
KvcxuhWbbSA,85400,12718,115,2026-05-14 16:02:14.427468,cohort3
8nzSD5N2ip8,115595,608,2,2026-05-14 16:02:14.427468,cohort3
Xg8JvTyeWx0,163407,1349,2,2026-05-14 16:02:14.427468,cohort3
Y1_yTNuyqHQ,60651,394,3,2026-05-14 16:02:14.427468,cohort3
WyBG1FZf648,111214,1932,0,2026-05-14 16:02:14.427468,cohort3
VUFud-jmMz8,58133,828,76,2026-05-14 16:02:14.427468,cohort3
q19jN8Tq9E0,144078,1395,2,2026-05-14 16:02:14.427468,cohort3
Q_yg2CxvGlw,59331,482,1,2026-05-14 16:02:14.427468,cohort3
zHkcFTFmKyY,143664,4623,37,2026-05-14 16:02:14.427468,cohort3
0yOf48MRCIY,73255,230,0,2026-05-14 16:02:14.427468,cohort3
rGU3yh7lpZk,46755,730,191,2026-05-14 16:02:14.427468,cohort3
pYcZ9vZFrxM,52016,741,0,2026-05-14 16:02:14.427468,cohort3
R-R6W9GHMRk,29967,345,0,2026-05-14 16:02:14.427468,cohort3
IGpatKX-31M,106904,5623,48,2026-05-14 16:02:14.427468,cohort3
OwLH9rBDov0,44420,1164,11,2026-05-14 16:02:14.427468,cohort3
YEpIh5Yxokw,123689,976,138,2026-05-14 16:02:14.427468,cohort3
NXBTs29o9Gg,20499,106,1,2026-05-14 16:02:14.427468,cohort3
gJA5y-IMAjY,65321,3579,12,2026-05-14 16:02:14.427468,cohort3
txBVIsLzQWw,24623,298,10,2026-05-14 16:02:14.427468,cohort3
8jkuLdsL4oo,35947,451,10,2026-05-14 16:02:14.427468,cohort3
L3xEAoyytak,41216,148,0,2026-05-14 16:02:14.427468,cohort3
CU3tv6GxuBE,68061,435,6,2026-05-14 16:02:14.427468,cohort3
M4cS4JpUi3o,42566,147,1,2026-05-14 16:02:14.427468,cohort3
el22dLXLTu4,19732,0,1,2026-05-14 16:02:14.427468,cohort3
jZgiOKhWpU0,45078,108,11,2026-05-14 16:02:14.427468,cohort3
rMXdW6EVyBM,16333,389,56,2026-05-14 16:02:14.427468,cohort3
VU32Dbqwv6A,294516,13708,49,2026-05-14 16:02:14.427468,cohort3
cboM6w8VVoM,70858,7846,165,2026-05-14 16:02:14.427468,cohort3
Dym9-kWiInM,9937,249,2,2026-05-14 16:02:14.427468,cohort3
cvQicVgPqTI,68699,291,0,2026-05-14 16:02:14.427468,cohort3
-FrE6TbNvQc,11978,124,0,2026-05-14 16:02:14.427468,cohort3
zj_mYNB7Jlg,14278,1352,78,2026-05-14 16:02:14.427468,cohort3
frzMrzw_pDQ,33896,183,0,2026-05-14 16:02:14.427468,cohort3
Q1uudWcokRo,97263,2334,16,2026-05-14 16:02:14.427468,cohort3
J4DbUap0BZg,242715,4238,22,2026-05-14 16:02:14.427468,cohort3
m2WKhTH5EFk,24874,0,67,2026-05-14 16:02:14.427468,cohort3
hK_MNZuuGeY,35876,175,1,2026-05-14 16:02:14.427468,cohort3
zk8w4Dya8_g,32489,332,6,2026-05-14 16:02:14.427468,cohort3
s_xsGqyAzpI,32672,429,2,2026-05-14 16:02:14.427468,cohort3
4EQwN_0F4-E,21785,23,0,2026-05-14 16:02:14.427468,cohort3
1JveZuqNmRI,13406,45,0,2026-05-14 16:02:14.427468,cohort3
jVst40VuzDA,16144,11,17,2026-05-14 16:02:14.427468,cohort3
p-meA4uy4eE,9539,237,4,2026-05-14 16:02:14.427468,cohort3
nPdZiCG5l8E,10680,65,2,2026-05-14 16:02:14.427468,cohort3
DQ0PfQ4dZH8,13569,140,1,2026-05-14 16:02:14.427468,cohort3
waw_egstnZE,45294,567,13,2026-05-14 16:02:14.427468,cohort3
Su1QwBXmj6w,26895,52,3,2026-05-14 16:02:14.427468,cohort3
VxJWnTcsXeE,33700,125,0,2026-05-14 16:02:14.427468,cohort3
W7ywyXGSi7E,16409,65,0,2026-05-14 16:02:14.427468,cohort3
pVnKfsgQMmw,27945,109,0,2026-05-14 16:02:14.427468,cohort3
yOmoEWmAy58,22381,33,0,2026-05-14 16:02:14.427468,cohort3
RiXmHyCW7Mo,28286,1350,1071,2026-05-14 16:02:14.427468,cohort3
U6j8_ZHO5k0,7339,312,34,2026-05-14 16:02:14.427468,cohort3
ss-MMlWVrLY,13243,679,11,2026-05-14 16:02:14.427468,cohort3
0XBme2bWQi0,51960,8182,300,2026-05-14 16:02:14.427468,cohort3
DhWH-XRwmy4,8579,49,0,2026-05-14 16:02:14.427468,cohort3
BQq9EnmSFGI,16651,0,3,2026-05-14 16:02:14.427468,cohort3
-Ehr7b7ljds,22141,996,22,2026-05-14 16:02:14.427468,cohort3
UFzE0aPrFJ0,29106,85,0,2026-05-14 16:02:14.427468,cohort3
olBXTQxAnKk,22567,26,13,2026-05-14 16:02:14.427468,cohort3
TeS-6k_BWa0,8152,405,40,2026-05-14 16:02:14.427468,cohort3
h6kAY7B-WwE,11458,25,0,2026-05-14 16:02:14.427468,cohort3
pyMNhJXOJOI,6476,36,1,2026-05-14 16:02:14.427468,cohort3
yDVbCPNFz_U,9074,342,20,2026-05-14 16:02:14.427468,cohort3
rVM522pWfQE,9645,15,1,2026-05-14 16:02:14.427468,cohort3
OEhZ0FvfKeE,28583,2829,27,2026-05-14 16:02:14.427468,cohort3
SnS_QqS1rRI,37150,226,0,2026-05-14 16:02:14.427468,cohort3
tGBI-X5GdtM,7439,0,3,2026-05-14 16:02:14.427468,cohort3
6WANHvHT1mI,39302,132,2,2026-05-14 16:02:14.427468,cohort3
uzfOQydNpJs,10643,245,36,2026-05-14 16:02:14.427468,cohort3
t92n8bszngs,9758,39,0,2026-05-14 16:02:14.427468,cohort3
v7dFdqvElTE,6921,186,104,2026-05-14 16:02:14.427468,cohort3
B7IpuDdlFgo,7209,23,0,2026-05-14 16:02:14.427468,cohort3
qJrrNqmdFIM,14502,0,2,2026-05-14 16:02:14.427468,cohort3
GYW9PV0MtsQ,6258,108,1,2026-05-14 16:02:14.427468,cohort3
FlH3raMSdfU,9925,116,2,2026-05-14 16:02:14.427468,cohort3
17s3uKE5ARI,35164,115,1,2026-05-14 16:02:14.427468,cohort3
eWAMRSDoiME,6240,35,0,2026-05-14 16:02:14.427468,cohort3
J1Z43pWRbs8,21198,1059,4,2026-05-14 16:02:14.427468,cohort3
QNUmLNGoO9Y,5589,58,1,2026-05-14 16:02:14.427468,cohort3
8c1bpP2kK-4,12399,15,2,2026-05-14 16:02:14.427468,cohort3
kRRcjQvOEAU,8954,48,0,2026-05-14 16:02:14.427468,cohort3
gKgqRlV7IeI,11614,232,0,2026-05-14 16:02:14.427468,cohort3
ilVbxQ1917I,5575,17,1,2026-05-14 16:02:14.427468,cohort3
WvKYodJWB8E,5234,25,0,2026-05-14 16:02:14.427468,cohort3
7KK4YdUsrro,3815,47,0,2026-05-14 16:02:14.427468,cohort3
FNyE65wSiHU,18311,0,57,2026-05-14 16:02:14.427468,cohort3
T_UiMBuz-7c,7357,184,3,2026-05-14 16:02:14.427468,cohort3
1K_ef78I-cs,21064,38,0,2026-05-14 16:02:14.427468,cohort3
5034udlayJQ,29811,104,1,2026-05-14 16:02:14.427468,cohort3
JKQrM8LAkRE,3415,0,2,2026-05-14 16:02:14.427468,cohort3
A0TZh9YSeUI,4315,16,0,2026-05-14 16:02:14.427468,cohort3
gO3V_8KY3b0,12248,43,5,2026-05-14 16:02:14.427468,cohort3
u7TFph_gQTY,4858,27,1,2026-05-14 16:02:14.427468,cohort3
xl8d10ISvG4,11624,243,6,2026-05-14 16:02:14.427468,cohort3
xgQegicuO3M,6209,439,11,2026-05-14 16:02:14.427468,cohort3
Yzq0fac9PX8,4407,164,0,2026-05-14 16:02:14.427468,cohort3
1I3VCOl4ysQ,5849,108,0,2026-05-14 16:02:14.427468,cohort3
HS0kzb8ylHU,21224,545,2,2026-05-14 16:02:14.427468,cohort3
qf4Gs6L1DUw,3301,67,10,2026-05-14 16:02:14.427468,cohort3
N51SyUqi1Ww,5400,48,0,2026-05-14 16:02:14.427468,cohort3
r6d_yvGCkdE,17853,311,88,2026-05-14 16:02:14.427468,cohort3
c8bCRfz9mwM,5042,26,14,2026-05-14 16:02:14.427468,cohort3
EzyDbu-KYXs,7049,317,29,2026-05-14 16:02:14.427468,cohort3
LgcXsJEilDo,7473,249,2,2026-05-14 16:02:14.427468,cohort3
1QG6FjY2AEs,17057,804,78,2026-05-14 16:02:14.427468,cohort3
LWcdv8IfI5c,15476,945,5,2026-05-14 16:02:14.427468,cohort3
Q8Sc_05ajBo,4322,34,0,2026-05-14 16:02:14.427468,cohort3
QRdOqeBtTZE,2984,92,0,2026-05-14 16:02:14.427468,cohort3
vEomourPKSg,686830,8365,34,2026-05-14 16:02:14.427468,cohort3
28bbsKcpR-U,3047,87,1,2026-05-14 16:02:14.427468,cohort3
a7gmO1BB72A,3144,51,8,2026-05-14 16:02:14.427468,cohort3
IzayoH-c3Y0,51425,1221,6,2026-05-14 16:02:14.427468,cohort3
aUzQQScII0E,10776,103,2,2026-05-14 16:02:14.427468,cohort3
uhVzRthZ2y8,2329,0,2,2026-05-14 16:02:14.427468,cohort3
9VcET-JR-l4,10428,0,7,2026-05-14 16:02:14.427468,cohort3
TMEMDflzptE,1234,51,9,2026-05-14 16:02:14.427468,cohort3
W3KnFSGm-is,2827,24,0,2026-05-14 16:02:14.427468,cohort3
Y7hGLH-w1S0,23558,0,27,2026-05-14 16:02:14.427468,cohort3
qdlW6NrC0lY,9350,100,0,2026-05-14 16:02:14.427468,cohort3
kPxIBP_X2Ao,1428,59,6,2026-05-14 16:02:14.427468,cohort3
6kaSRDa_-iE,3139,167,11,2026-05-14 16:02:14.427468,cohort3
fvBKpxS_tLU,2024,49,4,2026-05-14 16:02:14.427468,cohort3
QRXphcwc_zc,1538,32,2,2026-05-14 16:02:14.427468,cohort3
9o0kLocjyeo,1328,29,1,2026-05-14 16:02:14.427468,cohort3
3Zp56JVI4U4,4300,223,8,2026-05-14 16:02:14.427468,cohort3
Yq8G-i9imX8,5208,37,0,2026-05-14 16:02:14.427468,cohort3
GMKsqOkrryc,28282,781,4,2026-05-14 16:02:14.427468,cohort3
6FZ8A43m8Rg,2980,256,7,2026-05-14 16:02:14.427468,cohort3
JdSEetzVY8U,5071,26,0,2026-05-14 16:02:14.427468,cohort3
Co6WstKZoMo,2190,40,0,2026-05-14 16:02:14.427468,cohort3
0y71_9fQuI0,990,21,0,2026-05-14 16:02:14.427468,cohort3
Y_hnAMTtgkE,895,26,0,2026-05-14 16:02:14.427468,cohort3
nkydxta3qlE,1635,12,0,2026-05-14 16:02:14.427468,cohort3
HwgjpETU3kQ,5773,23,0,2026-05-14 16:02:14.427468,cohort3
ClhLO8o5eRo,11398,619,13,2026-05-14 16:02:14.427468,cohort3
OnPBmf2Jvyc,900,12,4,2026-05-14 16:02:14.427468,cohort3
ACFNRfV4l50,6265,32,0,2026-05-14 16:02:14.427468,cohort3
9HK_T7qsR_8,5033,245,6,2026-05-14 16:02:14.427468,cohort3
NU4s4iD5YC0,2730,28,7,2026-05-14 16:02:14.427468,cohort3
GWvG4nX-NHM,1054,50,0,2026-05-14 16:02:14.427468,cohort3
20ZF4aaXqn8,2446,15,1,2026-05-14 16:02:14.427468,cohort3
LzgUtaCtofw,1847,12,0,2026-05-14 16:02:14.427468,cohort3
rrEOxchfbLk,1633,64,8,2026-05-14 16:02:14.427468,cohort3
5m_hVuNUK2Y,5544,39,0,2026-05-14 16:02:14.427468,cohort3
h_P1_Q3sZ1Y,16160,1099,5,2026-05-14 16:02:14.427468,cohort3
jgfmmPpHBb0,2075,16,0,2026-05-14 16:02:14.427468,cohort3
i9z19FoOVmc,17669,2481,192,2026-05-14 16:02:14.427468,cohort3
u9lKPGfNOnI,10641,196,0,2026-05-14 16:02:14.427468,cohort3
NFwiUtyFQac,1890,49,2,2026-05-14 16:02:14.427468,cohort3
QVkelJjEnMk,1123,33,0,2026-05-14 16:02:14.427468,cohort3
SeQP9MRmz8o,2669,168,3,2026-05-14 16:02:14.427468,cohort3
FcO0H0qgmCA,1403,48,3,2026-05-14 16:02:14.427468,cohort3
w4cYUu8EOYQ,1859,27,0,2026-05-14 16:02:14.427468,cohort3
j93ssOoHX-A,1176,10,2,2026-05-14 16:02:14.427468,cohort3
CnfbB7fSOF8,1396,25,1,2026-05-14 16:02:14.427468,cohort3
wqkhoaAGTfs,1130,5,0,2026-05-14 16:02:14.427468,cohort3
BiIcQciyVB8,1406,0,2,2026-05-14 16:02:14.427468,cohort3
1r8dwTYGNSk,3101,162,3,2026-05-14 16:02:14.427468,cohort3
ZrXpXQvjcQQ,2678,65,12,2026-05-14 16:02:14.427468,cohort3
Xur7XgOl_yA,983,1,0,2026-05-14 16:02:14.427468,cohort3
u32RFc_9pfM,2050,93,2,2026-05-14 16:02:14.427468,cohort3
lEHEnK1bduA,1082,11,0,2026-05-14 16:02:14.427468,cohort3
5KOpzd0TEy8,1444,16,0,2026-05-14 16:02:14.427468,cohort3
EjcuQGPt1R0,1039,6,0,2026-05-14 16:02:14.427468,cohort3
hbcGLmkW_-o,1331,57,36,2026-05-14 16:02:14.427468,cohort3
AHRoWLpTs1Q,1156,14,0,2026-05-14 16:02:14.427468,cohort3
JUOOcUHYLn0,14130,283,3,2026-05-14 16:02:14.427468,cohort3
41pazsoQsKc,1087,9,0,2026-05-14 16:02:14.427468,cohort3
7zGi37_Mo-M,56432,440,0,2026-05-14 16:02:14.427468,cohort3
MyFNOo1_GKg,19785,145,6,2026-05-14 16:02:14.427468,cohort3
6iGOhNr9-Ko,20643,304,21,2026-05-14 16:02:14.427468,cohort3
kYjC2EAQMaE,1731,70,1,2026-05-14 16:02:14.427468,cohort3
3nxJt1ticUA,2764,4,0,2026-05-14 16:02:14.427468,cohort3
WouyFAMASzY,892,8,0,2026-05-14 16:02:14.427468,cohort3
c9W2QvR2R3s,1258,21,0,2026-05-14 16:02:14.427468,cohort3
R4Q86Hhs9zE,3841,62,2,2026-05-14 16:02:14.427468,cohort3
yMlw2IrGlIo,731,0,0,2026-05-14 16:02:14.427468,cohort3
FMRGBRCqg_s,1510,20,1,2026-05-14 16:02:14.427468,cohort3
TgVHw74SKAI,1126,17,0,2026-05-14 16:02:14.427468,cohort3
RnOwfKZvffw,7042,308,2,2026-05-14 16:02:14.427468,cohort3
GqcfZHiXJMA,5350,62,1,2026-05-14 16:02:14.427468,cohort3
IRjofNhuNeQ,2630,26,0,2026-05-14 16:02:14.427468,cohort3
0EmFi6I4qkQ,3562,154,4,2026-05-14 16:02:14.427468,cohort3
f5eSl4dosW8,4445,581,8,2026-05-14 16:02:14.427468,cohort3
W2VbetxSgcg,3557,200,8,2026-05-14 16:02:14.427468,cohort3
nCmDTuykDNE,2456,100,6,2026-05-14 16:02:14.427468,cohort3
pIXV1-kNi2c,1233,73,4,2026-05-14 16:02:14.427468,cohort3
CozvUZg2uBg,1244,36,11,2026-05-14 16:02:14.427468,cohort3
PCLJT8XxKe8,2853,16,0,2026-05-14 16:02:14.427468,cohort3
wj4MXY7tMnI,960,40,0,2026-05-14 16:02:14.427468,cohort3
x-uMJCmzyL4,1250,12,1,2026-05-14 16:02:14.427468,cohort3
wtiK8FpQLs8,1003,23,3,2026-05-14 16:02:14.427468,cohort3
6BIPEdM8MY8,1724,51,3,2026-05-14 16:02:14.427468,cohort3
Cjn-3BYO3rY,8214,64,0,2026-05-14 16:02:14.427468,cohort3
vUL-pF-Lp6Q,1446,21,4,2026-05-14 16:02:14.427468,cohort3
JZDMT_gjetA,1820,16,1,2026-05-14 16:02:14.427468,cohort3
C23ATAn5M3U,684,10,1,2026-05-14 16:02:14.427468,cohort3
rbAvc2bNelQ,4145,99,2,2026-05-14 16:02:14.427468,cohort3
6HsbJ7z5ctI,1587,29,0,2026-05-14 16:02:14.427468,cohort3
hAtKWR-1pEs,13051,423,0,2026-05-14 16:02:14.427468,cohort3
NCdoTXYsP_A,1232,0,0,2026-05-14 16:02:14.427468,cohort3
Vb5RADCkce8,952,31,0,2026-05-14 16:02:14.427468,cohort3
0snHIFYRrOo,3570,3,0,2026-05-14 16:02:14.427468,cohort3
1U_B9mn_pzk,1146,27,2,2026-05-14 16:02:14.427468,cohort3
wwfWbtGt4T8,1315,10,0,2026-05-14 16:02:14.427468,cohort3
ZtyawLxEZpI,1250,37,0,2026-05-14 16:02:14.427468,cohort3
VpfZv0CsRoA,778,7,0,2026-05-14 16:02:14.427468,cohort3
gCGWzckiahI,1275,19,0,2026-05-14 16:02:14.427468,cohort3
Vev-BMcXHho,1324,16,2,2026-05-14 16:02:14.427468,cohort3
pggjv6EZRu4,2839,45,0,2026-05-14 16:02:14.427468,cohort3
tThXHX6KekA,1120,39,0,2026-05-14 16:02:14.427468,cohort3
UMdUjZomNsU,1008,31,0,2026-05-14 16:02:14.427468,cohort3
eKzb1RKYSUM,1918,16,0,2026-05-14 16:02:14.427468,cohort3
JgqiD7TKJX4,1400,4,0,2026-05-14 16:02:14.427468,cohort3
OYCSDuV3_fY,24788,0,4,2026-05-14 16:02:14.427468,cohort3
uuRSIghKJ8s,1246,21,2,2026-05-14 16:02:14.427468,cohort3
tVVN5rfFcpI,1535,16,5,2026-05-14 16:02:14.427468,cohort3
Xv9DUx1NoDw,44306,222,44,2026-05-14 16:02:14.427468,cohort3
VBJoaZXapAg,7804,711,26,2026-05-14 16:02:14.427468,cohort3
UHoU2jGoHiY,1630,0,3,2026-05-14 16:02:14.427468,cohort3
QcBLVviuFns,16639,80,3,2026-05-14 16:02:14.427468,cohort3
fRv8KKbyPNQ,4437,255,20,2026-05-14 16:02:14.427468,cohort3
M7KyduM8WA4,4730,46,6,2026-05-14 16:02:14.427468,cohort3
y89mRR2jby4,819,7,6,2026-05-14 16:02:14.427468,cohort3
S9XMknRveG0,6258,9,0,2026-05-14 16:02:14.427468,cohort3
MA76_CJ63xY,3669,26,1,2026-05-14 16:02:14.427468,cohort3
oFvdABEfMCY,1480,34,0,2026-05-14 16:02:14.427468,cohort3
4lTm24zr_JQ,5901,237,1,2026-05-14 16:02:14.427468,cohort3
lOCar5PWRB4,3272,27,5,2026-05-14 16:02:14.427468,cohort3
SMH2HgXPC6k,11614,305,1,2026-05-14 16:02:14.427468,cohort3
BwZUvus7RMA,12534,16,1,2026-05-14 16:02:14.427468,cohort3
03_e2NIlDT8,774,65,22,2026-05-14 16:02:14.427468,cohort3
Cm4ymJFaTC0,1555,26,1,2026-05-14 16:02:14.427468,cohort3
mGAvwIVwekM,25657,0,21,2026-05-14 16:02:14.427468,cohort3
AahJtOM0hGA,1355,60,4,2026-05-14 16:02:14.427468,cohort3
AuDUu1V5Re8,5088,35,0,2026-05-14 16:02:14.427468,cohort3
AFNNIGP6kks,16096,20,0,2026-05-14 16:02:14.427468,cohort3
yOW1GzpaFAw,33348,186,2,2026-05-14 16:02:14.427468,cohort3
NA1e_JYfPI0,9706,203,0,2026-05-14 16:02:14.427468,cohort3
leYD-nmMeBI,18714,111,0,2026-05-14 16:02:14.427468,cohort3
UKIYr0bkvKo,10580,0,0,2026-05-14 16:02:14.427468,cohort3
U7kKKGLCyow,6188,110,2,2026-05-14 16:02:14.427468,cohort3
GAls3kX-EJg,1270,73,19,2026-05-14 16:02:14.427468,cohort3
1SinRmfSX6A,58668,144,0,2026-05-14 16:02:14.427468,cohort3
RBPPWEFIuAc,2074,21,2,2026-05-14 16:02:14.427468,cohort3
iiWNKfPrnM8,642,0,5,2026-05-14 16:02:14.427468,cohort3
xcCqwINGNg8,27181,118,131,2026-05-14 16:02:14.427468,cohort3
ZBnRHPhlumM,431,25,14,2026-05-14 16:02:14.427468,cohort3
uSsuA2zjPKg,26108,127,0,2026-05-14 16:02:14.427468,cohort3
i2PmasH5y9k,14996,208,87,2026-05-14 16:02:14.427468,cohort3
XsT0jJTCJgc,1329,19,2,2026-05-14 16:02:14.427468,cohort3
lB7NBsPpqJ0,2364,135,0,2026-05-14 16:02:14.427468,cohort3
gLR2W1FJ8P0,574,6,1,2026-05-14 16:02:14.427468,cohort3
Od4mfgOFaqg,1089,159,11,2026-05-14 16:02:14.427468,cohort3
2aCu6ux25MI,764,1,0,2026-05-14 16:02:14.427468,cohort3
l0DI2iB9ldw,1959,7,3,2026-05-14 16:02:14.427468,cohort3
g3fEtSyQloo,2081,9,0,2026-05-14 16:02:14.427468,cohort3
Q3kRndcte0E,40024,450,1,2026-05-14 16:02:14.427468,cohort3
Vo1vv_Ym5Cc,2530,78,1,2026-05-14 16:02:14.427468,cohort3
w3d9nSdTGRM,720,5,5,2026-05-14 16:02:14.427468,cohort3
_ORVex7RgzM,6789,138,0,2026-05-14 16:02:14.427468,cohort3
Gn-mNHd7TXk,328,0,2,2026-05-14 16:02:14.427468,cohort3
BTkji_ZJchs,0,0,0,2026-05-14 16:02:14.427468,cohort3
LLmASTg5zTA,195,4,0,2026-05-14 16:02:14.427468,cohort3
kpg781AgU9k,19,3,0,2026-05-14 16:02:14.427468,cohort3
fH31AerO5ug,1360,45,8,2026-05-14 16:02:14.427468,cohort3
H76uwtIK1os,114,4,0,2026-05-14 16:02:14.427468,cohort3
ME1MlJrfHb4,1001,11,0,2026-05-14 16:02:14.427468,cohort3
0TeTLQd_Kgk,4115,98,5,2026-05-14 16:02:14.427468,cohort3
3OMGaTmBCvQ,213,0,0,2026-05-14 16:02:14.427468,cohort3
fQmxUC8Di9E,2775,228,0,2026-05-14 16:02:14.427468,cohort3
ddfqymtwp6E,791,8,0,2026-05-14 16:02:14.427468,cohort3
p-AFzTLnii0,1303,8,0,2026-05-14 16:02:14.427468,cohort3
BBLOOKAzogo,7538,170,3,2026-05-14 16:02:14.427468,cohort3
SVOkqzzftNc,17054,14,0,2026-05-14 16:02:14.427468,cohort3
ul965bFb60Q,32661,0,2,2026-05-14 16:02:14.427468,cohort3
7DQBb4TSuFg,36373,283,1,2026-05-14 16:02:14.427468,cohort3
FY0b8kfAWqE,22357,395,23,2026-05-14 16:02:14.427468,cohort3
HpW0hFFUfzM,23215,1888,2,2026-05-14 16:02:14.427468,cohort3
BZAK7bPZRIk,99237,2552,14,2026-05-14 16:02:14.427468,cohort3
NiFzocRzTnA,1254794,23460,284,2026-05-14 16:02:14.427468,cohort3
EkzAJE9jCMI,23883,631,0,2026-05-14 16:02:14.427468,cohort3
fKzhDNkNHgY,15774,55,0,2026-05-14 16:02:14.427468,cohort3
KokmUFJhgOE,117102,6312,40,2026-05-14 16:02:14.427468,cohort3
2XfipfdRetU,17303,273,1,2026-05-14 16:02:14.427468,cohort3
GG5Xop0s-Ss,23975,98,0,2026-05-14 16:02:14.427468,cohort3
LPA4ajdgboQ,33184,947,54,2026-05-14 16:02:14.427468,cohort3
XleHdxX7c1o,19446,244,12,2026-05-14 16:02:14.427468,cohort3
xq3JtqC2tic,21291,390,2,2026-05-14 16:02:14.427468,cohort3
-pzEgeUEUJI,31114,151,0,2026-05-14 16:02:14.427468,cohort3
t62ES0itVWA,45535,264,0,2026-05-14 16:02:14.427468,cohort3
2kru4OOwgs8,38394,244,13,2026-05-14 16:02:14.427468,cohort3
HEgID7liLxk,8991,365,9,2026-05-14 16:02:14.427468,cohort3
Y7bkcfBLQvs,29908,69,1,2026-05-14 16:02:14.427468,cohort3
AYveM58k934,6891,90,5,2026-05-14 16:02:14.427468,cohort3
pfPskj9X5RQ,6217,73,10,2026-05-14 16:02:14.427468,cohort3
Z8L3kUjfzII,46752,580,9,2026-05-14 16:02:14.427468,cohort3
ftWyAkuA9A0,10771,61,1,2026-05-14 16:02:14.427468,cohort3
6l0IAaeQV9o,10816,88,4,2026-05-14 16:02:14.427468,cohort3
RqTZOQYeSj8,20154,395,1,2026-05-14 16:02:14.427468,cohort3
4KhF-pf3yTQ,3589,59,3,2026-05-14 16:02:14.427468,cohort3
T6GNRDi5b3Y,7213,226,18,2026-05-14 16:02:14.427468,cohort3
tnDGeZGeUWI,11443,6,0,2026-05-14 16:02:14.427468,cohort3
IDZ2lFb2wTM,4083,22,0,2026-05-14 16:02:14.427468,cohort3
D58uQP2HG94,36259,196,0,2026-05-14 16:02:14.427468,cohort3
ifqkEvuqHbI,116750,2005,14,2026-05-14 16:02:14.427468,cohort3
lzaOLtEOqgI,19807,27,1,2026-05-14 16:02:14.427468,cohort3
PUI3hPRXTEQ,5320,24,0,2026-05-14 16:02:14.427468,cohort3
15JwNKYy6Vg,32221,938,78,2026-05-14 16:02:14.427468,cohort3
RvJAtMuBV5g,11044,96,0,2026-05-14 16:02:14.427468,cohort3
Es8bRaKZHkQ,1590,26,0,2026-05-14 16:02:14.427468,cohort3
gm-iEVxl5Ew,1997,21,8,2026-05-14 16:02:14.427468,cohort3
FyckdNPkmVk,14040,200,3,2026-05-14 16:02:14.427468,cohort3
0spHr4gCY4w,6663,0,1,2026-05-14 16:02:14.427468,cohort3
_GWFMlcwnF8,6723,19,0,2026-05-14 16:02:14.427468,cohort3
QmorWWrDL04,30041,0,181,2026-05-14 16:02:14.427468,cohort3
Q8XB2RQ3ROI,1581,10,1,2026-05-14 16:02:14.427468,cohort3
6ifUbpbI55M,6089,43,2,2026-05-14 16:02:14.427468,cohort3
bL7XBZJboNM,7850,81,2,2026-05-14 16:02:14.427468,cohort3
GyrTFM9gmXY,2214,27,0,2026-05-14 16:02:14.427468,cohort3
a2XfZ4VXvGA,2256,27,0,2026-05-14 16:02:14.427468,cohort3
gRV8O-JrxOY,4164,177,17,2026-05-14 16:02:14.427468,cohort3
TJveAqdT5EA,1749,26,0,2026-05-14 16:02:14.427468,cohort3
mDYRXJ0p4PQ,1238,18,0,2026-05-14 16:02:14.427468,cohort3
5y8TUm2aD0o,11344,72,0,2026-05-14 16:02:14.427468,cohort3
p9UYqskIoQA,19639,717,18,2026-05-14 16:02:14.427468,cohort3
xzKUi93pPHA,23100,1261,48,2026-05-14 16:02:14.427468,cohort3
rT-NLSHcE9s,3629,33,0,2026-05-14 16:02:14.427468,cohort3
-_mHx7Ft5wU,1171,43,1,2026-05-14 16:02:14.427468,cohort3
AlSZCsLEIgs,1356,29,0,2026-05-14 16:02:14.427468,cohort3
r3gidU4xS7I,1091,0,0,2026-05-14 16:02:14.427468,cohort3
uilr_SZtOUI,7515,224,7,2026-05-14 16:02:14.427468,cohort3
7D9WIfmzntE,2998,125,4,2026-05-14 16:02:14.427468,cohort3
64Kgdkeu624,1743,27,1,2026-05-14 16:02:14.427468,cohort3
8DQIdUPSTSI,1408,16,3,2026-05-14 16:02:14.427468,cohort3
QZsiQ82Z2NQ,11320,121,0,2026-05-14 16:02:14.427468,cohort3
f3rQ9mfaMTQ,1023,26,1,2026-05-14 16:02:14.427468,cohort3
gZeUZ59Isp0,1004,52,4,2026-05-14 16:02:14.427468,cohort3
L7Z0xXi8K7c,908,27,0,2026-05-14 16:02:14.427468,cohort3
1CumQ1UO9IE,13478,312,5,2026-05-14 16:02:14.427468,cohort3
ehJEp8UBqVI,734,4,1,2026-05-14 16:02:14.427468,cohort3
llkjHbzopc8,65639,692,4,2026-05-14 16:02:14.427468,cohort3
6MTTJ_sesws,7155,344,8,2026-05-14 16:02:14.427468,cohort3
ES7Fm2NxK0Y,1255,50,1,2026-05-14 16:02:14.427468,cohort3
hPspv_cG0T4,1514,14,2,2026-05-14 16:02:14.427468,cohort3
gMoqx9_XKWA,12726,151,1,2026-05-14 16:02:14.427468,cohort3
fKQ_8fCJiBQ,1417,34,3,2026-05-14 16:02:14.427468,cohort3
erHoZyk8jOU,7982,164,12,2026-05-14 16:02:14.427468,cohort3
JFi0y0ee9C0,33907,0,1,2026-05-14 16:02:14.427468,cohort3
TUR6yFb7sVI,1584,139,21,2026-05-14 16:02:14.427468,cohort3
UrRo4FbJfgI,1030,86,3,2026-05-14 16:02:14.427468,cohort3
p9hMaOcN-h0,812,10,1,2026-05-14 16:02:14.427468,cohort3
BPzQ7h1WteM,960,19,1,2026-05-14 16:02:14.427468,cohort3
Myf61iqyVaI,438,12,0,2026-05-14 16:02:14.427468,cohort3
ODkYVR6PR5U,1532,43,0,2026-05-14 16:02:14.427468,cohort3
NLIVrkP2KnQ,902,9,1,2026-05-14 16:02:14.427468,cohort3
htdw_jINtxY,1526,61,0,2026-05-14 16:02:14.427468,cohort3
bkuCXbCczuo,1282,21,3,2026-05-14 16:02:14.427468,cohort3
oiCnT4xsyvE,1170,0,7,2026-05-14 16:02:14.427468,cohort3
VVXPeqoXlag,1479,0,0,2026-05-14 16:02:14.427468,cohort3
4tNYDcnwu3Q,1858,99,2,2026-05-14 16:02:14.427468,cohort3
5Q0RrkIzGWE,6286,1302,20,2026-05-14 16:02:14.427468,cohort3
w9ns9UkSACY,5113,488,17,2026-05-14 16:02:14.427468,cohort3
tEaHmIkAOKc,12218,277,2,2026-05-14 16:02:14.427468,cohort3
L6RkCe94EOw,9377,29,0,2026-05-14 16:02:14.427468,cohort3
J8IaK5crBY0,990,7,5,2026-05-14 16:02:14.427468,cohort3
qlytOiz-VF8,1288,0,0,2026-05-14 16:02:14.427468,cohort3
qxv2nKYBfh4,1930,52,0,2026-05-14 16:02:14.427468,cohort3
FCHM-DT1Ock,1634,92,0,2026-05-14 16:02:14.427468,cohort3
Q2s6CtBHfYI,1306,87,0,2026-05-14 16:02:14.427468,cohort3
qMLjDg_97sE,3596,691,2,2026-05-14 16:02:14.427468,cohort3
gmDwY9pQY0Q,1323,10,0,2026-05-14 16:02:14.427468,cohort3
UCjM3nxuVMM,5439,118,2,2026-05-14 16:02:14.427468,cohort3
t1poaYGbWTw,3780,217,2,2026-05-14 16:02:14.427468,cohort3
ezTli7RpPqY,15280,164,3,2026-05-14 16:02:14.427468,cohort3
2lFRLhVD36U,1109,30,2,2026-05-14 16:02:14.427468,cohort3
2nkDz8c6ghs,17860,466,4,2026-05-14 16:02:14.427468,cohort3
GIodLy2v0Gg,15037,249,21,2026-05-14 16:02:14.427468,cohort3
3MROV7dmDro,994,5,29,2026-05-14 16:02:14.427468,cohort3
XPyeNk4z3zM,1199,27,1,2026-05-14 16:02:14.427468,cohort3
H73zNMTUSP8,1817,3,0,2026-05-14 16:02:14.427468,cohort3
0K5uLUciFvg,13045,654,5,2026-05-14 16:02:14.427468,cohort3
oiPURPJ2L8Q,1809,29,2,2026-05-14 16:02:14.427468,cohort3
RdkoKXZlJSE,3094,29,7,2026-05-14 16:02:14.427468,cohort3
pjGAIeUFpyM,1446,13,3,2026-05-14 16:02:14.427468,cohort3
dS04a5QmpHU,1851,12,0,2026-05-14 16:02:14.427468,cohort3
G7qLJx2bUwg,842,12,1,2026-05-14 16:02:14.427468,cohort3
OxsLu4Z4dYs,2732,164,11,2026-05-14 16:02:14.427468,cohort3
5cua3o5_Nto,2057,87,4,2026-05-14 16:02:14.427468,cohort3
ZhOy452QEhc,778,0,0,2026-05-14 16:02:14.427468,cohort3
oJ00_Ogk8mY,618,14,2,2026-05-14 16:02:14.427468,cohort3
SxQVvPNVehQ,502,9,0,2026-05-14 16:02:14.427468,cohort3
XfW0ok-dGmY,1522,26,0,2026-05-14 16:02:14.427468,cohort3
hUKo0Ly7Zig,1178,8,1,2026-05-14 16:02:14.427468,cohort3
Ew3CvarawWs,986,24,1,2026-05-14 16:02:14.427468,cohort3
QMEFDCwqm0s,6780,4,2,2026-05-14 16:02:14.427468,cohort3
1Hi9TY_eJII,556,18,0,2026-05-14 16:02:14.427468,cohort3
8cs696P3BpU,9562,907,13,2026-05-14 16:02:14.427468,cohort3
SloMOQO7pDg,1881,11,3,2026-05-14 16:02:14.427468,cohort3
SiG-Y1mmBLA,3729,47,6,2026-05-14 16:02:14.427468,cohort3
tI5tBoWqCJA,945,8,0,2026-05-14 16:02:14.427468,cohort3
kKZu--8v9Ds,1380,16,0,2026-05-14 16:02:14.427468,cohort3
XnLHo4i1wkc,1490,36,1,2026-05-14 16:02:14.427468,cohort3
TjlT20vAO7k,3293,0,10,2026-05-14 16:02:14.427468,cohort3
lhMfCZeTQrY,1720,103,0,2026-05-14 16:02:14.427468,cohort3
OXjwdWH_pA8,915,4,1,2026-05-14 16:02:14.427468,cohort3
XPopb1yeA1Q,1111,6,0,2026-05-14 16:02:14.427468,cohort3
iXBMW4H7HwM,585,26,1,2026-05-14 16:02:14.427468,cohort3
4ybERjlkXio,19637,526,369,2026-05-14 16:02:14.427468,cohort3
XMCAWqA3svU,2616,74,4,2026-05-14 16:02:14.427468,cohort3
Zu7DFEVVwDs,15383,881,6,2026-05-14 16:02:14.427468,cohort3
BqDNAWGRIGg,789,16,0,2026-05-14 16:02:14.427468,cohort3
1Ocl4IeaBe4,669,9,2,2026-05-14 16:02:14.427468,cohort3
wl4g30KZ9IY,6465,93,3,2026-05-14 16:02:14.427468,cohort3
a9ENeZxG3Mw,965,9,0,2026-05-14 16:02:14.427468,cohort3
W9OQZ7gyH2E,848,20,4,2026-05-14 16:02:14.427468,cohort3
KOSkdUG-viY,945,21,4,2026-05-14 16:02:14.427468,cohort3
ZYCoMHvmMaw,746,12,0,2026-05-14 16:02:14.427468,cohort3
Xo1Xi0ykq1o,745,18,1,2026-05-14 16:02:14.427468,cohort3
pTZLcOSGTrc,4087,1962,1,2026-05-14 16:02:14.427468,cohort3
QGBvAZRjs-g,895,16,1,2026-05-14 16:02:14.427468,cohort3
ukZcDV__XWU,134477,7367,89,2026-05-14 16:02:14.427468,cohort3
9Iq-Ajbb5QA,1467,9,1,2026-05-14 16:02:14.427468,cohort3
N1BNFntSEus,1679,23,3,2026-05-14 16:02:14.427468,cohort3
lc7G3tPZoZo,877,31,2,2026-05-14 16:02:14.427468,cohort3
O5278vm1LCE,48511,0,4,2026-05-14 16:02:14.427468,cohort3
BYs0UUY7yL4,1252,20,2,2026-05-14 16:02:14.427468,cohort3
X3D4ooGVTgs,4333,14,1,2026-05-14 16:02:14.427468,cohort3
UbElea09niQ,1350,26,3,2026-05-14 16:02:14.427468,cohort3
a7vB4aVUTv0,1007,45,5,2026-05-14 16:02:14.427468,cohort3
lxxXtPsjGwc,4462,227,4,2026-05-14 16:02:14.427468,cohort3
5dirbmBGWsI,18919,279,3,2026-05-14 16:02:14.427468,cohort3
HOD7kbC0i-g,10303,382,13,2026-05-14 16:02:14.427468,cohort3
lzCX0HaMcGk,17324,405,31,2026-05-14 16:02:14.427468,cohort3
jzJ33aJidxQ,20911,216,4,2026-05-14 16:02:14.427468,cohort3
QNv0Rqs3tf0,4937,278,11,2026-05-14 16:02:14.427468,cohort3
iurHOCgjbDQ,1159,20,1,2026-05-14 16:02:14.427468,cohort3
2fJvalZKwjk,1330,24,13,2026-05-14 16:02:14.427468,cohort3
NRkxlmdY2iw,6962,15,1,2026-05-14 16:02:14.427468,cohort3
Nox_lBickmI,9666,14,1,2026-05-14 16:02:14.427468,cohort3
vQtUO8cHDLk,2568,0,8,2026-05-14 16:02:14.427468,cohort3
FAEo58E9dD0,1638,78,1,2026-05-14 16:02:14.427468,cohort3
-I2IlBdbDe8,2056,144,0,2026-05-14 16:02:14.427468,cohort3
FBZSv3aVRZ0,805,32,0,2026-05-14 16:02:14.427468,cohort3
3fIszJG6vHk,670,20,1,2026-05-14 16:02:14.427468,cohort3
XOxAWB5tzEE,89,1,0,2026-05-14 16:02:14.427468,cohort3
QYBbqwTFZs4,3702,10,0,2026-05-14 16:02:14.427468,cohort3
ggNx1s-VMZg,10164,0,1,2026-05-14 16:02:14.427468,cohort3
d_Q02W4Zp0c,10,0,1,2026-05-14 16:02:14.427468,cohort3
fKEwvsGsAjM,691,12,2,2026-05-14 16:02:14.427468,cohort3
05itaSVjK8g,1559,35,2,2026-05-14 16:02:14.427468,cohort3
Ih9NnTsRGH0,1183,25,0,2026-05-14 16:02:14.427468,cohort3
sws-sdRdgCs,1172,9,5,2026-05-14 16:02:14.427468,cohort3
-VB0fBeorzs,776,5,0,2026-05-14 16:02:14.427468,cohort3
1WFLyMPX4ks,713,46,1,2026-05-14 16:02:14.427468,cohort3
4Y5yuNy-GQA,1146,25,4,2026-05-14 16:02:14.427468,cohort3
80Vn8FwZf8Q,4008,82,0,2026-05-14 16:02:14.427468,cohort3
u6a7zWC_XKI,10,5,1,2026-05-14 16:02:14.427468,cohort3
So5oVZ5gemg,1834,13,2,2026-05-14 16:02:14.427468,cohort3
LzT7ciHpEKU,548,7,14,2026-05-14 16:02:14.427468,cohort3
mz80VLi1aD0,47982,456,4,2026-05-14 16:02:14.427468,cohort3
rDpjl8r5xNY,852,32,2,2026-05-14 16:02:14.427468,cohort3
e88hd3BvnoA,580,22,1,2026-05-14 16:02:14.427468,cohort3
p0-Q7n70aX0,27284,238,7,2026-05-14 16:02:14.427468,cohort3
y8EGoWNOxg0,880,6,0,2026-05-14 16:02:14.427468,cohort3
zbakUHiTx3g,774,41,1,2026-05-14 16:02:14.427468,cohort3
Q8Usqrz3bo8,3305,43,5,2026-05-14 16:02:14.427468,cohort3
9TR_iXK1DPM,5,1,0,2026-05-14 16:02:14.427468,cohort3
vEU_RoFw5jc,4069,437,1,2026-05-14 16:02:14.427468,cohort3
LmRX5YJaPb0,640,19,0,2026-05-14 16:02:14.427468,cohort3
b76UmpNF578,1288,1,0,2026-05-14 16:02:14.427468,cohort3
-FW8oVEM3n4,247,5,0,2026-05-14 16:02:14.427468,cohort3
pVV-GvyWCMo,5029,8,0,2026-05-14 16:02:14.427468,cohort3
9zXjf4VtY00,22,0,0,2026-05-14 16:02:14.427468,cohort3
7dXRaCP7u08,15,1,0,2026-05-14 16:02:14.427468,cohort3
tUeyb-y9CuI,119,16,0,2026-05-14 16:02:14.427468,cohort3
J6xtmdb2MHQ,19487,66,0,2026-05-14 16:02:14.427468,cohort3
3CF6875jJkw,9,4,0,2026-05-14 16:02:14.427468,cohort3
sHT7MonOKpE,2565,8,0,2026-05-14 16:02:14.427468,cohort3
0N3PdupXcgo,1361,11,0,2026-05-14 16:02:14.427468,cohort3
MQYYCp4o5DM,305,2,0,2026-05-14 16:02:14.427468,cohort3
eYeM1a31aRo,1155,28,0,2026-05-14 16:02:14.427468,cohort3
unUvB7ZjmEE,115851,341,2,2026-05-14 16:02:14.427468,cohort3
6v_aN7iLslc,5606,9,0,2026-05-14 16:02:14.427468,cohort3
Ckn0m3h02uE,208,0,0,2026-05-14 16:02:14.427468,cohort3
UyXAyRFNIfI,0,0,0,2026-05-14 16:02:14.427468,cohort3
rCSWnikqLSE,820,30,0,2026-05-14 16:02:14.427468,cohort3
MeoQm5Eg53U,994,1,0,2026-05-14 16:02:14.427468,cohort3
nMyD68QKXSU,1590,8,0,2026-05-14 16:02:14.427468,cohort3
99B9FvP8fD0,932,20,2,2026-05-14 16:02:14.427468,cohort3
td6Sb_GTN8k,746,4,0,2026-05-14 16:02:14.427468,cohort3
mcRyKH1luMc,1095,19,7,2026-05-14 16:02:14.427468,cohort3
2hxeSuAYUhU,1220,88,14,2026-05-14 16:02:14.427468,cohort3
n0z6UTbOL34,2,1,1,2026-05-14 16:02:14.427468,cohort3
hcghNrm4hTQ,1307,25,0,2026-05-14 16:02:14.427468,cohort3
CsC94oRg_4U,1135,28,0,2026-05-14 16:02:14.427468,cohort3
PumKfEnp8Dw,6423,65,0,2026-05-14 16:02:14.427468,cohort3
C5Tr8AD718I,10544,97,0,2026-05-14 16:02:14.427468,cohort3
dh0lh_XS4YE,695,17,0,2026-05-14 16:02:14.427468,cohort3
l9CYwpt3Hj8,231,4,3,2026-05-14 16:02:14.427468,cohort3
1109gqO5oGo,568105,17029,108,2026-05-14 17:35:17.575351,cohort3
oFmD2PbIftA,588310,21794,23,2026-05-14 17:35:17.575351,cohort3
FIjlwByE538,201752,5362,96,2026-05-14 17:35:17.575351,cohort3
KvcxuhWbbSA,99505,14738,123,2026-05-14 17:35:17.575351,cohort3
8nzSD5N2ip8,120933,623,2,2026-05-14 17:35:17.575351,cohort3
Xg8JvTyeWx0,182152,1382,2,2026-05-14 17:35:17.575351,cohort3
Y1_yTNuyqHQ,61535,401,3,2026-05-14 17:35:17.575351,cohort3
WyBG1FZf648,120618,2062,0,2026-05-14 17:35:17.575351,cohort3
VUFud-jmMz8,68453,956,81,2026-05-14 17:35:17.575351,cohort3
q19jN8Tq9E0,151788,1466,3,2026-05-14 17:35:17.575351,cohort3
Q_yg2CxvGlw,62681,494,1,2026-05-14 17:35:17.575351,cohort3
zHkcFTFmKyY,162087,5124,41,2026-05-14 17:35:17.575351,cohort3
0yOf48MRCIY,75581,237,0,2026-05-14 17:35:17.575351,cohort3
rGU3yh7lpZk,48241,749,194,2026-05-14 17:35:17.575351,cohort3
pYcZ9vZFrxM,56551,763,0,2026-05-14 17:35:17.575351,cohort3
R-R6W9GHMRk,29967,345,0,2026-05-14 17:35:17.575351,cohort3
IGpatKX-31M,116764,5957,53,2026-05-14 17:35:17.575351,cohort3
OwLH9rBDov0,46145,1230,11,2026-05-14 17:35:17.575351,cohort3
YEpIh5Yxokw,148283,1023,141,2026-05-14 17:35:17.575351,cohort3
NXBTs29o9Gg,20512,107,1,2026-05-14 17:35:17.575351,cohort3
gJA5y-IMAjY,118488,4260,13,2026-05-14 17:35:17.575351,cohort3
txBVIsLzQWw,24831,301,10,2026-05-14 17:35:17.575351,cohort3
8jkuLdsL4oo,38497,481,10,2026-05-14 17:35:17.575351,cohort3
L3xEAoyytak,42007,152,0,2026-05-14 17:35:17.575351,cohort3
CU3tv6GxuBE,72485,446,6,2026-05-14 17:35:17.575351,cohort3
M4cS4JpUi3o,43607,148,1,2026-05-14 17:35:17.575351,cohort3
el22dLXLTu4,20322,0,1,2026-05-14 17:35:17.575351,cohort3
jZgiOKhWpU0,47237,111,11,2026-05-14 17:35:17.575351,cohort3
rMXdW6EVyBM,16478,399,60,2026-05-14 17:35:17.575351,cohort3
VU32Dbqwv6A,315723,14604,54,2026-05-14 17:35:17.575351,cohort3
cboM6w8VVoM,74082,8073,171,2026-05-14 17:35:17.575351,cohort3
Dym9-kWiInM,10101,249,2,2026-05-14 17:35:17.575351,cohort3
cvQicVgPqTI,101042,318,0,2026-05-14 17:35:17.575351,cohort3
-FrE6TbNvQc,11983,124,0,2026-05-14 17:35:17.575351,cohort3
zj_mYNB7Jlg,14431,1381,81,2026-05-14 17:35:17.575351,cohort3
frzMrzw_pDQ,37723,187,0,2026-05-14 17:35:17.575351,cohort3
Q1uudWcokRo,100983,2497,17,2026-05-14 17:35:17.575351,cohort3
J4DbUap0BZg,254668,4392,24,2026-05-14 17:35:17.575351,cohort3
m2WKhTH5EFk,26754,0,74,2026-05-14 17:35:17.575351,cohort3
hK_MNZuuGeY,36091,176,1,2026-05-14 17:35:17.575351,cohort3
zk8w4Dya8_g,32729,334,6,2026-05-14 17:35:17.575351,cohort3
s_xsGqyAzpI,37602,467,2,2026-05-14 17:35:17.575351,cohort3
4EQwN_0F4-E,22184,23,0,2026-05-14 17:35:17.575351,cohort3
1JveZuqNmRI,13467,45,0,2026-05-14 17:35:17.575351,cohort3
jVst40VuzDA,16230,11,17,2026-05-14 17:35:17.575351,cohort3
p-meA4uy4eE,9890,242,4,2026-05-14 17:35:17.575351,cohort3
nPdZiCG5l8E,10680,65,2,2026-05-14 17:35:17.575351,cohort3
DQ0PfQ4dZH8,13738,157,1,2026-05-14 17:35:17.575351,cohort3
waw_egstnZE,46415,601,13,2026-05-14 17:35:17.575351,cohort3
Su1QwBXmj6w,26895,52,3,2026-05-14 17:35:17.575351,cohort3
VxJWnTcsXeE,33720,125,0,2026-05-14 17:35:17.575351,cohort3
W7ywyXGSi7E,16438,65,0,2026-05-14 17:35:17.575351,cohort3
pVnKfsgQMmw,28368,109,0,2026-05-14 17:35:17.575351,cohort3
yOmoEWmAy58,23222,33,0,2026-05-14 17:35:17.575351,cohort3
RiXmHyCW7Mo,28910,1356,1077,2026-05-14 17:35:17.575351,cohort3
U6j8_ZHO5k0,7814,331,34,2026-05-14 17:35:17.575351,cohort3
ss-MMlWVrLY,13986,709,11,2026-05-14 17:35:17.575351,cohort3
0XBme2bWQi0,63140,8968,305,2026-05-14 17:35:17.575351,cohort3
DhWH-XRwmy4,8815,50,0,2026-05-14 17:35:17.575351,cohort3
BQq9EnmSFGI,16961,0,3,2026-05-14 17:35:17.575351,cohort3
-Ehr7b7ljds,23915,1165,23,2026-05-14 17:35:17.575351,cohort3
UFzE0aPrFJ0,29670,86,0,2026-05-14 17:35:17.575351,cohort3
olBXTQxAnKk,23797,26,13,2026-05-14 17:35:17.575351,cohort3
TeS-6k_BWa0,8168,406,40,2026-05-14 17:35:17.575351,cohort3
h6kAY7B-WwE,11487,25,0,2026-05-14 17:35:17.575351,cohort3
pyMNhJXOJOI,6476,36,1,2026-05-14 17:35:17.575351,cohort3
yDVbCPNFz_U,9592,363,25,2026-05-14 17:35:17.575351,cohort3
rVM522pWfQE,9681,15,1,2026-05-14 17:35:17.575351,cohort3
OEhZ0FvfKeE,31147,3041,31,2026-05-14 17:35:17.575351,cohort3
SnS_QqS1rRI,42805,240,0,2026-05-14 17:35:17.575351,cohort3
tGBI-X5GdtM,7602,0,3,2026-05-14 17:35:17.575351,cohort3
6WANHvHT1mI,46982,134,2,2026-05-14 17:35:17.575351,cohort3
uzfOQydNpJs,12096,284,43,2026-05-14 17:35:17.575351,cohort3
t92n8bszngs,9821,39,0,2026-05-14 17:35:17.575351,cohort3
v7dFdqvElTE,7640,187,106,2026-05-14 17:35:17.575351,cohort3
B7IpuDdlFgo,7201,24,0,2026-05-14 17:35:17.575351,cohort3
qJrrNqmdFIM,15879,0,2,2026-05-14 17:35:17.575351,cohort3
GYW9PV0MtsQ,6516,113,1,2026-05-14 17:35:17.575351,cohort3
FlH3raMSdfU,11176,117,2,2026-05-14 17:35:17.575351,cohort3
17s3uKE5ARI,36722,119,1,2026-05-14 17:35:17.575351,cohort3
eWAMRSDoiME,6238,35,0,2026-05-14 17:35:17.575351,cohort3
J1Z43pWRbs8,23167,1534,7,2026-05-14 17:35:17.575351,cohort3
QNUmLNGoO9Y,5589,58,1,2026-05-14 17:35:17.575351,cohort3
8c1bpP2kK-4,12675,15,2,2026-05-14 17:35:17.575351,cohort3
kRRcjQvOEAU,9021,49,0,2026-05-14 17:35:17.575351,cohort3
gKgqRlV7IeI,15366,261,0,2026-05-14 17:35:17.575351,cohort3
ilVbxQ1917I,5729,17,1,2026-05-14 17:35:17.575351,cohort3
WvKYodJWB8E,5335,25,0,2026-05-14 17:35:17.575351,cohort3
7KK4YdUsrro,3951,50,0,2026-05-14 17:35:17.575351,cohort3
FNyE65wSiHU,19310,0,57,2026-05-14 17:35:17.575351,cohort3
T_UiMBuz-7c,7758,190,3,2026-05-14 17:35:17.575351,cohort3
1K_ef78I-cs,21147,38,0,2026-05-14 17:35:17.575351,cohort3
5034udlayJQ,35581,113,1,2026-05-14 17:35:17.575351,cohort3
JKQrM8LAkRE,3459,0,2,2026-05-14 17:35:17.575351,cohort3
A0TZh9YSeUI,4331,16,0,2026-05-14 17:35:17.575351,cohort3
gO3V_8KY3b0,12873,45,5,2026-05-14 17:35:17.575351,cohort3
u7TFph_gQTY,5012,29,1,2026-05-14 17:35:17.575351,cohort3
xl8d10ISvG4,11789,263,6,2026-05-14 17:35:17.575351,cohort3
xgQegicuO3M,7098,548,12,2026-05-14 17:35:17.575351,cohort3
Yzq0fac9PX8,5100,216,0,2026-05-14 17:35:17.575351,cohort3
1I3VCOl4ysQ,5970,111,0,2026-05-14 17:35:17.575351,cohort3
HS0kzb8ylHU,21278,545,2,2026-05-14 17:35:17.575351,cohort3
qf4Gs6L1DUw,3415,69,10,2026-05-14 17:35:17.575351,cohort3
N51SyUqi1Ww,5456,50,0,2026-05-14 17:35:17.575351,cohort3
r6d_yvGCkdE,39185,421,120,2026-05-14 17:35:17.575351,cohort3
c8bCRfz9mwM,5214,30,14,2026-05-14 17:35:17.575351,cohort3
EzyDbu-KYXs,9508,376,35,2026-05-14 17:35:17.575351,cohort3
LgcXsJEilDo,7917,284,4,2026-05-14 17:35:17.575351,cohort3
1QG6FjY2AEs,17659,814,82,2026-05-14 17:35:17.575351,cohort3
LWcdv8IfI5c,16568,981,5,2026-05-14 17:35:17.575351,cohort3
Q8Sc_05ajBo,4322,34,0,2026-05-14 17:35:17.575351,cohort3
QRdOqeBtTZE,3068,94,0,2026-05-14 17:35:17.575351,cohort3
vEomourPKSg,705771,9110,36,2026-05-14 17:35:17.575351,cohort3
28bbsKcpR-U,3128,92,2,2026-05-14 17:35:17.575351,cohort3
a7gmO1BB72A,3268,51,8,2026-05-14 17:35:17.575351,cohort3
IzayoH-c3Y0,61322,1332,6,2026-05-14 17:35:17.575351,cohort3
aUzQQScII0E,10988,105,2,2026-05-14 17:35:17.575351,cohort3
uhVzRthZ2y8,2576,0,2,2026-05-14 17:35:17.575351,cohort3
9VcET-JR-l4,11255,0,7,2026-05-14 17:35:17.575351,cohort3
TMEMDflzptE,1258,53,9,2026-05-14 17:35:17.575351,cohort3
W3KnFSGm-is,2954,25,0,2026-05-14 17:35:17.575351,cohort3
Y7hGLH-w1S0,28057,0,27,2026-05-14 17:35:17.575351,cohort3
qdlW6NrC0lY,9307,100,0,2026-05-14 17:35:17.575351,cohort3
kPxIBP_X2Ao,1491,68,7,2026-05-14 17:35:17.575351,cohort3
6kaSRDa_-iE,3699,190,11,2026-05-14 17:35:17.575351,cohort3
fvBKpxS_tLU,2167,51,4,2026-05-14 17:35:17.575351,cohort3
QRXphcwc_zc,1544,32,2,2026-05-14 17:35:17.575351,cohort3
9o0kLocjyeo,1396,34,1,2026-05-14 17:35:17.575351,cohort3
3Zp56JVI4U4,4427,239,8,2026-05-14 17:35:17.575351,cohort3
Yq8G-i9imX8,5217,37,0,2026-05-14 17:35:17.575351,cohort3
GMKsqOkrryc,28829,810,4,2026-05-14 17:35:17.575351,cohort3
6FZ8A43m8Rg,3247,264,7,2026-05-14 17:35:17.575351,cohort3
JdSEetzVY8U,5363,29,1,2026-05-14 17:35:17.575351,cohort3
Co6WstKZoMo,2431,44,0,2026-05-14 17:35:17.575351,cohort3
0y71_9fQuI0,993,21,0,2026-05-14 17:35:17.575351,cohort3
Y_hnAMTtgkE,897,26,0,2026-05-14 17:35:17.575351,cohort3
nkydxta3qlE,1635,13,0,2026-05-14 17:35:17.575351,cohort3
HwgjpETU3kQ,5821,23,0,2026-05-14 17:35:17.575351,cohort3
ClhLO8o5eRo,11866,642,13,2026-05-14 17:35:17.575351,cohort3
OnPBmf2Jvyc,901,12,4,2026-05-14 17:35:17.575351,cohort3
ACFNRfV4l50,7187,41,0,2026-05-14 17:35:17.575351,cohort3
9HK_T7qsR_8,5293,254,6,2026-05-14 17:35:17.575351,cohort3
NU4s4iD5YC0,2832,28,7,2026-05-14 17:35:17.575351,cohort3
GWvG4nX-NHM,1057,50,0,2026-05-14 17:35:17.575351,cohort3
20ZF4aaXqn8,2468,15,1,2026-05-14 17:35:17.575351,cohort3
LzgUtaCtofw,1915,12,0,2026-05-14 17:35:17.575351,cohort3
rrEOxchfbLk,1676,66,10,2026-05-14 17:35:17.575351,cohort3
5m_hVuNUK2Y,6893,39,0,2026-05-14 17:35:17.575351,cohort3
h_P1_Q3sZ1Y,20377,1140,5,2026-05-14 17:35:17.575351,cohort3
jgfmmPpHBb0,2076,16,0,2026-05-14 17:35:17.575351,cohort3
i9z19FoOVmc,21602,2805,201,2026-05-14 17:35:17.575351,cohort3
u9lKPGfNOnI,10834,195,0,2026-05-14 17:35:17.575351,cohort3
NFwiUtyFQac,1891,50,2,2026-05-14 17:35:17.575351,cohort3
QVkelJjEnMk,1123,33,0,2026-05-14 17:35:17.575351,cohort3
SeQP9MRmz8o,3281,237,6,2026-05-14 17:35:17.575351,cohort3
FcO0H0qgmCA,1497,52,3,2026-05-14 17:35:17.575351,cohort3
w4cYUu8EOYQ,1946,28,0,2026-05-14 17:35:17.575351,cohort3
j93ssOoHX-A,1178,10,2,2026-05-14 17:35:17.575351,cohort3
CnfbB7fSOF8,1396,25,1,2026-05-14 17:35:17.575351,cohort3
wqkhoaAGTfs,1153,5,0,2026-05-14 17:35:17.575351,cohort3
BiIcQciyVB8,1418,0,2,2026-05-14 17:35:17.575351,cohort3
1r8dwTYGNSk,3317,182,3,2026-05-14 17:35:17.575351,cohort3
ZrXpXQvjcQQ,2752,65,12,2026-05-14 17:35:17.575351,cohort3
Xur7XgOl_yA,983,1,0,2026-05-14 17:35:17.575351,cohort3
u32RFc_9pfM,2392,101,2,2026-05-14 17:35:17.575351,cohort3
lEHEnK1bduA,1088,12,0,2026-05-14 17:35:17.575351,cohort3
5KOpzd0TEy8,1459,16,0,2026-05-14 17:35:17.575351,cohort3
EjcuQGPt1R0,1039,6,0,2026-05-14 17:35:17.575351,cohort3
hbcGLmkW_-o,1377,61,36,2026-05-14 17:35:17.575351,cohort3
AHRoWLpTs1Q,1162,14,0,2026-05-14 17:35:17.575351,cohort3
JUOOcUHYLn0,15117,297,3,2026-05-14 17:35:17.575351,cohort3
41pazsoQsKc,1087,10,0,2026-05-14 17:35:17.575351,cohort3
7zGi37_Mo-M,73566,518,0,2026-05-14 17:35:17.575351,cohort3
MyFNOo1_GKg,25575,174,6,2026-05-14 17:35:17.575351,cohort3
6iGOhNr9-Ko,20691,303,21,2026-05-14 17:35:17.575351,cohort3
kYjC2EAQMaE,1826,72,1,2026-05-14 17:35:17.575351,cohort3
3nxJt1ticUA,2806,4,0,2026-05-14 17:35:17.575351,cohort3
WouyFAMASzY,892,8,0,2026-05-14 17:35:17.575351,cohort3
c9W2QvR2R3s,1259,21,0,2026-05-14 17:35:17.575351,cohort3
R4Q86Hhs9zE,4290,71,3,2026-05-14 17:35:17.575351,cohort3
yMlw2IrGlIo,732,0,0,2026-05-14 17:35:17.575351,cohort3
FMRGBRCqg_s,1524,20,1,2026-05-14 17:35:17.575351,cohort3
TgVHw74SKAI,1128,17,0,2026-05-14 17:35:17.575351,cohort3
RnOwfKZvffw,7255,320,2,2026-05-14 17:35:17.575351,cohort3
GqcfZHiXJMA,5837,63,1,2026-05-14 17:35:17.575351,cohort3
IRjofNhuNeQ,2636,27,0,2026-05-14 17:35:17.575351,cohort3
0EmFi6I4qkQ,3743,165,4,2026-05-14 17:35:17.575351,cohort3
f5eSl4dosW8,5273,671,10,2026-05-14 17:35:17.575351,cohort3
W2VbetxSgcg,4152,203,8,2026-05-14 17:35:17.575351,cohort3
nCmDTuykDNE,2625,102,6,2026-05-14 17:35:17.575351,cohort3
pIXV1-kNi2c,1251,77,4,2026-05-14 17:35:17.575351,cohort3
CozvUZg2uBg,1254,37,13,2026-05-14 17:35:17.575351,cohort3
PCLJT8XxKe8,2943,16,0,2026-05-14 17:35:17.575351,cohort3
wj4MXY7tMnI,973,42,0,2026-05-14 17:35:17.575351,cohort3
x-uMJCmzyL4,1264,12,1,2026-05-14 17:35:17.575351,cohort3
wtiK8FpQLs8,1003,23,3,2026-05-14 17:35:17.575351,cohort3
6BIPEdM8MY8,1761,53,3,2026-05-14 17:35:17.575351,cohort3
Cjn-3BYO3rY,13196,72,0,2026-05-14 17:35:17.575351,cohort3
vUL-pF-Lp6Q,1483,22,4,2026-05-14 17:35:17.575351,cohort3
JZDMT_gjetA,1820,16,1,2026-05-14 17:35:17.575351,cohort3
C23ATAn5M3U,691,11,1,2026-05-14 17:35:17.575351,cohort3
rbAvc2bNelQ,4734,115,2,2026-05-14 17:35:17.575351,cohort3
6HsbJ7z5ctI,1630,29,0,2026-05-14 17:35:17.575351,cohort3
hAtKWR-1pEs,17651,483,0,2026-05-14 17:35:17.575351,cohort3
NCdoTXYsP_A,1290,0,0,2026-05-14 17:35:17.575351,cohort3
Vb5RADCkce8,952,31,0,2026-05-14 17:35:17.575351,cohort3
0snHIFYRrOo,3625,3,0,2026-05-14 17:35:17.575351,cohort3
1U_B9mn_pzk,1146,27,2,2026-05-14 17:35:17.575351,cohort3
wwfWbtGt4T8,1350,11,0,2026-05-14 17:35:17.575351,cohort3
ZtyawLxEZpI,1404,44,1,2026-05-14 17:35:17.575351,cohort3
VpfZv0CsRoA,779,7,0,2026-05-14 17:35:17.575351,cohort3
gCGWzckiahI,1274,19,0,2026-05-14 17:35:17.575351,cohort3
Vev-BMcXHho,1389,17,2,2026-05-14 17:35:17.575351,cohort3
pggjv6EZRu4,3002,45,0,2026-05-14 17:35:17.575351,cohort3
tThXHX6KekA,1139,41,0,2026-05-14 17:35:17.575351,cohort3
UMdUjZomNsU,1029,33,0,2026-05-14 17:35:17.575351,cohort3
eKzb1RKYSUM,1927,16,0,2026-05-14 17:35:17.575351,cohort3
JgqiD7TKJX4,1440,4,0,2026-05-14 17:35:17.575351,cohort3
OYCSDuV3_fY,24964,0,4,2026-05-14 17:35:17.575351,cohort3
uuRSIghKJ8s,1314,22,2,2026-05-14 17:35:17.575351,cohort3
tVVN5rfFcpI,1548,17,5,2026-05-14 17:35:17.575351,cohort3
Xv9DUx1NoDw,48636,226,47,2026-05-14 17:35:17.575351,cohort3
VBJoaZXapAg,8209,753,27,2026-05-14 17:35:17.575351,cohort3
UHoU2jGoHiY,1680,0,3,2026-05-14 17:35:17.575351,cohort3
QcBLVviuFns,18482,92,4,2026-05-14 17:35:17.575351,cohort3
fRv8KKbyPNQ,5310,288,21,2026-05-14 17:35:17.575351,cohort3
M7KyduM8WA4,5553,57,6,2026-05-14 17:35:17.575351,cohort3
y89mRR2jby4,818,7,6,2026-05-14 17:35:17.575351,cohort3
S9XMknRveG0,6350,9,0,2026-05-14 17:35:17.575351,cohort3
MA76_CJ63xY,3864,26,1,2026-05-14 17:35:17.575351,cohort3
oFvdABEfMCY,1478,34,0,2026-05-14 17:35:17.575351,cohort3
4lTm24zr_JQ,6149,241,1,2026-05-14 17:35:17.575351,cohort3
lOCar5PWRB4,3264,27,5,2026-05-14 17:35:17.575351,cohort3
SMH2HgXPC6k,12193,305,1,2026-05-14 17:35:17.575351,cohort3
BwZUvus7RMA,12536,16,1,2026-05-14 17:35:17.575351,cohort3
03_e2NIlDT8,803,66,22,2026-05-14 17:35:17.575351,cohort3
Cm4ymJFaTC0,1555,26,1,2026-05-14 17:35:17.575351,cohort3
mGAvwIVwekM,27746,0,21,2026-05-14 17:35:17.575351,cohort3
AahJtOM0hGA,1358,61,4,2026-05-14 17:35:17.575351,cohort3
AuDUu1V5Re8,5102,35,0,2026-05-14 17:35:17.575351,cohort3
AFNNIGP6kks,16211,19,0,2026-05-14 17:35:17.575351,cohort3
yOW1GzpaFAw,33612,189,2,2026-05-14 17:35:17.575351,cohort3
NA1e_JYfPI0,9903,204,0,2026-05-14 17:35:17.575351,cohort3
leYD-nmMeBI,19750,113,0,2026-05-14 17:35:17.575351,cohort3
UKIYr0bkvKo,10944,0,0,2026-05-14 17:35:17.575351,cohort3
U7kKKGLCyow,6298,110,2,2026-05-14 17:35:17.575351,cohort3
GAls3kX-EJg,1337,111,31,2026-05-14 17:35:17.575351,cohort3
1SinRmfSX6A,68991,151,0,2026-05-14 17:35:17.575351,cohort3
RBPPWEFIuAc,2277,23,2,2026-05-14 17:35:17.575351,cohort3
iiWNKfPrnM8,642,0,5,2026-05-14 17:35:17.575351,cohort3
xcCqwINGNg8,27284,119,131,2026-05-14 17:35:17.575351,cohort3
ZBnRHPhlumM,421,25,14,2026-05-14 17:35:17.575351,cohort3
uSsuA2zjPKg,29697,127,0,2026-05-14 17:35:17.575351,cohort3
i2PmasH5y9k,15154,212,89,2026-05-14 17:35:17.575351,cohort3
XsT0jJTCJgc,1330,19,2,2026-05-14 17:35:17.575351,cohort3
lB7NBsPpqJ0,2454,139,0,2026-05-14 17:35:17.575351,cohort3
gLR2W1FJ8P0,573,6,1,2026-05-14 17:35:17.575351,cohort3
Od4mfgOFaqg,1134,166,23,2026-05-14 17:35:17.575351,cohort3
2aCu6ux25MI,792,1,0,2026-05-14 17:35:17.575351,cohort3
l0DI2iB9ldw,2067,7,3,2026-05-14 17:35:17.575351,cohort3
g3fEtSyQloo,2081,9,0,2026-05-14 17:35:17.575351,cohort3
Q3kRndcte0E,54764,628,2,2026-05-14 17:35:17.575351,cohort3
Vo1vv_Ym5Cc,3106,115,1,2026-05-14 17:35:17.575351,cohort3
w3d9nSdTGRM,717,5,5,2026-05-14 17:35:17.575351,cohort3
_ORVex7RgzM,10854,187,1,2026-05-14 17:35:17.575351,cohort3
Gn-mNHd7TXk,328,0,2,2026-05-14 17:35:17.575351,cohort3
LLmASTg5zTA,198,4,0,2026-05-14 17:35:17.575351,cohort3
kpg781AgU9k,19,3,0,2026-05-14 17:35:17.575351,cohort3
fH31AerO5ug,1346,45,8,2026-05-14 17:35:17.575351,cohort3
H76uwtIK1os,116,4,0,2026-05-14 17:35:17.575351,cohort3
ME1MlJrfHb4,1052,11,0,2026-05-14 17:35:17.575351,cohort3
0TeTLQd_Kgk,4564,114,5,2026-05-14 17:35:17.575351,cohort3
3OMGaTmBCvQ,217,0,0,2026-05-14 17:35:17.575351,cohort3
fQmxUC8Di9E,2775,228,0,2026-05-14 17:35:17.575351,cohort3
ddfqymtwp6E,801,8,0,2026-05-14 17:35:17.575351,cohort3
p-AFzTLnii0,1304,8,0,2026-05-14 17:35:17.575351,cohort3
BBLOOKAzogo,9448,189,4,2026-05-14 17:35:17.575351,cohort3
SVOkqzzftNc,21846,18,0,2026-05-14 17:35:17.575351,cohort3
ul965bFb60Q,34287,0,2,2026-05-14 17:35:17.575351,cohort3
7DQBb4TSuFg,37057,288,1,2026-05-14 17:35:17.575351,cohort3
FY0b8kfAWqE,24243,480,27,2026-05-14 17:35:17.575351,cohort3
HpW0hFFUfzM,23523,1898,2,2026-05-14 17:35:17.575351,cohort3
BZAK7bPZRIk,112800,2676,14,2026-05-14 17:35:17.575351,cohort3
NiFzocRzTnA,1332468,25141,308,2026-05-14 17:35:17.575351,cohort3
EkzAJE9jCMI,30406,680,0,2026-05-14 17:35:17.575351,cohort3
fKzhDNkNHgY,16207,55,0,2026-05-14 17:35:17.575351,cohort3
KokmUFJhgOE,133344,6982,41,2026-05-14 17:35:17.575351,cohort3
2XfipfdRetU,17766,270,1,2026-05-14 17:35:17.575351,cohort3
GG5Xop0s-Ss,23975,98,0,2026-05-14 17:35:17.575351,cohort3
LPA4ajdgboQ,33302,947,54,2026-05-14 17:35:17.575351,cohort3
XleHdxX7c1o,20130,249,12,2026-05-14 17:35:17.575351,cohort3
xq3JtqC2tic,22169,405,2,2026-05-14 17:35:17.575351,cohort3
-pzEgeUEUJI,31126,151,0,2026-05-14 17:35:17.575351,cohort3
t62ES0itVWA,47787,267,0,2026-05-14 17:35:17.575351,cohort3
2kru4OOwgs8,38651,245,13,2026-05-14 17:35:17.575351,cohort3
HEgID7liLxk,12056,525,10,2026-05-14 17:35:17.575351,cohort3
Y7bkcfBLQvs,35748,80,1,2026-05-14 17:35:17.575351,cohort3
AYveM58k934,7526,96,5,2026-05-14 17:35:17.575351,cohort3
pfPskj9X5RQ,6906,86,11,2026-05-14 17:35:17.575351,cohort3
Z8L3kUjfzII,48082,589,9,2026-05-14 17:35:17.575351,cohort3
ftWyAkuA9A0,11393,66,1,2026-05-14 17:35:17.575351,cohort3
6l0IAaeQV9o,10846,88,4,2026-05-14 17:35:17.575351,cohort3
RqTZOQYeSj8,21243,413,1,2026-05-14 17:35:17.575351,cohort3
4KhF-pf3yTQ,3612,61,3,2026-05-14 17:35:17.575351,cohort3
T6GNRDi5b3Y,7220,226,18,2026-05-14 17:35:17.575351,cohort3
tnDGeZGeUWI,11904,7,0,2026-05-14 17:35:17.575351,cohort3
IDZ2lFb2wTM,4083,22,0,2026-05-14 17:35:17.575351,cohort3
D58uQP2HG94,37392,196,0,2026-05-14 17:35:17.575351,cohort3
ifqkEvuqHbI,124139,2115,14,2026-05-14 17:35:17.575351,cohort3
lzaOLtEOqgI,21942,31,1,2026-05-14 17:35:17.575351,cohort3
PUI3hPRXTEQ,5354,24,0,2026-05-14 17:35:17.575351,cohort3
15JwNKYy6Vg,33478,989,78,2026-05-14 17:35:17.575351,cohort3
RvJAtMuBV5g,11768,104,0,2026-05-14 17:35:17.575351,cohort3
Es8bRaKZHkQ,1659,27,0,2026-05-14 17:35:17.575351,cohort3
gm-iEVxl5Ew,2002,21,8,2026-05-14 17:35:17.575351,cohort3
FyckdNPkmVk,17186,229,3,2026-05-14 17:35:17.575351,cohort3
0spHr4gCY4w,6984,0,1,2026-05-14 17:35:17.575351,cohort3
_GWFMlcwnF8,6983,19,0,2026-05-14 17:35:17.575351,cohort3
QmorWWrDL04,30089,0,181,2026-05-14 17:35:17.575351,cohort3
Q8XB2RQ3ROI,1593,10,1,2026-05-14 17:35:17.575351,cohort3
6ifUbpbI55M,6691,46,2,2026-05-14 17:35:17.575351,cohort3
bL7XBZJboNM,8961,88,2,2026-05-14 17:35:17.575351,cohort3
GyrTFM9gmXY,2296,27,0,2026-05-14 17:35:17.575351,cohort3
a2XfZ4VXvGA,2256,27,0,2026-05-14 17:35:17.575351,cohort3
gRV8O-JrxOY,4741,188,18,2026-05-14 17:35:17.575351,cohort3
TJveAqdT5EA,1751,26,0,2026-05-14 17:35:17.575351,cohort3
mDYRXJ0p4PQ,1238,18,0,2026-05-14 17:35:17.575351,cohort3
5y8TUm2aD0o,13244,72,0,2026-05-14 17:35:17.575351,cohort3
p9UYqskIoQA,20227,726,18,2026-05-14 17:35:17.575351,cohort3
xzKUi93pPHA,23147,1265,48,2026-05-14 17:35:17.575351,cohort3
rT-NLSHcE9s,4043,39,0,2026-05-14 17:35:17.575351,cohort3
-_mHx7Ft5wU,1185,43,1,2026-05-14 17:35:17.575351,cohort3
AlSZCsLEIgs,1403,29,0,2026-05-14 17:35:17.575351,cohort3
r3gidU4xS7I,1113,0,0,2026-05-14 17:35:17.575351,cohort3
uilr_SZtOUI,7797,249,7,2026-05-14 17:35:17.575351,cohort3
7D9WIfmzntE,2998,125,4,2026-05-14 17:35:17.575351,cohort3
64Kgdkeu624,1855,30,1,2026-05-14 17:35:17.575351,cohort3
8DQIdUPSTSI,1408,16,3,2026-05-14 17:35:17.575351,cohort3
QZsiQ82Z2NQ,11409,122,0,2026-05-14 17:35:17.575351,cohort3
f3rQ9mfaMTQ,1027,26,1,2026-05-14 17:35:17.575351,cohort3
gZeUZ59Isp0,1024,55,4,2026-05-14 17:35:17.575351,cohort3
L7Z0xXi8K7c,927,28,0,2026-05-14 17:35:17.575351,cohort3
1CumQ1UO9IE,13887,318,5,2026-05-14 17:35:17.575351,cohort3
ehJEp8UBqVI,717,4,1,2026-05-14 17:35:17.575351,cohort3
llkjHbzopc8,68201,706,4,2026-05-14 17:35:17.575351,cohort3
6MTTJ_sesws,8092,426,9,2026-05-14 17:35:17.575351,cohort3
ES7Fm2NxK0Y,1266,50,1,2026-05-14 17:35:17.575351,cohort3
hPspv_cG0T4,1527,14,2,2026-05-14 17:35:17.575351,cohort3
gMoqx9_XKWA,12870,151,1,2026-05-14 17:35:17.575351,cohort3
fKQ_8fCJiBQ,1415,34,3,2026-05-14 17:35:17.575351,cohort3
erHoZyk8jOU,8437,173,12,2026-05-14 17:35:17.575351,cohort3
JFi0y0ee9C0,34499,0,1,2026-05-14 17:35:17.575351,cohort3
TUR6yFb7sVI,1641,147,22,2026-05-14 17:35:17.575351,cohort3
UrRo4FbJfgI,1115,95,3,2026-05-14 17:35:17.575351,cohort3
p9hMaOcN-h0,851,11,1,2026-05-14 17:35:17.575351,cohort3
BPzQ7h1WteM,968,19,1,2026-05-14 17:35:17.575351,cohort3
Myf61iqyVaI,438,12,0,2026-05-14 17:35:17.575351,cohort3
ODkYVR6PR5U,1635,43,0,2026-05-14 17:35:17.575351,cohort3
NLIVrkP2KnQ,906,9,1,2026-05-14 17:35:17.575351,cohort3
htdw_jINtxY,1676,66,0,2026-05-14 17:35:17.575351,cohort3
bkuCXbCczuo,1282,21,3,2026-05-14 17:35:17.575351,cohort3
oiCnT4xsyvE,1187,0,7,2026-05-14 17:35:17.575351,cohort3
VVXPeqoXlag,1573,0,0,2026-05-14 17:35:17.575351,cohort3
4tNYDcnwu3Q,1858,99,2,2026-05-14 17:35:17.575351,cohort3
5Q0RrkIzGWE,6951,1344,21,2026-05-14 17:35:17.575351,cohort3
w9ns9UkSACY,5303,494,17,2026-05-14 17:35:17.575351,cohort3
tEaHmIkAOKc,14609,315,2,2026-05-14 17:35:17.575351,cohort3
L6RkCe94EOw,9377,29,0,2026-05-14 17:35:17.575351,cohort3
J8IaK5crBY0,990,7,5,2026-05-14 17:35:17.575351,cohort3
qlytOiz-VF8,1301,0,0,2026-05-14 17:35:17.575351,cohort3
qxv2nKYBfh4,1930,52,0,2026-05-14 17:35:17.575351,cohort3
FCHM-DT1Ock,1679,99,1,2026-05-14 17:35:17.575351,cohort3
Q2s6CtBHfYI,1357,91,0,2026-05-14 17:35:17.575351,cohort3
qMLjDg_97sE,3912,766,2,2026-05-14 17:35:17.575351,cohort3
gmDwY9pQY0Q,1335,10,0,2026-05-14 17:35:17.575351,cohort3
UCjM3nxuVMM,5761,123,2,2026-05-14 17:35:17.575351,cohort3
t1poaYGbWTw,7434,303,2,2026-05-14 17:35:17.575351,cohort3
ezTli7RpPqY,15275,164,3,2026-05-14 17:35:17.575351,cohort3
2lFRLhVD36U,1109,30,2,2026-05-14 17:35:17.575351,cohort3
2nkDz8c6ghs,19283,476,4,2026-05-14 17:35:17.575351,cohort3
GIodLy2v0Gg,15179,260,21,2026-05-14 17:35:17.575351,cohort3
3MROV7dmDro,1000,5,30,2026-05-14 17:35:17.575351,cohort3
XPyeNk4z3zM,1202,27,1,2026-05-14 17:35:17.575351,cohort3
H73zNMTUSP8,1829,3,0,2026-05-14 17:35:17.575351,cohort3
0K5uLUciFvg,13210,664,5,2026-05-14 17:35:17.575351,cohort3
oiPURPJ2L8Q,1817,29,2,2026-05-14 17:35:17.575351,cohort3
RdkoKXZlJSE,3311,32,8,2026-05-14 17:35:17.575351,cohort3
pjGAIeUFpyM,1525,13,3,2026-05-14 17:35:17.575351,cohort3
dS04a5QmpHU,1851,12,0,2026-05-14 17:35:17.575351,cohort3
G7qLJx2bUwg,849,12,1,2026-05-14 17:35:17.575351,cohort3
OxsLu4Z4dYs,2907,198,11,2026-05-14 17:35:17.575351,cohort3
5cua3o5_Nto,2753,144,5,2026-05-14 17:35:17.575351,cohort3
ZhOy452QEhc,723,0,0,2026-05-14 17:35:17.575351,cohort3
oJ00_Ogk8mY,617,14,2,2026-05-14 17:35:17.575351,cohort3
SxQVvPNVehQ,501,9,0,2026-05-14 17:35:17.575351,cohort3
XfW0ok-dGmY,1522,26,0,2026-05-14 17:35:17.575351,cohort3
hUKo0Ly7Zig,1181,8,1,2026-05-14 17:35:17.575351,cohort3
Ew3CvarawWs,1057,27,2,2026-05-14 17:35:17.575351,cohort3
QMEFDCwqm0s,6780,4,2,2026-05-14 17:35:17.575351,cohort3
1Hi9TY_eJII,558,18,0,2026-05-14 17:35:17.575351,cohort3
8cs696P3BpU,10934,994,13,2026-05-14 17:35:17.575351,cohort3
SloMOQO7pDg,1886,11,3,2026-05-14 17:35:17.575351,cohort3
SiG-Y1mmBLA,4081,51,6,2026-05-14 17:35:17.575351,cohort3
tI5tBoWqCJA,940,8,0,2026-05-14 17:35:17.575351,cohort3
kKZu--8v9Ds,1436,18,0,2026-05-14 17:35:17.575351,cohort3
XnLHo4i1wkc,1618,41,1,2026-05-14 17:35:17.575351,cohort3
TjlT20vAO7k,3934,0,10,2026-05-14 17:35:17.575351,cohort3
lhMfCZeTQrY,1885,114,0,2026-05-14 17:35:17.575351,cohort3
OXjwdWH_pA8,915,4,1,2026-05-14 17:35:17.575351,cohort3
XPopb1yeA1Q,1116,6,0,2026-05-14 17:35:17.575351,cohort3
iXBMW4H7HwM,583,26,1,2026-05-14 17:35:17.575351,cohort3
4ybERjlkXio,20736,551,385,2026-05-14 17:35:17.575351,cohort3
XMCAWqA3svU,2765,80,5,2026-05-14 17:35:17.575351,cohort3
Zu7DFEVVwDs,16277,946,7,2026-05-14 17:35:17.575351,cohort3
BqDNAWGRIGg,786,16,0,2026-05-14 17:35:17.575351,cohort3
1Ocl4IeaBe4,672,9,2,2026-05-14 17:35:17.575351,cohort3
wl4g30KZ9IY,7485,97,3,2026-05-14 17:35:17.575351,cohort3
a9ENeZxG3Mw,956,9,0,2026-05-14 17:35:17.575351,cohort3
W9OQZ7gyH2E,861,20,4,2026-05-14 17:35:17.575351,cohort3
KOSkdUG-viY,947,21,4,2026-05-14 17:35:17.575351,cohort3
ZYCoMHvmMaw,748,12,0,2026-05-14 17:35:17.575351,cohort3
Xo1Xi0ykq1o,745,19,1,2026-05-14 17:35:17.575351,cohort3
pTZLcOSGTrc,4700,2189,1,2026-05-14 17:35:17.575351,cohort3
QGBvAZRjs-g,895,16,1,2026-05-14 17:35:17.575351,cohort3
ukZcDV__XWU,144611,7893,95,2026-05-14 17:35:17.575351,cohort3
9Iq-Ajbb5QA,1536,9,1,2026-05-14 17:35:17.575351,cohort3
N1BNFntSEus,1679,23,3,2026-05-14 17:35:17.575351,cohort3
lc7G3tPZoZo,885,32,2,2026-05-14 17:35:17.575351,cohort3
O5278vm1LCE,54441,0,4,2026-05-14 17:35:17.575351,cohort3
BYs0UUY7yL4,1264,20,2,2026-05-14 17:35:17.575351,cohort3
X3D4ooGVTgs,4333,14,1,2026-05-14 17:35:17.575351,cohort3
UbElea09niQ,1356,26,3,2026-05-14 17:35:17.575351,cohort3
a7vB4aVUTv0,1026,45,5,2026-05-14 17:35:17.575351,cohort3
lxxXtPsjGwc,4725,242,5,2026-05-14 17:35:17.575351,cohort3
5dirbmBGWsI,19872,283,3,2026-05-14 17:35:17.575351,cohort3
HOD7kbC0i-g,12109,451,14,2026-05-14 17:35:17.575351,cohort3
lzCX0HaMcGk,17374,405,31,2026-05-14 17:35:17.575351,cohort3
jzJ33aJidxQ,21380,219,4,2026-05-14 17:35:17.575351,cohort3
QNv0Rqs3tf0,5425,294,11,2026-05-14 17:35:17.575351,cohort3
iurHOCgjbDQ,1172,21,1,2026-05-14 17:35:17.575351,cohort3
2fJvalZKwjk,1368,25,13,2026-05-14 17:35:17.575351,cohort3
NRkxlmdY2iw,7087,15,1,2026-05-14 17:35:17.575351,cohort3
Nox_lBickmI,9694,14,1,2026-05-14 17:35:17.575351,cohort3
vQtUO8cHDLk,2706,0,8,2026-05-14 17:35:17.575351,cohort3
FAEo58E9dD0,1655,79,1,2026-05-14 17:35:17.575351,cohort3
-I2IlBdbDe8,2522,345,2,2026-05-14 17:35:17.575351,cohort3
FBZSv3aVRZ0,807,32,0,2026-05-14 17:35:17.575351,cohort3
3fIszJG6vHk,670,20,1,2026-05-14 17:35:17.575351,cohort3
XOxAWB5tzEE,89,1,0,2026-05-14 17:35:17.575351,cohort3
QYBbqwTFZs4,3705,10,0,2026-05-14 17:35:17.575351,cohort3
ggNx1s-VMZg,12064,0,1,2026-05-14 17:35:17.575351,cohort3
d_Q02W4Zp0c,10,0,1,2026-05-14 17:35:17.575351,cohort3
fKEwvsGsAjM,691,12,2,2026-05-14 17:35:17.575351,cohort3
05itaSVjK8g,1563,35,2,2026-05-14 17:35:17.575351,cohort3
Ih9NnTsRGH0,1187,25,0,2026-05-14 17:35:17.575351,cohort3
sws-sdRdgCs,1168,9,5,2026-05-14 17:35:17.575351,cohort3
-VB0fBeorzs,777,5,0,2026-05-14 17:35:17.575351,cohort3
1WFLyMPX4ks,714,46,1,2026-05-14 17:35:17.575351,cohort3
4Y5yuNy-GQA,1146,25,4,2026-05-14 17:35:17.575351,cohort3
80Vn8FwZf8Q,4150,84,0,2026-05-14 17:35:17.575351,cohort3
u6a7zWC_XKI,10,5,1,2026-05-14 17:35:17.575351,cohort3
So5oVZ5gemg,1824,13,2,2026-05-14 17:35:17.575351,cohort3
LzT7ciHpEKU,557,7,14,2026-05-14 17:35:17.575351,cohort3
mz80VLi1aD0,52940,634,5,2026-05-14 17:35:17.575351,cohort3
rDpjl8r5xNY,852,32,2,2026-05-14 17:35:17.575351,cohort3
e88hd3BvnoA,587,23,1,2026-05-14 17:35:17.575351,cohort3
p0-Q7n70aX0,28294,242,7,2026-05-14 17:35:17.575351,cohort3
y8EGoWNOxg0,931,7,0,2026-05-14 17:35:17.575351,cohort3
zbakUHiTx3g,822,49,2,2026-05-14 17:35:17.575351,cohort3
Q8Usqrz3bo8,3546,43,5,2026-05-14 17:35:17.575351,cohort3
9TR_iXK1DPM,5,1,0,2026-05-14 17:35:17.575351,cohort3
vEU_RoFw5jc,4067,437,1,2026-05-14 17:35:17.575351,cohort3
LmRX5YJaPb0,673,19,0,2026-05-14 17:35:17.575351,cohort3
b76UmpNF578,1288,1,0,2026-05-14 17:35:17.575351,cohort3
-FW8oVEM3n4,247,5,0,2026-05-14 17:35:17.575351,cohort3
pVV-GvyWCMo,5029,8,0,2026-05-14 17:35:17.575351,cohort3
9zXjf4VtY00,22,0,0,2026-05-14 17:35:17.575351,cohort3
7dXRaCP7u08,15,1,0,2026-05-14 17:35:17.575351,cohort3
tUeyb-y9CuI,119,16,0,2026-05-14 17:35:17.575351,cohort3
J6xtmdb2MHQ,20069,65,0,2026-05-14 17:35:17.575351,cohort3
3CF6875jJkw,9,4,0,2026-05-14 17:35:17.575351,cohort3
sHT7MonOKpE,2572,8,0,2026-05-14 17:35:17.575351,cohort3
0N3PdupXcgo,1362,11,0,2026-05-14 17:35:17.575351,cohort3
MQYYCp4o5DM,305,2,0,2026-05-14 17:35:17.575351,cohort3
eYeM1a31aRo,1155,28,0,2026-05-14 17:35:17.575351,cohort3
unUvB7ZjmEE,119810,343,2,2026-05-14 17:35:17.575351,cohort3
6v_aN7iLslc,5682,9,0,2026-05-14 17:35:17.575351,cohort3
Ckn0m3h02uE,209,0,0,2026-05-14 17:35:17.575351,cohort3
UyXAyRFNIfI,0,0,0,2026-05-14 17:35:17.575351,cohort3
rCSWnikqLSE,822,30,0,2026-05-14 17:35:17.575351,cohort3
MeoQm5Eg53U,991,1,0,2026-05-14 17:35:17.575351,cohort3
nMyD68QKXSU,1797,9,0,2026-05-14 17:35:17.575351,cohort3
99B9FvP8fD0,936,21,2,2026-05-14 17:35:17.575351,cohort3
td6Sb_GTN8k,746,4,0,2026-05-14 17:35:17.575351,cohort3
mcRyKH1luMc,1112,20,7,2026-05-14 17:35:17.575351,cohort3
2hxeSuAYUhU,1257,93,15,2026-05-14 17:35:17.575351,cohort3
n0z6UTbOL34,2,1,1,2026-05-14 17:35:17.575351,cohort3
hcghNrm4hTQ,1436,33,2,2026-05-14 17:35:17.575351,cohort3
CsC94oRg_4U,1135,28,0,2026-05-14 17:35:17.575351,cohort3
PumKfEnp8Dw,7007,66,0,2026-05-14 17:35:17.575351,cohort3
C5Tr8AD718I,10962,112,0,2026-05-14 17:35:17.575351,cohort3
dh0lh_XS4YE,694,17,0,2026-05-14 17:35:17.575351,cohort3
l9CYwpt3Hj8,232,4,3,2026-05-14 17:35:17.575351,cohort3
1109gqO5oGo,576773,17183,109,2026-05-14 18:09:51.410980,cohort3
oFmD2PbIftA,616859,22066,24,2026-05-14 18:09:51.410980,cohort3
FIjlwByE538,206579,5396,97,2026-05-14 18:09:51.410980,cohort3
KvcxuhWbbSA,106784,15780,131,2026-05-14 18:09:51.410980,cohort3
8nzSD5N2ip8,122516,626,2,2026-05-14 18:09:51.410980,cohort3
Xg8JvTyeWx0,188080,1387,2,2026-05-14 18:09:51.410980,cohort3
Y1_yTNuyqHQ,61844,401,3,2026-05-14 18:09:51.410980,cohort3
WyBG1FZf648,126597,2074,0,2026-05-14 18:09:51.410980,cohort3
VUFud-jmMz8,73107,992,82,2026-05-14 18:09:51.410980,cohort3
q19jN8Tq9E0,154977,1476,3,2026-05-14 18:09:51.410980,cohort3
Q_yg2CxvGlw,64010,495,1,2026-05-14 18:09:51.410980,cohort3
zHkcFTFmKyY,170279,5109,44,2026-05-14 18:09:51.410980,cohort3
0yOf48MRCIY,76610,238,0,2026-05-14 18:09:51.410980,cohort3
rGU3yh7lpZk,48635,750,195,2026-05-14 18:09:51.410980,cohort3
pYcZ9vZFrxM,57708,770,0,2026-05-14 18:09:51.410980,cohort3
R-R6W9GHMRk,29967,345,0,2026-05-14 18:09:51.410980,cohort3
IGpatKX-31M,120156,6050,55,2026-05-14 18:09:51.410980,cohort3
OwLH9rBDov0,47002,1249,11,2026-05-14 18:09:51.410980,cohort3
YEpIh5Yxokw,154737,1035,142,2026-05-14 18:09:51.410980,cohort3
NXBTs29o9Gg,20519,107,1,2026-05-14 18:09:51.410980,cohort3
gJA5y-IMAjY,136375,4374,13,2026-05-14 18:09:51.410980,cohort3
txBVIsLzQWw,24912,301,10,2026-05-14 18:09:51.410980,cohort3
8jkuLdsL4oo,39441,484,10,2026-05-14 18:09:51.410980,cohort3
L3xEAoyytak,42296,152,0,2026-05-14 18:09:51.410980,cohort3
CU3tv6GxuBE,73521,445,6,2026-05-14 18:09:51.410980,cohort3
M4cS4JpUi3o,43947,149,1,2026-05-14 18:09:51.410980,cohort3
el22dLXLTu4,20616,0,1,2026-05-14 18:09:51.410980,cohort3
jZgiOKhWpU0,48192,111,11,2026-05-14 18:09:51.410980,cohort3
rMXdW6EVyBM,16578,405,60,2026-05-14 18:09:51.410980,cohort3
VU32Dbqwv6A,322467,14779,54,2026-05-14 18:09:51.410980,cohort3
cboM6w8VVoM,75316,8142,173,2026-05-14 18:09:51.410980,cohort3
Dym9-kWiInM,10130,249,2,2026-05-14 18:09:51.410980,cohort3
cvQicVgPqTI,106737,321,0,2026-05-14 18:09:51.410980,cohort3
-FrE6TbNvQc,12013,125,0,2026-05-14 18:09:51.410980,cohort3
zj_mYNB7Jlg,14521,1389,81,2026-05-14 18:09:51.410980,cohort3
frzMrzw_pDQ,38656,187,0,2026-05-14 18:09:51.410980,cohort3
Q1uudWcokRo,103486,2544,17,2026-05-14 18:09:51.410980,cohort3
J4DbUap0BZg,258377,4447,24,2026-05-14 18:09:51.410980,cohort3
m2WKhTH5EFk,27678,0,75,2026-05-14 18:09:51.410980,cohort3
hK_MNZuuGeY,36161,176,1,2026-05-14 18:09:51.410980,cohort3
zk8w4Dya8_g,32937,334,6,2026-05-14 18:09:51.410980,cohort3
s_xsGqyAzpI,39641,474,2,2026-05-14 18:09:51.410980,cohort3
4EQwN_0F4-E,22184,23,0,2026-05-14 18:09:51.410980,cohort3
1JveZuqNmRI,13467,45,0,2026-05-14 18:09:51.410980,cohort3
jVst40VuzDA,16230,11,17,2026-05-14 18:09:51.410980,cohort3
p-meA4uy4eE,10026,245,4,2026-05-14 18:09:51.410980,cohort3
nPdZiCG5l8E,10742,65,2,2026-05-14 18:09:51.410980,cohort3
DQ0PfQ4dZH8,14147,162,1,2026-05-14 18:09:51.410980,cohort3
waw_egstnZE,47078,606,13,2026-05-14 18:09:51.410980,cohort3
Su1QwBXmj6w,26895,52,3,2026-05-14 18:09:51.410980,cohort3
VxJWnTcsXeE,33720,125,0,2026-05-14 18:09:51.410980,cohort3
W7ywyXGSi7E,16438,65,0,2026-05-14 18:09:51.410980,cohort3
pVnKfsgQMmw,28522,109,0,2026-05-14 18:09:51.410980,cohort3
yOmoEWmAy58,23222,33,0,2026-05-14 18:09:51.410980,cohort3
RiXmHyCW7Mo,29041,1356,1078,2026-05-14 18:09:51.410980,cohort3
U6j8_ZHO5k0,7960,335,34,2026-05-14 18:09:51.410980,cohort3
ss-MMlWVrLY,14345,718,9,2026-05-14 18:09:51.410980,cohort3
0XBme2bWQi0,68343,9170,308,2026-05-14 18:09:51.410980,cohort3
DhWH-XRwmy4,8933,50,0,2026-05-14 18:09:51.410980,cohort3
BQq9EnmSFGI,17110,0,3,2026-05-14 18:09:51.410980,cohort3
-Ehr7b7ljds,24376,1319,23,2026-05-14 18:09:51.410980,cohort3
UFzE0aPrFJ0,29853,86,0,2026-05-14 18:09:51.410980,cohort3
olBXTQxAnKk,24094,26,13,2026-05-14 18:09:51.410980,cohort3
TeS-6k_BWa0,8204,407,40,2026-05-14 18:09:51.410980,cohort3
h6kAY7B-WwE,11487,25,0,2026-05-14 18:09:51.410980,cohort3
pyMNhJXOJOI,6476,36,1,2026-05-14 18:09:51.410980,cohort3
yDVbCPNFz_U,9816,364,25,2026-05-14 18:09:51.410980,cohort3
rVM522pWfQE,9695,16,1,2026-05-14 18:09:51.410980,cohort3
OEhZ0FvfKeE,32027,3099,32,2026-05-14 18:09:51.410980,cohort3
SnS_QqS1rRI,44116,243,0,2026-05-14 18:09:51.410980,cohort3
tGBI-X5GdtM,7690,0,3,2026-05-14 18:09:51.410980,cohort3
6WANHvHT1mI,47095,134,2,2026-05-14 18:09:51.410980,cohort3
uzfOQydNpJs,12554,293,44,2026-05-14 18:09:51.410980,cohort3
t92n8bszngs,9821,39,0,2026-05-14 18:09:51.410980,cohort3
v7dFdqvElTE,7806,187,106,2026-05-14 18:09:51.410980,cohort3
B7IpuDdlFgo,7209,24,0,2026-05-14 18:09:51.410980,cohort3
qJrrNqmdFIM,18605,0,2,2026-05-14 18:09:51.410980,cohort3
GYW9PV0MtsQ,6782,113,1,2026-05-14 18:09:51.410980,cohort3
FlH3raMSdfU,11576,117,2,2026-05-14 18:09:51.410980,cohort3
17s3uKE5ARI,37371,117,1,2026-05-14 18:09:51.410980,cohort3
eWAMRSDoiME,6238,35,0,2026-05-14 18:09:51.410980,cohort3
J1Z43pWRbs8,26190,1653,8,2026-05-14 18:09:51.410980,cohort3
QNUmLNGoO9Y,5589,58,1,2026-05-14 18:09:51.410980,cohort3
8c1bpP2kK-4,12804,15,2,2026-05-14 18:09:51.410980,cohort3
kRRcjQvOEAU,9054,49,0,2026-05-14 18:09:51.410980,cohort3
gKgqRlV7IeI,16787,265,0,2026-05-14 18:09:51.410980,cohort3
ilVbxQ1917I,5729,17,1,2026-05-14 18:09:51.410980,cohort3
WvKYodJWB8E,5361,25,0,2026-05-14 18:09:51.410980,cohort3
7KK4YdUsrro,4008,50,0,2026-05-14 18:09:51.410980,cohort3
FNyE65wSiHU,19363,0,57,2026-05-14 18:09:51.410980,cohort3
T_UiMBuz-7c,7869,191,3,2026-05-14 18:09:51.410980,cohort3
1K_ef78I-cs,21147,38,0,2026-05-14 18:09:51.410980,cohort3
5034udlayJQ,39654,111,1,2026-05-14 18:09:51.410980,cohort3
JKQrM8LAkRE,3459,0,2,2026-05-14 18:09:51.410980,cohort3
A0TZh9YSeUI,4331,16,0,2026-05-14 18:09:51.410980,cohort3
gO3V_8KY3b0,13198,45,5,2026-05-14 18:09:51.410980,cohort3
u7TFph_gQTY,5053,30,1,2026-05-14 18:09:51.410980,cohort3
xl8d10ISvG4,12088,272,6,2026-05-14 18:09:51.410980,cohort3
xgQegicuO3M,7895,586,13,2026-05-14 18:09:51.410980,cohort3
Yzq0fac9PX8,5655,221,0,2026-05-14 18:09:51.410980,cohort3
1I3VCOl4ysQ,6146,114,0,2026-05-14 18:09:51.410980,cohort3
HS0kzb8ylHU,21290,545,2,2026-05-14 18:09:51.410980,cohort3
qf4Gs6L1DUw,3463,69,10,2026-05-14 18:09:51.410980,cohort3
N51SyUqi1Ww,5460,50,0,2026-05-14 18:09:51.410980,cohort3
r6d_yvGCkdE,46952,463,140,2026-05-14 18:09:51.410980,cohort3
c8bCRfz9mwM,5419,30,14,2026-05-14 18:09:51.410980,cohort3
EzyDbu-KYXs,10383,401,35,2026-05-14 18:09:51.410980,cohort3
LgcXsJEilDo,8219,287,7,2026-05-14 18:09:51.410980,cohort3
1QG6FjY2AEs,17879,821,82,2026-05-14 18:09:51.410980,cohort3
LWcdv8IfI5c,16846,986,5,2026-05-14 18:09:51.410980,cohort3
Q8Sc_05ajBo,4322,34,0,2026-05-14 18:09:51.410980,cohort3
QRdOqeBtTZE,3085,94,0,2026-05-14 18:09:51.410980,cohort3
vEomourPKSg,717946,9295,37,2026-05-14 18:09:51.410980,cohort3
28bbsKcpR-U,3181,96,2,2026-05-14 18:09:51.410980,cohort3
a7gmO1BB72A,3298,52,8,2026-05-14 18:09:51.410980,cohort3
IzayoH-c3Y0,65867,1348,6,2026-05-14 18:09:51.410980,cohort3
aUzQQScII0E,11104,105,2,2026-05-14 18:09:51.410980,cohort3
uhVzRthZ2y8,2673,0,2,2026-05-14 18:09:51.410980,cohort3
9VcET-JR-l4,11513,0,7,2026-05-14 18:09:51.410980,cohort3
TMEMDflzptE,1258,53,9,2026-05-14 18:09:51.410980,cohort3
W3KnFSGm-is,3009,25,0,2026-05-14 18:09:51.410980,cohort3
Y7hGLH-w1S0,31059,0,29,2026-05-14 18:09:51.410980,cohort3
qdlW6NrC0lY,9307,100,0,2026-05-14 18:09:51.410980,cohort3
kPxIBP_X2Ao,1536,69,7,2026-05-14 18:09:51.410980,cohort3
6kaSRDa_-iE,3799,188,11,2026-05-14 18:09:51.410980,cohort3
fvBKpxS_tLU,2204,53,4,2026-05-14 18:09:51.410980,cohort3
QRXphcwc_zc,1544,32,2,2026-05-14 18:09:51.410980,cohort3
9o0kLocjyeo,1428,34,1,2026-05-14 18:09:51.410980,cohort3
3Zp56JVI4U4,4490,244,8,2026-05-14 18:09:51.410980,cohort3
Yq8G-i9imX8,5302,38,0,2026-05-14 18:09:51.410980,cohort3
GMKsqOkrryc,29205,807,4,2026-05-14 18:09:51.410980,cohort3
6FZ8A43m8Rg,3350,268,7,2026-05-14 18:09:51.410980,cohort3
JdSEetzVY8U,5559,31,1,2026-05-14 18:09:51.410980,cohort3
Co6WstKZoMo,2571,48,0,2026-05-14 18:09:51.410980,cohort3
0y71_9fQuI0,993,21,0,2026-05-14 18:09:51.410980,cohort3
Y_hnAMTtgkE,897,26,0,2026-05-14 18:09:51.410980,cohort3
nkydxta3qlE,1639,12,0,2026-05-14 18:09:51.410980,cohort3
HwgjpETU3kQ,5821,23,0,2026-05-14 18:09:51.410980,cohort3
ClhLO8o5eRo,12130,651,13,2026-05-14 18:09:51.410980,cohort3
OnPBmf2Jvyc,901,12,4,2026-05-14 18:09:51.410980,cohort3
ACFNRfV4l50,7509,41,0,2026-05-14 18:09:51.410980,cohort3
9HK_T7qsR_8,5375,255,6,2026-05-14 18:09:51.410980,cohort3
NU4s4iD5YC0,2877,28,7,2026-05-14 18:09:51.410980,cohort3
GWvG4nX-NHM,1057,50,0,2026-05-14 18:09:51.410980,cohort3
20ZF4aaXqn8,2468,15,1,2026-05-14 18:09:51.410980,cohort3
LzgUtaCtofw,1915,12,0,2026-05-14 18:09:51.410980,cohort3
rrEOxchfbLk,1702,65,10,2026-05-14 18:09:51.410980,cohort3
5m_hVuNUK2Y,7287,39,0,2026-05-14 18:09:51.410980,cohort3
h_P1_Q3sZ1Y,23031,1118,5,2026-05-14 18:09:51.410980,cohort3
jgfmmPpHBb0,2076,16,0,2026-05-14 18:09:51.410980,cohort3
i9z19FoOVmc,23382,2895,206,2026-05-14 18:09:51.410980,cohort3
u9lKPGfNOnI,10834,195,0,2026-05-14 18:09:51.410980,cohort3
NFwiUtyFQac,1891,50,2,2026-05-14 18:09:51.410980,cohort3
QVkelJjEnMk,1135,33,0,2026-05-14 18:09:51.410980,cohort3
SeQP9MRmz8o,3542,264,6,2026-05-14 18:09:51.410980,cohort3
FcO0H0qgmCA,1532,53,3,2026-05-14 18:09:51.410980,cohort3
w4cYUu8EOYQ,1973,28,0,2026-05-14 18:09:51.410980,cohort3
j93ssOoHX-A,1178,10,2,2026-05-14 18:09:51.410980,cohort3
CnfbB7fSOF8,1396,25,1,2026-05-14 18:09:51.410980,cohort3
wqkhoaAGTfs,1153,5,0,2026-05-14 18:09:51.410980,cohort3
BiIcQciyVB8,1418,0,2,2026-05-14 18:09:51.410980,cohort3
1r8dwTYGNSk,3402,183,3,2026-05-14 18:09:51.410980,cohort3
ZrXpXQvjcQQ,2752,65,12,2026-05-14 18:09:51.410980,cohort3
Xur7XgOl_yA,983,1,0,2026-05-14 18:09:51.410980,cohort3
u32RFc_9pfM,2548,104,3,2026-05-14 18:09:51.410980,cohort3
lEHEnK1bduA,1091,12,0,2026-05-14 18:09:51.410980,cohort3
5KOpzd0TEy8,1459,16,0,2026-05-14 18:09:51.410980,cohort3
EjcuQGPt1R0,1039,6,0,2026-05-14 18:09:51.410980,cohort3
hbcGLmkW_-o,1396,58,36,2026-05-14 18:09:51.410980,cohort3
AHRoWLpTs1Q,1162,14,0,2026-05-14 18:09:51.410980,cohort3
JUOOcUHYLn0,15489,300,3,2026-05-14 18:09:51.410980,cohort3
41pazsoQsKc,1087,10,0,2026-05-14 18:09:51.410980,cohort3
7zGi37_Mo-M,80028,523,0,2026-05-14 18:09:51.410980,cohort3
MyFNOo1_GKg,28237,175,6,2026-05-14 18:09:51.410980,cohort3
6iGOhNr9-Ko,20691,303,21,2026-05-14 18:09:51.410980,cohort3
kYjC2EAQMaE,1847,76,1,2026-05-14 18:09:51.410980,cohort3
3nxJt1ticUA,2806,4,0,2026-05-14 18:09:51.410980,cohort3
WouyFAMASzY,892,8,0,2026-05-14 18:09:51.410980,cohort3
c9W2QvR2R3s,1259,21,0,2026-05-14 18:09:51.410980,cohort3
R4Q86Hhs9zE,4486,72,3,2026-05-14 18:09:51.410980,cohort3
yMlw2IrGlIo,732,0,0,2026-05-14 18:09:51.410980,cohort3
FMRGBRCqg_s,1524,20,1,2026-05-14 18:09:51.410980,cohort3
TgVHw74SKAI,1128,17,0,2026-05-14 18:09:51.410980,cohort3
RnOwfKZvffw,7341,320,2,2026-05-14 18:09:51.410980,cohort3
GqcfZHiXJMA,5975,69,1,2026-05-14 18:09:51.410980,cohort3
IRjofNhuNeQ,2636,27,0,2026-05-14 18:09:51.410980,cohort3
0EmFi6I4qkQ,3798,164,4,2026-05-14 18:09:51.410980,cohort3
f5eSl4dosW8,5530,686,11,2026-05-14 18:09:51.410980,cohort3
W2VbetxSgcg,4373,208,8,2026-05-14 18:09:51.410980,cohort3
nCmDTuykDNE,2694,103,6,2026-05-14 18:09:51.410980,cohort3
pIXV1-kNi2c,1262,78,4,2026-05-14 18:09:51.410980,cohort3
CozvUZg2uBg,1254,37,13,2026-05-14 18:09:51.410980,cohort3
PCLJT8XxKe8,2943,16,0,2026-05-14 18:09:51.410980,cohort3
wj4MXY7tMnI,983,42,0,2026-05-14 18:09:51.410980,cohort3
x-uMJCmzyL4,1264,12,1,2026-05-14 18:09:51.410980,cohort3
wtiK8FpQLs8,1003,23,3,2026-05-14 18:09:51.410980,cohort3
6BIPEdM8MY8,1775,52,3,2026-05-14 18:09:51.410980,cohort3
Cjn-3BYO3rY,15156,71,0,2026-05-14 18:09:51.410980,cohort3
vUL-pF-Lp6Q,1483,22,4,2026-05-14 18:09:51.410980,cohort3
JZDMT_gjetA,1820,16,1,2026-05-14 18:09:51.410980,cohort3
C23ATAn5M3U,691,11,1,2026-05-14 18:09:51.410980,cohort3
rbAvc2bNelQ,5047,121,2,2026-05-14 18:09:51.410980,cohort3
6HsbJ7z5ctI,1630,29,0,2026-05-14 18:09:51.410980,cohort3
hAtKWR-1pEs,19260,485,0,2026-05-14 18:09:51.410980,cohort3
NCdoTXYsP_A,1315,0,0,2026-05-14 18:09:51.410980,cohort3
Vb5RADCkce8,952,31,0,2026-05-14 18:09:51.410980,cohort3
0snHIFYRrOo,3625,3,0,2026-05-14 18:09:51.410980,cohort3
1U_B9mn_pzk,1146,27,2,2026-05-14 18:09:51.410980,cohort3
wwfWbtGt4T8,1347,11,0,2026-05-14 18:09:51.410980,cohort3
ZtyawLxEZpI,1499,46,1,2026-05-14 18:09:51.410980,cohort3
VpfZv0CsRoA,779,7,0,2026-05-14 18:09:51.410980,cohort3
gCGWzckiahI,1274,19,0,2026-05-14 18:09:51.410980,cohort3
Vev-BMcXHho,1389,17,2,2026-05-14 18:09:51.410980,cohort3
pggjv6EZRu4,3012,45,0,2026-05-14 18:09:51.410980,cohort3
tThXHX6KekA,1151,43,0,2026-05-14 18:09:51.410980,cohort3
UMdUjZomNsU,1035,34,0,2026-05-14 18:09:51.410980,cohort3
eKzb1RKYSUM,1936,17,0,2026-05-14 18:09:51.410980,cohort3
JgqiD7TKJX4,1463,4,0,2026-05-14 18:09:51.410980,cohort3
OYCSDuV3_fY,25023,0,4,2026-05-14 18:09:51.410980,cohort3
uuRSIghKJ8s,1275,22,2,2026-05-14 18:09:51.410980,cohort3
tVVN5rfFcpI,1548,17,5,2026-05-14 18:09:51.410980,cohort3
Xv9DUx1NoDw,49389,228,48,2026-05-14 18:09:51.410980,cohort3
VBJoaZXapAg,8393,763,27,2026-05-14 18:09:51.410980,cohort3
UHoU2jGoHiY,1700,0,3,2026-05-14 18:09:51.410980,cohort3
QcBLVviuFns,20086,91,4,2026-05-14 18:09:51.410980,cohort3
fRv8KKbyPNQ,5632,305,21,2026-05-14 18:09:51.410980,cohort3
M7KyduM8WA4,5791,60,6,2026-05-14 18:09:51.410980,cohort3
y89mRR2jby4,818,8,6,2026-05-14 18:09:51.410980,cohort3
S9XMknRveG0,6350,9,0,2026-05-14 18:09:51.410980,cohort3
MA76_CJ63xY,3896,25,1,2026-05-14 18:09:51.410980,cohort3
oFvdABEfMCY,1478,34,0,2026-05-14 18:09:51.410980,cohort3
4lTm24zr_JQ,6218,242,1,2026-05-14 18:09:51.410980,cohort3
lOCar5PWRB4,3272,27,5,2026-05-14 18:09:51.410980,cohort3
SMH2HgXPC6k,12227,305,1,2026-05-14 18:09:51.410980,cohort3
BwZUvus7RMA,12536,16,1,2026-05-14 18:09:51.410980,cohort3
03_e2NIlDT8,803,66,22,2026-05-14 18:09:51.410980,cohort3
Cm4ymJFaTC0,1555,26,1,2026-05-14 18:09:51.410980,cohort3
mGAvwIVwekM,28873,0,21,2026-05-14 18:09:51.410980,cohort3
AahJtOM0hGA,1362,61,4,2026-05-14 18:09:51.410980,cohort3
AuDUu1V5Re8,5102,35,0,2026-05-14 18:09:51.410980,cohort3
AFNNIGP6kks,16211,19,0,2026-05-14 18:09:51.410980,cohort3
yOW1GzpaFAw,33733,189,2,2026-05-14 18:09:51.410980,cohort3
NA1e_JYfPI0,9939,204,0,2026-05-14 18:09:51.410980,cohort3
leYD-nmMeBI,19972,114,0,2026-05-14 18:09:51.410980,cohort3
UKIYr0bkvKo,11033,0,0,2026-05-14 18:09:51.410980,cohort3
U7kKKGLCyow,6326,110,2,2026-05-14 18:09:51.410980,cohort3
GAls3kX-EJg,1368,128,38,2026-05-14 18:09:51.410980,cohort3
1SinRmfSX6A,71833,151,0,2026-05-14 18:09:51.410980,cohort3
RBPPWEFIuAc,2357,23,2,2026-05-14 18:09:51.410980,cohort3
iiWNKfPrnM8,642,0,5,2026-05-14 18:09:51.410980,cohort3
xcCqwINGNg8,27344,119,131,2026-05-14 18:09:51.410980,cohort3
ZBnRHPhlumM,421,25,14,2026-05-14 18:09:51.410980,cohort3
uSsuA2zjPKg,29728,127,0,2026-05-14 18:09:51.410980,cohort3
i2PmasH5y9k,15182,212,89,2026-05-14 18:09:51.410980,cohort3
XsT0jJTCJgc,1330,20,2,2026-05-14 18:09:51.410980,cohort3
lB7NBsPpqJ0,2477,144,1,2026-05-14 18:09:51.410980,cohort3
gLR2W1FJ8P0,573,6,1,2026-05-14 18:09:51.410980,cohort3
Od4mfgOFaqg,1154,169,23,2026-05-14 18:09:51.410980,cohort3
2aCu6ux25MI,792,1,0,2026-05-14 18:09:51.410980,cohort3
l0DI2iB9ldw,2240,8,3,2026-05-14 18:09:51.410980,cohort3
g3fEtSyQloo,2084,9,0,2026-05-14 18:09:51.410980,cohort3
Q3kRndcte0E,62798,644,2,2026-05-14 18:09:51.410980,cohort3
Vo1vv_Ym5Cc,3619,114,1,2026-05-14 18:09:51.410980,cohort3
w3d9nSdTGRM,717,5,5,2026-05-14 18:09:51.410980,cohort3
_ORVex7RgzM,12369,197,1,2026-05-14 18:09:51.410980,cohort3
Gn-mNHd7TXk,328,0,2,2026-05-14 18:09:51.410980,cohort3
LLmASTg5zTA,195,4,0,2026-05-14 18:09:51.410980,cohort3
kpg781AgU9k,19,3,0,2026-05-14 18:09:51.410980,cohort3
fH31AerO5ug,1346,46,8,2026-05-14 18:09:51.410980,cohort3
H76uwtIK1os,116,4,0,2026-05-14 18:09:51.410980,cohort3
ME1MlJrfHb4,1052,11,0,2026-05-14 18:09:51.410980,cohort3
0TeTLQd_Kgk,4764,118,5,2026-05-14 18:09:51.410980,cohort3
3OMGaTmBCvQ,217,0,0,2026-05-14 18:09:51.410980,cohort3
fQmxUC8Di9E,2775,228,0,2026-05-14 18:09:51.410980,cohort3
ddfqymtwp6E,801,8,0,2026-05-14 18:09:51.410980,cohort3
p-AFzTLnii0,1304,8,0,2026-05-14 18:09:51.410980,cohort3
BBLOOKAzogo,10209,196,4,2026-05-14 18:09:51.410980,cohort3
SVOkqzzftNc,23449,19,0,2026-05-14 18:09:51.410980,cohort3
ul965bFb60Q,34963,0,2,2026-05-14 18:09:51.410980,cohort3
7DQBb4TSuFg,37381,290,1,2026-05-14 18:09:51.410980,cohort3
FY0b8kfAWqE,25086,520,29,2026-05-14 18:09:51.410980,cohort3
HpW0hFFUfzM,23641,1900,2,2026-05-14 18:09:51.410980,cohort3
BZAK7bPZRIk,118046,2685,14,2026-05-14 18:09:51.410980,cohort3
NiFzocRzTnA,1369233,25522,314,2026-05-14 18:09:51.410980,cohort3
EkzAJE9jCMI,32154,685,0,2026-05-14 18:09:51.410980,cohort3
fKzhDNkNHgY,16207,55,0,2026-05-14 18:09:51.410980,cohort3
KokmUFJhgOE,140498,7131,41,2026-05-14 18:09:51.410980,cohort3
2XfipfdRetU,17766,270,1,2026-05-14 18:09:51.410980,cohort3
GG5Xop0s-Ss,24009,98,0,2026-05-14 18:09:51.410980,cohort3
LPA4ajdgboQ,33323,947,54,2026-05-14 18:09:51.410980,cohort3
XleHdxX7c1o,20211,250,12,2026-05-14 18:09:51.410980,cohort3
xq3JtqC2tic,22626,409,3,2026-05-14 18:09:51.410980,cohort3
-pzEgeUEUJI,31126,151,0,2026-05-14 18:09:51.410980,cohort3
t62ES0itVWA,48153,267,0,2026-05-14 18:09:51.410980,cohort3
2kru4OOwgs8,38698,245,13,2026-05-14 18:09:51.410980,cohort3
HEgID7liLxk,13269,607,11,2026-05-14 18:09:51.410980,cohort3
Y7bkcfBLQvs,37861,81,1,2026-05-14 18:09:51.410980,cohort3
AYveM58k934,7848,98,5,2026-05-14 18:09:51.410980,cohort3
pfPskj9X5RQ,7335,90,11,2026-05-14 18:09:51.410980,cohort3
Z8L3kUjfzII,48631,594,9,2026-05-14 18:09:51.410980,cohort3
ftWyAkuA9A0,11629,67,1,2026-05-14 18:09:51.410980,cohort3
6l0IAaeQV9o,10846,88,4,2026-05-14 18:09:51.410980,cohort3
RqTZOQYeSj8,21556,416,1,2026-05-14 18:09:51.410980,cohort3
4KhF-pf3yTQ,3676,63,3,2026-05-14 18:09:51.410980,cohort3
T6GNRDi5b3Y,7220,226,18,2026-05-14 18:09:51.410980,cohort3
tnDGeZGeUWI,12074,7,0,2026-05-14 18:09:51.410980,cohort3
IDZ2lFb2wTM,4083,22,0,2026-05-14 18:09:51.410980,cohort3
D58uQP2HG94,38282,194,0,2026-05-14 18:09:51.410980,cohort3
ifqkEvuqHbI,127373,2121,17,2026-05-14 18:09:51.410980,cohort3
lzaOLtEOqgI,23251,34,1,2026-05-14 18:09:51.410980,cohort3
PUI3hPRXTEQ,5354,24,0,2026-05-14 18:09:51.410980,cohort3
15JwNKYy6Vg,34032,999,79,2026-05-14 18:09:51.410980,cohort3
RvJAtMuBV5g,11884,101,0,2026-05-14 18:09:51.410980,cohort3
Es8bRaKZHkQ,1699,27,0,2026-05-14 18:09:51.410980,cohort3
gm-iEVxl5Ew,2002,22,8,2026-05-14 18:09:51.410980,cohort3
FyckdNPkmVk,18686,239,3,2026-05-14 18:09:51.410980,cohort3
0spHr4gCY4w,7343,0,1,2026-05-14 18:09:51.410980,cohort3
_GWFMlcwnF8,6983,19,0,2026-05-14 18:09:51.410980,cohort3
QmorWWrDL04,30115,0,182,2026-05-14 18:09:51.410980,cohort3
Q8XB2RQ3ROI,1593,10,1,2026-05-14 18:09:51.410980,cohort3
6ifUbpbI55M,7153,46,2,2026-05-14 18:09:51.410980,cohort3
bL7XBZJboNM,9617,90,2,2026-05-14 18:09:51.410980,cohort3
GyrTFM9gmXY,2333,28,0,2026-05-14 18:09:51.410980,cohort3
a2XfZ4VXvGA,2250,27,0,2026-05-14 18:09:51.410980,cohort3
gRV8O-JrxOY,5006,191,19,2026-05-14 18:09:51.410980,cohort3
TJveAqdT5EA,1751,26,0,2026-05-14 18:09:51.410980,cohort3
mDYRXJ0p4PQ,1238,18,0,2026-05-14 18:09:51.410980,cohort3
5y8TUm2aD0o,13788,72,0,2026-05-14 18:09:51.410980,cohort3
p9UYqskIoQA,20485,731,18,2026-05-14 18:09:51.410980,cohort3
xzKUi93pPHA,23178,1266,48,2026-05-14 18:09:51.410980,cohort3
rT-NLSHcE9s,4191,39,0,2026-05-14 18:09:51.410980,cohort3
-_mHx7Ft5wU,1185,43,1,2026-05-14 18:09:51.410980,cohort3
AlSZCsLEIgs,1429,30,0,2026-05-14 18:09:51.410980,cohort3
r3gidU4xS7I,1113,0,0,2026-05-14 18:09:51.410980,cohort3
uilr_SZtOUI,8017,249,7,2026-05-14 18:09:51.410980,cohort3
7D9WIfmzntE,2998,125,4,2026-05-14 18:09:51.410980,cohort3
64Kgdkeu624,1899,31,1,2026-05-14 18:09:51.410980,cohort3
8DQIdUPSTSI,1408,16,3,2026-05-14 18:09:51.410980,cohort3
QZsiQ82Z2NQ,11459,123,0,2026-05-14 18:09:51.410980,cohort3
f3rQ9mfaMTQ,1027,26,1,2026-05-14 18:09:51.410980,cohort3
gZeUZ59Isp0,1031,56,4,2026-05-14 18:09:51.410980,cohort3
L7Z0xXi8K7c,927,28,0,2026-05-14 18:09:51.410980,cohort3
1CumQ1UO9IE,14087,320,5,2026-05-14 18:09:51.410980,cohort3
ehJEp8UBqVI,717,4,1,2026-05-14 18:09:51.410980,cohort3
llkjHbzopc8,68899,704,4,2026-05-14 18:09:51.410980,cohort3
6MTTJ_sesws,8720,451,9,2026-05-14 18:09:51.410980,cohort3
ES7Fm2NxK0Y,1266,50,1,2026-05-14 18:09:51.410980,cohort3
hPspv_cG0T4,1527,14,2,2026-05-14 18:09:51.410980,cohort3
gMoqx9_XKWA,12931,150,1,2026-05-14 18:09:51.410980,cohort3
fKQ_8fCJiBQ,1415,34,3,2026-05-14 18:09:51.410980,cohort3
erHoZyk8jOU,8627,176,12,2026-05-14 18:09:51.410980,cohort3
JFi0y0ee9C0,34612,0,1,2026-05-14 18:09:51.410980,cohort3
TUR6yFb7sVI,1661,149,22,2026-05-14 18:09:51.410980,cohort3
UrRo4FbJfgI,1148,97,3,2026-05-14 18:09:51.410980,cohort3
p9hMaOcN-h0,861,11,1,2026-05-14 18:09:51.410980,cohort3
BPzQ7h1WteM,968,19,1,2026-05-14 18:09:51.410980,cohort3
Myf61iqyVaI,438,12,0,2026-05-14 18:09:51.410980,cohort3
ODkYVR6PR5U,1635,44,0,2026-05-14 18:09:51.410980,cohort3
NLIVrkP2KnQ,906,9,1,2026-05-14 18:09:51.410980,cohort3
htdw_jINtxY,1764,68,0,2026-05-14 18:09:51.410980,cohort3
bkuCXbCczuo,1282,21,3,2026-05-14 18:09:51.410980,cohort3
oiCnT4xsyvE,1187,0,7,2026-05-14 18:09:51.410980,cohort3
VVXPeqoXlag,1573,0,0,2026-05-14 18:09:51.410980,cohort3
4tNYDcnwu3Q,1858,99,2,2026-05-14 18:09:51.410980,cohort3
5Q0RrkIzGWE,7099,1346,21,2026-05-14 18:09:51.410980,cohort3
w9ns9UkSACY,5378,497,17,2026-05-14 18:09:51.410980,cohort3
tEaHmIkAOKc,16031,330,2,2026-05-14 18:09:51.410980,cohort3
L6RkCe94EOw,9377,29,0,2026-05-14 18:09:51.410980,cohort3
J8IaK5crBY0,990,7,5,2026-05-14 18:09:51.410980,cohort3
qlytOiz-VF8,1301,0,0,2026-05-14 18:09:51.410980,cohort3
qxv2nKYBfh4,1930,52,0,2026-05-14 18:09:51.410980,cohort3
FCHM-DT1Ock,1702,101,1,2026-05-14 18:09:51.410980,cohort3
Q2s6CtBHfYI,1373,91,0,2026-05-14 18:09:51.410980,cohort3
qMLjDg_97sE,4032,795,2,2026-05-14 18:09:51.410980,cohort3
gmDwY9pQY0Q,1335,10,0,2026-05-14 18:09:51.410980,cohort3
UCjM3nxuVMM,5876,124,2,2026-05-14 18:09:51.410980,cohort3
t1poaYGbWTw,8454,323,2,2026-05-14 18:09:51.410980,cohort3
ezTli7RpPqY,15328,165,3,2026-05-14 18:09:51.410980,cohort3
2lFRLhVD36U,1169,30,2,2026-05-14 18:09:51.410980,cohort3
2nkDz8c6ghs,19607,478,4,2026-05-14 18:09:51.410980,cohort3
GIodLy2v0Gg,15236,263,21,2026-05-14 18:09:51.410980,cohort3
3MROV7dmDro,1000,5,30,2026-05-14 18:09:51.410980,cohort3
XPyeNk4z3zM,1202,27,1,2026-05-14 18:09:51.410980,cohort3
H73zNMTUSP8,1829,3,0,2026-05-14 18:09:51.410980,cohort3
0K5uLUciFvg,13285,663,5,2026-05-14 18:09:51.410980,cohort3
oiPURPJ2L8Q,1817,29,2,2026-05-14 18:09:51.410980,cohort3
RdkoKXZlJSE,3419,33,8,2026-05-14 18:09:51.410980,cohort3
pjGAIeUFpyM,1560,13,3,2026-05-14 18:09:51.410980,cohort3
dS04a5QmpHU,1851,12,0,2026-05-14 18:09:51.410980,cohort3
G7qLJx2bUwg,849,12,1,2026-05-14 18:09:51.410980,cohort3
OxsLu4Z4dYs,2984,218,11,2026-05-14 18:09:51.410980,cohort3
5cua3o5_Nto,3218,148,5,2026-05-14 18:09:51.410980,cohort3
ZhOy452QEhc,723,0,0,2026-05-14 18:09:51.410980,cohort3
oJ00_Ogk8mY,617,14,2,2026-05-14 18:09:51.410980,cohort3
SxQVvPNVehQ,501,9,0,2026-05-14 18:09:51.410980,cohort3
XfW0ok-dGmY,1522,26,0,2026-05-14 18:09:51.410980,cohort3
hUKo0Ly7Zig,1181,8,1,2026-05-14 18:09:51.410980,cohort3
Ew3CvarawWs,1055,27,2,2026-05-14 18:09:51.410980,cohort3
QMEFDCwqm0s,6780,4,2,2026-05-14 18:09:51.410980,cohort3
1Hi9TY_eJII,558,18,0,2026-05-14 18:09:51.410980,cohort3
8cs696P3BpU,11544,992,13,2026-05-14 18:09:51.410980,cohort3
SloMOQO7pDg,1886,11,3,2026-05-14 18:09:51.410980,cohort3
SiG-Y1mmBLA,4240,54,6,2026-05-14 18:09:51.410980,cohort3
tI5tBoWqCJA,940,8,0,2026-05-14 18:09:51.410980,cohort3
kKZu--8v9Ds,1459,18,0,2026-05-14 18:09:51.410980,cohort3
XnLHo4i1wkc,1659,38,1,2026-05-14 18:09:51.410980,cohort3
TjlT20vAO7k,4503,0,10,2026-05-14 18:09:51.410980,cohort3
lhMfCZeTQrY,1954,118,0,2026-05-14 18:09:51.410980,cohort3
OXjwdWH_pA8,915,4,1,2026-05-14 18:09:51.410980,cohort3
XPopb1yeA1Q,1116,6,0,2026-05-14 18:09:51.410980,cohort3
iXBMW4H7HwM,583,26,1,2026-05-14 18:09:51.410980,cohort3
4ybERjlkXio,21059,558,386,2026-05-14 18:09:51.410980,cohort3
XMCAWqA3svU,2839,81,5,2026-05-14 18:09:51.410980,cohort3
Zu7DFEVVwDs,16872,979,7,2026-05-14 18:09:51.410980,cohort3
BqDNAWGRIGg,786,16,0,2026-05-14 18:09:51.410980,cohort3
1Ocl4IeaBe4,672,9,2,2026-05-14 18:09:51.410980,cohort3
wl4g30KZ9IY,7760,97,3,2026-05-14 18:09:51.410980,cohort3
a9ENeZxG3Mw,956,9,0,2026-05-14 18:09:51.410980,cohort3
W9OQZ7gyH2E,861,20,4,2026-05-14 18:09:51.410980,cohort3
KOSkdUG-viY,947,21,4,2026-05-14 18:09:51.410980,cohort3
ZYCoMHvmMaw,748,12,0,2026-05-14 18:09:51.410980,cohort3
Xo1Xi0ykq1o,745,19,1,2026-05-14 18:09:51.410980,cohort3
pTZLcOSGTrc,4937,2300,1,2026-05-14 18:09:51.410980,cohort3
QGBvAZRjs-g,895,16,1,2026-05-14 18:09:51.410980,cohort3
ukZcDV__XWU,148910,7986,96,2026-05-14 18:09:51.410980,cohort3
9Iq-Ajbb5QA,1571,9,1,2026-05-14 18:09:51.410980,cohort3
N1BNFntSEus,1679,23,3,2026-05-14 18:09:51.410980,cohort3
lc7G3tPZoZo,885,32,2,2026-05-14 18:09:51.410980,cohort3
O5278vm1LCE,56565,0,4,2026-05-14 18:09:51.410980,cohort3
BYs0UUY7yL4,1264,20,2,2026-05-14 18:09:51.410980,cohort3
X3D4ooGVTgs,4337,15,1,2026-05-14 18:09:51.410980,cohort3
UbElea09niQ,1356,26,3,2026-05-14 18:09:51.410980,cohort3
a7vB4aVUTv0,1026,45,5,2026-05-14 18:09:51.410980,cohort3
lxxXtPsjGwc,4810,245,5,2026-05-14 18:09:51.410980,cohort3
5dirbmBGWsI,20184,287,3,2026-05-14 18:09:51.410980,cohort3
HOD7kbC0i-g,12857,461,16,2026-05-14 18:09:51.410980,cohort3
lzCX0HaMcGk,17507,406,31,2026-05-14 18:09:51.410980,cohort3
jzJ33aJidxQ,21614,222,4,2026-05-14 18:09:51.410980,cohort3
QNv0Rqs3tf0,5643,298,11,2026-05-14 18:09:51.410980,cohort3
iurHOCgjbDQ,1172,21,1,2026-05-14 18:09:51.410980,cohort3
2fJvalZKwjk,1363,25,13,2026-05-14 18:09:51.410980,cohort3
NRkxlmdY2iw,7087,15,1,2026-05-14 18:09:51.410980,cohort3
Nox_lBickmI,9694,14,1,2026-05-14 18:09:51.410980,cohort3
vQtUO8cHDLk,2803,0,10,2026-05-14 18:09:51.410980,cohort3
FAEo58E9dD0,1649,79,1,2026-05-14 18:09:51.410980,cohort3
-I2IlBdbDe8,4058,384,2,2026-05-14 18:09:51.410980,cohort3
FBZSv3aVRZ0,807,32,0,2026-05-14 18:09:51.410980,cohort3
3fIszJG6vHk,670,20,1,2026-05-14 18:09:51.410980,cohort3
XOxAWB5tzEE,89,1,0,2026-05-14 18:09:51.410980,cohort3
QYBbqwTFZs4,3705,10,0,2026-05-14 18:09:51.410980,cohort3
ggNx1s-VMZg,12122,0,1,2026-05-14 18:09:51.410980,cohort3
d_Q02W4Zp0c,10,0,1,2026-05-14 18:09:51.410980,cohort3
fKEwvsGsAjM,691,12,2,2026-05-14 18:09:51.410980,cohort3
05itaSVjK8g,1563,35,2,2026-05-14 18:09:51.410980,cohort3
Ih9NnTsRGH0,1187,25,0,2026-05-14 18:09:51.410980,cohort3
sws-sdRdgCs,1168,9,5,2026-05-14 18:09:51.410980,cohort3
-VB0fBeorzs,777,6,0,2026-05-14 18:09:51.410980,cohort3
1WFLyMPX4ks,714,46,1,2026-05-14 18:09:51.410980,cohort3
4Y5yuNy-GQA,1146,25,4,2026-05-14 18:09:51.410980,cohort3
80Vn8FwZf8Q,4207,83,0,2026-05-14 18:09:51.410980,cohort3
u6a7zWC_XKI,10,5,1,2026-05-14 18:09:51.410980,cohort3
So5oVZ5gemg,1824,13,2,2026-05-14 18:09:51.410980,cohort3
LzT7ciHpEKU,557,7,14,2026-05-14 18:09:51.410980,cohort3
mz80VLi1aD0,55407,705,5,2026-05-14 18:09:51.410980,cohort3
rDpjl8r5xNY,852,32,2,2026-05-14 18:09:51.410980,cohort3
e88hd3BvnoA,587,23,1,2026-05-14 18:09:51.410980,cohort3
p0-Q7n70aX0,28582,241,7,2026-05-14 18:09:51.410980,cohort3
y8EGoWNOxg0,931,7,0,2026-05-14 18:09:51.410980,cohort3
zbakUHiTx3g,842,46,2,2026-05-14 18:09:51.410980,cohort3
Q8Usqrz3bo8,3546,43,5,2026-05-14 18:09:51.410980,cohort3
9TR_iXK1DPM,5,1,0,2026-05-14 18:09:51.410980,cohort3
vEU_RoFw5jc,4067,437,1,2026-05-14 18:09:51.410980,cohort3
LmRX5YJaPb0,673,19,0,2026-05-14 18:09:51.410980,cohort3
b76UmpNF578,1288,1,0,2026-05-14 18:09:51.410980,cohort3
-FW8oVEM3n4,247,5,0,2026-05-14 18:09:51.410980,cohort3
pVV-GvyWCMo,5128,8,0,2026-05-14 18:09:51.410980,cohort3
9zXjf4VtY00,22,0,0,2026-05-14 18:09:51.410980,cohort3
7dXRaCP7u08,15,1,0,2026-05-14 18:09:51.410980,cohort3
tUeyb-y9CuI,119,16,0,2026-05-14 18:09:51.410980,cohort3
J6xtmdb2MHQ,20245,65,0,2026-05-14 18:09:51.410980,cohort3
3CF6875jJkw,9,4,0,2026-05-14 18:09:51.410980,cohort3
sHT7MonOKpE,2572,8,0,2026-05-14 18:09:51.410980,cohort3
0N3PdupXcgo,1362,11,0,2026-05-14 18:09:51.410980,cohort3
MQYYCp4o5DM,305,2,0,2026-05-14 18:09:51.410980,cohort3
eYeM1a31aRo,1155,28,0,2026-05-14 18:09:51.410980,cohort3
unUvB7ZjmEE,120298,343,2,2026-05-14 18:09:51.410980,cohort3
6v_aN7iLslc,5695,8,0,2026-05-14 18:09:51.410980,cohort3
Ckn0m3h02uE,212,0,0,2026-05-14 18:09:51.410980,cohort3
UyXAyRFNIfI,0,0,0,2026-05-14 18:09:51.410980,cohort3
rCSWnikqLSE,822,30,0,2026-05-14 18:09:51.410980,cohort3
MeoQm5Eg53U,991,1,0,2026-05-14 18:09:51.410980,cohort3
nMyD68QKXSU,1965,9,0,2026-05-14 18:09:51.410980,cohort3
99B9FvP8fD0,942,22,2,2026-05-14 18:09:51.410980,cohort3
td6Sb_GTN8k,746,4,0,2026-05-14 18:09:51.410980,cohort3
mcRyKH1luMc,1128,20,7,2026-05-14 18:09:51.410980,cohort3
2hxeSuAYUhU,1278,93,15,2026-05-14 18:09:51.410980,cohort3
n0z6UTbOL34,2,1,1,2026-05-14 18:09:51.410980,cohort3
hcghNrm4hTQ,1511,35,2,2026-05-14 18:09:51.410980,cohort3
CsC94oRg_4U,1135,28,0,2026-05-14 18:09:51.410980,cohort3
PumKfEnp8Dw,7313,67,0,2026-05-14 18:09:51.410980,cohort3
C5Tr8AD718I,11454,117,0,2026-05-14 18:09:51.410980,cohort3
dh0lh_XS4YE,694,17,0,2026-05-14 18:09:51.410980,cohort3
l9CYwpt3Hj8,232,4,3,2026-05-14 18:09:51.410980,cohort3
1109gqO5oGo,669692,18840,123,2026-05-15 03:48:06.555127,cohort3
oFmD2PbIftA,736109,24676,25,2026-05-15 03:48:06.555127,cohort3
FIjlwByE538,246430,6087,100,2026-05-15 03:48:06.555127,cohort3
KvcxuhWbbSA,240323,28914,197,2026-05-15 03:48:06.555127,cohort3
8nzSD5N2ip8,129248,660,2,2026-05-15 03:48:06.555127,cohort3
Xg8JvTyeWx0,199703,1431,2,2026-05-15 03:48:06.555127,cohort3
Y1_yTNuyqHQ,62657,402,3,2026-05-15 03:48:06.555127,cohort3
WyBG1FZf648,144050,2216,0,2026-05-15 03:48:06.555127,cohort3
VUFud-jmMz8,159230,1635,108,2026-05-15 03:48:06.555127,cohort3
q19jN8Tq9E0,171685,1576,4,2026-05-15 03:48:06.555127,cohort3
Q_yg2CxvGlw,65856,503,1,2026-05-15 03:48:06.555127,cohort3
zHkcFTFmKyY,213459,5885,52,2026-05-15 03:48:06.555127,cohort3
0yOf48MRCIY,79319,241,0,2026-05-15 03:48:06.555127,cohort3
rGU3yh7lpZk,58997,1137,300,2026-05-15 03:48:06.555127,cohort3
pYcZ9vZFrxM,61293,795,0,2026-05-15 03:48:06.555127,cohort3
R-R6W9GHMRk,30026,345,0,2026-05-15 03:48:06.555127,cohort3
IGpatKX-31M,161868,7414,66,2026-05-15 03:48:06.555127,cohort3
OwLH9rBDov0,55985,1431,11,2026-05-15 03:48:06.555127,cohort3
YEpIh5Yxokw,199948,1224,166,2026-05-15 03:48:06.555127,cohort3
NXBTs29o9Gg,20560,107,1,2026-05-15 03:48:06.555127,cohort3
gJA5y-IMAjY,185832,4798,13,2026-05-15 03:48:06.555127,cohort3
txBVIsLzQWw,25752,311,10,2026-05-15 03:48:06.555127,cohort3
8jkuLdsL4oo,47062,541,10,2026-05-15 03:48:06.555127,cohort3
L3xEAoyytak,43364,158,0,2026-05-15 03:48:06.555127,cohort3
CU3tv6GxuBE,79597,463,6,2026-05-15 03:48:06.555127,cohort3
M4cS4JpUi3o,45174,154,1,2026-05-15 03:48:06.555127,cohort3
el22dLXLTu4,21360,0,1,2026-05-15 03:48:06.555127,cohort3
jZgiOKhWpU0,52755,122,11,2026-05-15 03:48:06.555127,cohort3
rMXdW6EVyBM,17834,443,63,2026-05-15 03:48:06.555127,cohort3
VU32Dbqwv6A,430238,19740,69,2026-05-15 03:48:06.555127,cohort3
cboM6w8VVoM,85991,9069,184,2026-05-15 03:48:06.555127,cohort3
Dym9-kWiInM,10439,261,2,2026-05-15 03:48:06.555127,cohort3
cvQicVgPqTI,129239,427,0,2026-05-15 03:48:06.555127,cohort3
-FrE6TbNvQc,12103,126,0,2026-05-15 03:48:06.555127,cohort3
zj_mYNB7Jlg,15592,1513,84,2026-05-15 03:48:06.555127,cohort3
frzMrzw_pDQ,41793,197,0,2026-05-15 03:48:06.555127,cohort3
Q1uudWcokRo,125609,2907,21,2026-05-15 03:48:06.555127,cohort3
J4DbUap0BZg,294075,4823,25,2026-05-15 03:48:06.555127,cohort3
m2WKhTH5EFk,33855,0,79,2026-05-15 03:48:06.555127,cohort3
hK_MNZuuGeY,36263,176,1,2026-05-15 03:48:06.555127,cohort3
zk8w4Dya8_g,33676,344,7,2026-05-15 03:48:06.555127,cohort3
s_xsGqyAzpI,49516,512,3,2026-05-15 03:48:06.555127,cohort3
4EQwN_0F4-E,22386,24,0,2026-05-15 03:48:06.555127,cohort3
1JveZuqNmRI,13510,45,0,2026-05-15 03:48:06.555127,cohort3
jVst40VuzDA,16463,11,17,2026-05-15 03:48:06.555127,cohort3
p-meA4uy4eE,11354,267,4,2026-05-15 03:48:06.555127,cohort3
nPdZiCG5l8E,10765,65,2,2026-05-15 03:48:06.555127,cohort3
DQ0PfQ4dZH8,16393,166,1,2026-05-15 03:48:06.555127,cohort3
waw_egstnZE,53017,642,14,2026-05-15 03:48:06.555127,cohort3
Su1QwBXmj6w,26926,52,3,2026-05-15 03:48:06.555127,cohort3
VxJWnTcsXeE,33734,125,0,2026-05-15 03:48:06.555127,cohort3
W7ywyXGSi7E,16626,64,0,2026-05-15 03:48:06.555127,cohort3
pVnKfsgQMmw,28812,109,0,2026-05-15 03:48:06.555127,cohort3
yOmoEWmAy58,24271,34,0,2026-05-15 03:48:06.555127,cohort3
RiXmHyCW7Mo,34812,1811,1597,2026-05-15 03:48:06.555127,cohort3
U6j8_ZHO5k0,9862,389,35,2026-05-15 03:48:06.555127,cohort3
ss-MMlWVrLY,16030,753,11,2026-05-15 03:48:06.555127,cohort3
0XBme2bWQi0,93884,11424,336,2026-05-15 03:48:06.555127,cohort3
DhWH-XRwmy4,21294,138,1,2026-05-15 03:48:06.555127,cohort3
BQq9EnmSFGI,18189,0,3,2026-05-15 03:48:06.555127,cohort3
-Ehr7b7ljds,78592,2606,27,2026-05-15 03:48:06.555127,cohort3
UFzE0aPrFJ0,31751,92,0,2026-05-15 03:48:06.555127,cohort3
olBXTQxAnKk,33278,44,22,2026-05-15 03:48:06.555127,cohort3
TeS-6k_BWa0,8945,532,42,2026-05-15 03:48:06.555127,cohort3
h6kAY7B-WwE,11526,25,0,2026-05-15 03:48:06.555127,cohort3
pyMNhJXOJOI,6604,37,1,2026-05-15 03:48:06.555127,cohort3
yDVbCPNFz_U,10584,396,25,2026-05-15 03:48:06.555127,cohort3
rVM522pWfQE,9852,16,1,2026-05-15 03:48:06.555127,cohort3
OEhZ0FvfKeE,38677,3436,33,2026-05-15 03:48:06.555127,cohort3
SnS_QqS1rRI,55581,265,0,2026-05-15 03:48:06.555127,cohort3
tGBI-X5GdtM,8803,0,3,2026-05-15 03:48:06.555127,cohort3
6WANHvHT1mI,48349,143,2,2026-05-15 03:48:06.555127,cohort3
uzfOQydNpJs,19281,400,53,2026-05-15 03:48:06.555127,cohort3
t92n8bszngs,9834,39,0,2026-05-15 03:48:06.555127,cohort3
v7dFdqvElTE,8622,221,123,2026-05-15 03:48:06.555127,cohort3
B7IpuDdlFgo,7220,24,0,2026-05-15 03:48:06.555127,cohort3
qJrrNqmdFIM,24978,0,2,2026-05-15 03:48:06.555127,cohort3
GYW9PV0MtsQ,8346,129,2,2026-05-15 03:48:06.555127,cohort3
FlH3raMSdfU,18482,158,2,2026-05-15 03:48:06.555127,cohort3
17s3uKE5ARI,43389,139,1,2026-05-15 03:48:06.555127,cohort3
eWAMRSDoiME,6297,35,0,2026-05-15 03:48:06.555127,cohort3
J1Z43pWRbs8,58947,2374,15,2026-05-15 03:48:06.555127,cohort3
QNUmLNGoO9Y,9320,83,2,2026-05-15 03:48:06.555127,cohort3
8c1bpP2kK-4,13921,15,2,2026-05-15 03:48:06.555127,cohort3
kRRcjQvOEAU,9281,51,0,2026-05-15 03:48:06.555127,cohort3
gKgqRlV7IeI,23430,308,0,2026-05-15 03:48:06.555127,cohort3
ilVbxQ1917I,5832,17,1,2026-05-15 03:48:06.555127,cohort3
WvKYodJWB8E,10256,43,7,2026-05-15 03:48:06.555127,cohort3
7KK4YdUsrro,5241,61,0,2026-05-15 03:48:06.555127,cohort3
FNyE65wSiHU,19847,0,60,2026-05-15 03:48:06.555127,cohort3
T_UiMBuz-7c,9128,208,4,2026-05-15 03:48:06.555127,cohort3
1K_ef78I-cs,29056,109,1,2026-05-15 03:48:06.555127,cohort3
5034udlayJQ,51291,136,1,2026-05-15 03:48:06.555127,cohort3
JKQrM8LAkRE,3698,0,2,2026-05-15 03:48:06.555127,cohort3
A0TZh9YSeUI,4342,16,0,2026-05-15 03:48:06.555127,cohort3
gO3V_8KY3b0,14010,49,5,2026-05-15 03:48:06.555127,cohort3
u7TFph_gQTY,5418,38,1,2026-05-15 03:48:06.555127,cohort3
xl8d10ISvG4,18305,453,6,2026-05-15 03:48:06.555127,cohort3
xgQegicuO3M,18505,1168,24,2026-05-15 03:48:06.555127,cohort3
Yzq0fac9PX8,12665,465,0,2026-05-15 03:48:06.555127,cohort3
1I3VCOl4ysQ,8762,166,0,2026-05-15 03:48:06.555127,cohort3
HS0kzb8ylHU,21356,546,2,2026-05-15 03:48:06.555127,cohort3
qf4Gs6L1DUw,4030,75,15,2026-05-15 03:48:06.555127,cohort3
N51SyUqi1Ww,5589,51,0,2026-05-15 03:48:06.555127,cohort3
r6d_yvGCkdE,119052,759,279,2026-05-15 03:48:06.555127,cohort3
c8bCRfz9mwM,10270,38,14,2026-05-15 03:48:06.555127,cohort3
EzyDbu-KYXs,19961,564,49,2026-05-15 03:48:06.555127,cohort3
LgcXsJEilDo,11424,344,7,2026-05-15 03:48:06.555127,cohort3
1QG6FjY2AEs,19513,898,82,2026-05-15 03:48:06.555127,cohort3
LWcdv8IfI5c,21602,1126,5,2026-05-15 03:48:06.555127,cohort3
Q8Sc_05ajBo,4345,34,0,2026-05-15 03:48:06.555127,cohort3
QRdOqeBtTZE,9389,205,0,2026-05-15 03:48:06.555127,cohort3
vEomourPKSg,806088,9684,41,2026-05-15 03:48:06.555127,cohort3
28bbsKcpR-U,4055,124,2,2026-05-15 03:48:06.555127,cohort3
a7gmO1BB72A,3642,58,8,2026-05-15 03:48:06.555127,cohort3
IzayoH-c3Y0,77426,1398,7,2026-05-15 03:48:06.555127,cohort3
aUzQQScII0E,19532,213,3,2026-05-15 03:48:06.555127,cohort3
uhVzRthZ2y8,4038,0,5,2026-05-15 03:48:06.555127,cohort3
9VcET-JR-l4,14039,0,7,2026-05-15 03:48:06.555127,cohort3
TMEMDflzptE,1447,77,11,2026-05-15 03:48:06.555127,cohort3
W3KnFSGm-is,3593,31,1,2026-05-15 03:48:06.555127,cohort3
Y7hGLH-w1S0,45057,0,33,2026-05-15 03:48:06.555127,cohort3
qdlW6NrC0lY,10700,137,0,2026-05-15 03:48:06.555127,cohort3
kPxIBP_X2Ao,1950,102,9,2026-05-15 03:48:06.555127,cohort3
6kaSRDa_-iE,5799,296,22,2026-05-15 03:48:06.555127,cohort3
fvBKpxS_tLU,3716,106,6,2026-05-15 03:48:06.555127,cohort3
QRXphcwc_zc,1587,33,2,2026-05-15 03:48:06.555127,cohort3
9o0kLocjyeo,1787,56,3,2026-05-15 03:48:06.555127,cohort3
3Zp56JVI4U4,6063,384,8,2026-05-15 03:48:06.555127,cohort3
Yq8G-i9imX8,5695,57,0,2026-05-15 03:48:06.555127,cohort3
GMKsqOkrryc,31303,866,4,2026-05-15 03:48:06.555127,cohort3
6FZ8A43m8Rg,6476,524,10,2026-05-15 03:48:06.555127,cohort3
JdSEetzVY8U,27437,104,4,2026-05-15 03:48:06.555127,cohort3
Co6WstKZoMo,5649,91,4,2026-05-15 03:48:06.555127,cohort3
0y71_9fQuI0,1040,22,0,2026-05-15 03:48:06.555127,cohort3
Y_hnAMTtgkE,905,26,0,2026-05-15 03:48:06.555127,cohort3
nkydxta3qlE,1685,13,0,2026-05-15 03:48:06.555127,cohort3
HwgjpETU3kQ,5908,27,0,2026-05-15 03:48:06.555127,cohort3
ClhLO8o5eRo,14513,713,17,2026-05-15 03:48:06.555127,cohort3
OnPBmf2Jvyc,903,12,4,2026-05-15 03:48:06.555127,cohort3
ACFNRfV4l50,11518,54,0,2026-05-15 03:48:06.555127,cohort3
9HK_T7qsR_8,5975,343,6,2026-05-15 03:48:06.555127,cohort3
NU4s4iD5YC0,3831,29,10,2026-05-15 03:48:06.555127,cohort3
GWvG4nX-NHM,1067,52,0,2026-05-15 03:48:06.555127,cohort3
20ZF4aaXqn8,2701,15,1,2026-05-15 03:48:06.555127,cohort3
LzgUtaCtofw,2785,14,0,2026-05-15 03:48:06.555127,cohort3
rrEOxchfbLk,1916,81,12,2026-05-15 03:48:06.555127,cohort3
5m_hVuNUK2Y,12059,59,0,2026-05-15 03:48:06.555127,cohort3
h_P1_Q3sZ1Y,25957,1278,5,2026-05-15 03:48:06.555127,cohort3
jgfmmPpHBb0,3382,24,0,2026-05-15 03:48:06.555127,cohort3
i9z19FoOVmc,49582,4809,347,2026-05-15 03:48:06.555127,cohort3
u9lKPGfNOnI,11470,210,0,2026-05-15 03:48:06.555127,cohort3
NFwiUtyFQac,1928,52,2,2026-05-15 03:48:06.555127,cohort3
QVkelJjEnMk,1145,33,0,2026-05-15 03:48:06.555127,cohort3
SeQP9MRmz8o,9655,572,8,2026-05-15 03:48:06.555127,cohort3
FcO0H0qgmCA,2342,85,3,2026-05-15 03:48:06.555127,cohort3
w4cYUu8EOYQ,3045,33,0,2026-05-15 03:48:06.555127,cohort3
j93ssOoHX-A,1180,10,2,2026-05-15 03:48:06.555127,cohort3
CnfbB7fSOF8,1561,25,1,2026-05-15 03:48:06.555127,cohort3
wqkhoaAGTfs,1169,5,0,2026-05-15 03:48:06.555127,cohort3
BiIcQciyVB8,1563,0,2,2026-05-15 03:48:06.555127,cohort3
1r8dwTYGNSk,5264,243,4,2026-05-15 03:48:06.555127,cohort3
ZrXpXQvjcQQ,3718,73,14,2026-05-15 03:48:06.555127,cohort3
Xur7XgOl_yA,1025,1,0,2026-05-15 03:48:06.555127,cohort3
u32RFc_9pfM,4496,158,3,2026-05-15 03:48:06.555127,cohort3
lEHEnK1bduA,1224,14,0,2026-05-15 03:48:06.555127,cohort3
5KOpzd0TEy8,1605,16,0,2026-05-15 03:48:06.555127,cohort3
EjcuQGPt1R0,1046,6,0,2026-05-15 03:48:06.555127,cohort3
hbcGLmkW_-o,1635,72,38,2026-05-15 03:48:06.555127,cohort3
AHRoWLpTs1Q,1196,16,1,2026-05-15 03:48:06.555127,cohort3
JUOOcUHYLn0,16802,308,3,2026-05-15 03:48:06.555127,cohort3
41pazsoQsKc,1097,10,0,2026-05-15 03:48:06.555127,cohort3
7zGi37_Mo-M,108593,636,2,2026-05-15 03:48:06.555127,cohort3
MyFNOo1_GKg,39661,208,6,2026-05-15 03:48:06.555127,cohort3
6iGOhNr9-Ko,27364,363,31,2026-05-15 03:48:06.555127,cohort3
kYjC2EAQMaE,3154,178,1,2026-05-15 03:48:06.555127,cohort3
3nxJt1ticUA,5572,7,0,2026-05-15 03:48:06.555127,cohort3
WouyFAMASzY,898,8,0,2026-05-15 03:48:06.555127,cohort3
c9W2QvR2R3s,1271,21,0,2026-05-15 03:48:06.555127,cohort3
R4Q86Hhs9zE,7432,108,4,2026-05-15 03:48:06.555127,cohort3
yMlw2IrGlIo,742,0,0,2026-05-15 03:48:06.555127,cohort3
FMRGBRCqg_s,1655,24,2,2026-05-15 03:48:06.555127,cohort3
TgVHw74SKAI,1131,17,0,2026-05-15 03:48:06.555127,cohort3
RnOwfKZvffw,7853,341,2,2026-05-15 03:48:06.555127,cohort3
GqcfZHiXJMA,11576,151,2,2026-05-15 03:48:06.555127,cohort3
IRjofNhuNeQ,2645,27,0,2026-05-15 03:48:06.555127,cohort3
0EmFi6I4qkQ,4335,197,4,2026-05-15 03:48:06.555127,cohort3
f5eSl4dosW8,10841,1449,18,2026-05-15 03:48:06.555127,cohort3
W2VbetxSgcg,8290,406,10,2026-05-15 03:48:06.555127,cohort3
nCmDTuykDNE,3886,133,8,2026-05-15 03:48:06.555127,cohort3
pIXV1-kNi2c,1682,117,8,2026-05-15 03:48:06.555127,cohort3
CozvUZg2uBg,1307,37,13,2026-05-15 03:48:06.555127,cohort3
PCLJT8XxKe8,3503,16,0,2026-05-15 03:48:06.555127,cohort3
wj4MXY7tMnI,1047,45,0,2026-05-15 03:48:06.555127,cohort3
x-uMJCmzyL4,1569,22,1,2026-05-15 03:48:06.555127,cohort3
wtiK8FpQLs8,1006,23,3,2026-05-15 03:48:06.555127,cohort3
6BIPEdM8MY8,1866,65,4,2026-05-15 03:48:06.555127,cohort3
Cjn-3BYO3rY,20545,115,0,2026-05-15 03:48:06.555127,cohort3
vUL-pF-Lp6Q,2081,30,4,2026-05-15 03:48:06.555127,cohort3
JZDMT_gjetA,1820,16,1,2026-05-15 03:48:06.555127,cohort3
C23ATAn5M3U,735,11,1,2026-05-15 03:48:06.555127,cohort3
rbAvc2bNelQ,9715,161,2,2026-05-15 03:48:06.555127,cohort3
6HsbJ7z5ctI,2024,35,0,2026-05-15 03:48:06.555127,cohort3
hAtKWR-1pEs,25536,549,0,2026-05-15 03:48:06.555127,cohort3
NCdoTXYsP_A,1593,0,0,2026-05-15 03:48:06.555127,cohort3
Vb5RADCkce8,953,31,0,2026-05-15 03:48:06.555127,cohort3
0snHIFYRrOo,3748,4,0,2026-05-15 03:48:06.555127,cohort3
1U_B9mn_pzk,1158,26,2,2026-05-15 03:48:06.555127,cohort3
wwfWbtGt4T8,1452,14,0,2026-05-15 03:48:06.555127,cohort3
ZtyawLxEZpI,2584,69,1,2026-05-15 03:48:06.555127,cohort3
VpfZv0CsRoA,798,8,0,2026-05-15 03:48:06.555127,cohort3
gCGWzckiahI,1289,19,0,2026-05-15 03:48:06.555127,cohort3
Vev-BMcXHho,1722,20,2,2026-05-15 03:48:06.555127,cohort3
pggjv6EZRu4,3590,51,0,2026-05-15 03:48:06.555127,cohort3
tThXHX6KekA,1278,48,0,2026-05-15 03:48:06.555127,cohort3
UMdUjZomNsU,1116,35,0,2026-05-15 03:48:06.555127,cohort3
eKzb1RKYSUM,1952,18,0,2026-05-15 03:48:06.555127,cohort3
JgqiD7TKJX4,1490,4,0,2026-05-15 03:48:06.555127,cohort3
OYCSDuV3_fY,25355,0,5,2026-05-15 03:48:06.555127,cohort3
uuRSIghKJ8s,1559,28,2,2026-05-15 03:48:06.555127,cohort3
tVVN5rfFcpI,1587,17,5,2026-05-15 03:48:06.555127,cohort3
Xv9DUx1NoDw,53911,247,52,2026-05-15 03:48:06.555127,cohort3
VBJoaZXapAg,12049,1024,29,2026-05-15 03:48:06.555127,cohort3
UHoU2jGoHiY,1908,0,3,2026-05-15 03:48:06.555127,cohort3
QcBLVviuFns,37867,128,5,2026-05-15 03:48:06.555127,cohort3
fRv8KKbyPNQ,7604,362,27,2026-05-15 03:48:06.555127,cohort3
M7KyduM8WA4,9195,72,7,2026-05-15 03:48:06.555127,cohort3
y89mRR2jby4,835,9,7,2026-05-15 03:48:06.555127,cohort3
S9XMknRveG0,8224,11,0,2026-05-15 03:48:06.555127,cohort3
MA76_CJ63xY,4578,32,1,2026-05-15 03:48:06.555127,cohort3
oFvdABEfMCY,1497,34,0,2026-05-15 03:48:06.555127,cohort3
4lTm24zr_JQ,6758,256,1,2026-05-15 03:48:06.555127,cohort3
lOCar5PWRB4,3771,36,5,2026-05-15 03:48:06.555127,cohort3
SMH2HgXPC6k,12408,330,2,2026-05-15 03:48:06.555127,cohort3
BwZUvus7RMA,12755,17,1,2026-05-15 03:48:06.555127,cohort3
03_e2NIlDT8,966,74,24,2026-05-15 03:48:06.555127,cohort3
Cm4ymJFaTC0,1575,26,1,2026-05-15 03:48:06.555127,cohort3
mGAvwIVwekM,35846,0,24,2026-05-15 03:48:06.555127,cohort3
AahJtOM0hGA,1395,67,4,2026-05-15 03:48:06.555127,cohort3
AuDUu1V5Re8,5181,46,0,2026-05-15 03:48:06.555127,cohort3
AFNNIGP6kks,16365,20,0,2026-05-15 03:48:06.555127,cohort3
yOW1GzpaFAw,34416,192,2,2026-05-15 03:48:06.555127,cohort3
NA1e_JYfPI0,10313,213,0,2026-05-15 03:48:06.555127,cohort3
leYD-nmMeBI,21554,127,0,2026-05-15 03:48:06.555127,cohort3
UKIYr0bkvKo,11983,0,0,2026-05-15 03:48:06.555127,cohort3
U7kKKGLCyow,6580,112,2,2026-05-15 03:48:06.555127,cohort3
GAls3kX-EJg,2801,192,54,2026-05-15 03:48:06.555127,cohort3
1SinRmfSX6A,91411,203,0,2026-05-15 03:48:06.555127,cohort3
RBPPWEFIuAc,3026,25,2,2026-05-15 03:48:06.555127,cohort3
iiWNKfPrnM8,644,0,5,2026-05-15 03:48:06.555127,cohort3
xcCqwINGNg8,28780,133,138,2026-05-15 03:48:06.555127,cohort3
ZBnRHPhlumM,441,25,14,2026-05-15 03:48:06.555127,cohort3
uSsuA2zjPKg,32857,135,0,2026-05-15 03:48:06.555127,cohort3
i2PmasH5y9k,16137,222,93,2026-05-15 03:48:06.555127,cohort3
XsT0jJTCJgc,1340,20,2,2026-05-15 03:48:06.555127,cohort3
lB7NBsPpqJ0,3227,197,1,2026-05-15 03:48:06.555127,cohort3
gLR2W1FJ8P0,573,6,1,2026-05-15 03:48:06.555127,cohort3
Od4mfgOFaqg,1370,207,25,2026-05-15 03:48:06.555127,cohort3
2aCu6ux25MI,814,2,0,2026-05-15 03:48:06.555127,cohort3
l0DI2iB9ldw,2254,8,3,2026-05-15 03:48:06.555127,cohort3
g3fEtSyQloo,2226,10,0,2026-05-15 03:48:06.555127,cohort3
Q3kRndcte0E,109350,1143,2,2026-05-15 03:48:06.555127,cohort3
Vo1vv_Ym5Cc,21944,435,1,2026-05-15 03:48:06.555127,cohort3
w3d9nSdTGRM,732,5,2,2026-05-15 03:48:06.555127,cohort3
_ORVex7RgzM,23512,345,4,2026-05-15 03:48:06.555127,cohort3
Gn-mNHd7TXk,333,0,2,2026-05-15 03:48:06.555127,cohort3
LLmASTg5zTA,205,4,0,2026-05-15 03:48:06.555127,cohort3
kpg781AgU9k,19,3,0,2026-05-15 03:48:06.555127,cohort3
fH31AerO5ug,1347,46,8,2026-05-15 03:48:06.555127,cohort3
H76uwtIK1os,122,5,0,2026-05-15 03:48:06.555127,cohort3
ME1MlJrfHb4,1093,12,0,2026-05-15 03:48:06.555127,cohort3
0TeTLQd_Kgk,7714,197,6,2026-05-15 03:48:06.555127,cohort3
3OMGaTmBCvQ,262,0,0,2026-05-15 03:48:06.555127,cohort3
fQmxUC8Di9E,2796,230,0,2026-05-15 03:48:06.555127,cohort3
ddfqymtwp6E,900,8,0,2026-05-15 03:48:06.555127,cohort3
p-AFzTLnii0,1307,8,0,2026-05-15 03:48:06.555127,cohort3
BBLOOKAzogo,22279,395,6,2026-05-15 03:48:06.555127,cohort3
SVOkqzzftNc,38128,24,0,2026-05-15 03:48:06.555127,cohort3
ul965bFb60Q,41669,0,2,2026-05-15 03:48:06.555127,cohort3
7DQBb4TSuFg,38037,307,1,2026-05-15 03:48:06.555127,cohort3
FY0b8kfAWqE,150514,2174,77,2026-05-15 03:48:06.555127,cohort3
HpW0hFFUfzM,24005,1909,2,2026-05-15 03:48:06.555127,cohort3
BZAK7bPZRIk,129975,3053,16,2026-05-15 03:48:06.555127,cohort3
NiFzocRzTnA,1885450,33128,376,2026-05-15 03:48:06.555127,cohort3
EkzAJE9jCMI,56698,952,1,2026-05-15 03:48:06.555127,cohort3
fKzhDNkNHgY,17346,61,0,2026-05-15 03:48:06.555127,cohort3
KokmUFJhgOE,169908,7572,43,2026-05-15 03:48:06.555127,cohort3
2XfipfdRetU,19984,309,1,2026-05-15 03:48:06.555127,cohort3
GG5Xop0s-Ss,24047,97,0,2026-05-15 03:48:06.555127,cohort3
LPA4ajdgboQ,33497,954,55,2026-05-15 03:48:06.555127,cohort3
XleHdxX7c1o,21330,259,12,2026-05-15 03:48:06.555127,cohort3
xq3JtqC2tic,25166,451,3,2026-05-15 03:48:06.555127,cohort3
-pzEgeUEUJI,31199,151,0,2026-05-15 03:48:06.555127,cohort3
t62ES0itVWA,51030,295,0,2026-05-15 03:48:06.555127,cohort3
2kru4OOwgs8,39041,252,13,2026-05-15 03:48:06.555127,cohort3
HEgID7liLxk,21681,797,13,2026-05-15 03:48:06.555127,cohort3
Y7bkcfBLQvs,48757,95,1,2026-05-15 03:48:06.555127,cohort3
AYveM58k934,11383,139,7,2026-05-15 03:48:06.555127,cohort3
pfPskj9X5RQ,16291,180,16,2026-05-15 03:48:06.555127,cohort3
Z8L3kUjfzII,54391,626,10,2026-05-15 03:48:06.555127,cohort3
ftWyAkuA9A0,13428,75,2,2026-05-15 03:48:06.555127,cohort3
6l0IAaeQV9o,10943,89,4,2026-05-15 03:48:06.555127,cohort3
RqTZOQYeSj8,22844,439,1,2026-05-15 03:48:06.555127,cohort3
4KhF-pf3yTQ,4375,89,3,2026-05-15 03:48:06.555127,cohort3
T6GNRDi5b3Y,7326,231,19,2026-05-15 03:48:06.555127,cohort3
tnDGeZGeUWI,18960,12,1,2026-05-15 03:48:06.555127,cohort3
IDZ2lFb2wTM,4788,23,0,2026-05-15 03:48:06.555127,cohort3
D58uQP2HG94,41052,211,1,2026-05-15 03:48:06.555127,cohort3
ifqkEvuqHbI,140877,2191,18,2026-05-15 03:48:06.555127,cohort3
lzaOLtEOqgI,40969,46,1,2026-05-15 03:48:06.555127,cohort3
PUI3hPRXTEQ,5369,23,0,2026-05-15 03:48:06.555127,cohort3
15JwNKYy6Vg,41830,1156,82,2026-05-15 03:48:06.555127,cohort3
RvJAtMuBV5g,24417,180,1,2026-05-15 03:48:06.555127,cohort3
Es8bRaKZHkQ,2690,35,0,2026-05-15 03:48:06.555127,cohort3
gm-iEVxl5Ew,2008,21,8,2026-05-15 03:48:06.555127,cohort3
FyckdNPkmVk,29265,282,4,2026-05-15 03:48:06.555127,cohort3
0spHr4gCY4w,9851,0,1,2026-05-15 03:48:06.555127,cohort3
_GWFMlcwnF8,9750,29,1,2026-05-15 03:48:06.555127,cohort3
QmorWWrDL04,30240,0,183,2026-05-15 03:48:06.555127,cohort3
Q8XB2RQ3ROI,1672,10,1,2026-05-15 03:48:06.555127,cohort3
6ifUbpbI55M,8372,58,2,2026-05-15 03:48:06.555127,cohort3
bL7XBZJboNM,18779,154,3,2026-05-15 03:48:06.555127,cohort3
GyrTFM9gmXY,2902,34,0,2026-05-15 03:48:06.555127,cohort3
a2XfZ4VXvGA,2250,27,0,2026-05-15 03:48:06.555127,cohort3
gRV8O-JrxOY,7436,289,21,2026-05-15 03:48:06.555127,cohort3
TJveAqdT5EA,1753,26,0,2026-05-15 03:48:06.555127,cohort3
mDYRXJ0p4PQ,1254,18,0,2026-05-15 03:48:06.555127,cohort3
5y8TUm2aD0o,20229,128,0,2026-05-15 03:48:06.555127,cohort3
p9UYqskIoQA,22925,773,18,2026-05-15 03:48:06.555127,cohort3
xzKUi93pPHA,23579,1284,49,2026-05-15 03:48:06.555127,cohort3
rT-NLSHcE9s,9350,98,2,2026-05-15 03:48:06.555127,cohort3
-_mHx7Ft5wU,1203,43,1,2026-05-15 03:48:06.555127,cohort3
AlSZCsLEIgs,1713,32,0,2026-05-15 03:48:06.555127,cohort3
r3gidU4xS7I,1150,0,0,2026-05-15 03:48:06.555127,cohort3
uilr_SZtOUI,13296,377,7,2026-05-15 03:48:06.555127,cohort3
7D9WIfmzntE,6366,525,6,2026-05-15 03:48:06.555127,cohort3
64Kgdkeu624,2116,32,1,2026-05-15 03:48:06.555127,cohort3
8DQIdUPSTSI,1500,17,4,2026-05-15 03:48:06.555127,cohort3
QZsiQ82Z2NQ,11961,129,0,2026-05-15 03:48:06.555127,cohort3
f3rQ9mfaMTQ,1034,27,1,2026-05-15 03:48:06.555127,cohort3
gZeUZ59Isp0,1172,69,6,2026-05-15 03:48:06.555127,cohort3
L7Z0xXi8K7c,1149,34,0,2026-05-15 03:48:06.555127,cohort3
1CumQ1UO9IE,15364,329,5,2026-05-15 03:48:06.555127,cohort3
ehJEp8UBqVI,723,5,1,2026-05-15 03:48:06.555127,cohort3
llkjHbzopc8,72097,723,5,2026-05-15 03:48:06.555127,cohort3
6MTTJ_sesws,16980,672,9,2026-05-15 03:48:06.555127,cohort3
ES7Fm2NxK0Y,1285,51,1,2026-05-15 03:48:06.555127,cohort3
hPspv_cG0T4,1598,15,5,2026-05-15 03:48:06.555127,cohort3
gMoqx9_XKWA,13559,155,1,2026-05-15 03:48:06.555127,cohort3
fKQ_8fCJiBQ,1429,35,3,2026-05-15 03:48:06.555127,cohort3
erHoZyk8jOU,10574,203,14,2026-05-15 03:48:06.555127,cohort3
JFi0y0ee9C0,34897,0,1,2026-05-15 03:48:06.555127,cohort3
TUR6yFb7sVI,2038,179,34,2026-05-15 03:48:06.555127,cohort3
UrRo4FbJfgI,1605,125,3,2026-05-15 03:48:06.555127,cohort3
p9hMaOcN-h0,1024,13,1,2026-05-15 03:48:06.555127,cohort3
BPzQ7h1WteM,1000,22,1,2026-05-15 03:48:06.555127,cohort3
Myf61iqyVaI,439,12,0,2026-05-15 03:48:06.555127,cohort3
ODkYVR6PR5U,1639,44,0,2026-05-15 03:48:06.555127,cohort3
NLIVrkP2KnQ,950,9,1,2026-05-15 03:48:06.555127,cohort3
htdw_jINtxY,3924,153,0,2026-05-15 03:48:06.555127,cohort3
bkuCXbCczuo,1291,21,3,2026-05-15 03:48:06.555127,cohort3
oiCnT4xsyvE,1421,0,11,2026-05-15 03:48:06.555127,cohort3
VVXPeqoXlag,2961,0,0,2026-05-15 03:48:06.555127,cohort3
4tNYDcnwu3Q,1860,98,2,2026-05-15 03:48:06.555127,cohort3
5Q0RrkIzGWE,8498,1558,26,2026-05-15 03:48:06.555127,cohort3
w9ns9UkSACY,6052,538,17,2026-05-15 03:48:06.555127,cohort3
tEaHmIkAOKc,23721,422,2,2026-05-15 03:48:06.555127,cohort3
L6RkCe94EOw,9446,29,0,2026-05-15 03:48:06.555127,cohort3
J8IaK5crBY0,996,7,5,2026-05-15 03:48:06.555127,cohort3
qlytOiz-VF8,1340,0,0,2026-05-15 03:48:06.555127,cohort3
qxv2nKYBfh4,1943,53,0,2026-05-15 03:48:06.555127,cohort3
FCHM-DT1Ock,2872,187,2,2026-05-15 03:48:06.555127,cohort3
Q2s6CtBHfYI,1683,104,2,2026-05-15 03:48:06.555127,cohort3
qMLjDg_97sE,10531,2945,5,2026-05-15 03:48:06.555127,cohort3
gmDwY9pQY0Q,1409,10,0,2026-05-15 03:48:06.555127,cohort3
UCjM3nxuVMM,6600,137,3,2026-05-15 03:48:06.555127,cohort3
t1poaYGbWTw,22820,713,5,2026-05-15 03:48:06.555127,cohort3
ezTli7RpPqY,15604,168,3,2026-05-15 03:48:06.555127,cohort3
2lFRLhVD36U,1206,30,2,2026-05-15 03:48:06.555127,cohort3
2nkDz8c6ghs,21338,484,4,2026-05-15 03:48:06.555127,cohort3
GIodLy2v0Gg,18293,306,22,2026-05-15 03:48:06.555127,cohort3
3MROV7dmDro,1026,5,31,2026-05-15 03:48:06.555127,cohort3
XPyeNk4z3zM,1206,27,1,2026-05-15 03:48:06.555127,cohort3
H73zNMTUSP8,1922,3,0,2026-05-15 03:48:06.555127,cohort3
0K5uLUciFvg,14328,709,5,2026-05-15 03:48:06.555127,cohort3
oiPURPJ2L8Q,1983,35,2,2026-05-15 03:48:06.555127,cohort3
RdkoKXZlJSE,5526,51,8,2026-05-15 03:48:06.555127,cohort3
pjGAIeUFpyM,1894,17,4,2026-05-15 03:48:06.555127,cohort3
dS04a5QmpHU,1861,12,0,2026-05-15 03:48:06.555127,cohort3
G7qLJx2bUwg,1114,35,1,2026-05-15 03:48:06.555127,cohort3
OxsLu4Z4dYs,4450,267,12,2026-05-15 03:48:06.555127,cohort3
5cua3o5_Nto,8337,328,11,2026-05-15 03:48:06.555127,cohort3
ZhOy452QEhc,725,0,0,2026-05-15 03:48:06.555127,cohort3
oJ00_Ogk8mY,766,18,7,2026-05-15 03:48:06.555127,cohort3
SxQVvPNVehQ,501,9,0,2026-05-15 03:48:06.555127,cohort3
XfW0ok-dGmY,1534,27,0,2026-05-15 03:48:06.555127,cohort3
hUKo0Ly7Zig,1241,9,1,2026-05-15 03:48:06.555127,cohort3
Ew3CvarawWs,1834,64,3,2026-05-15 03:48:06.555127,cohort3
QMEFDCwqm0s,6845,4,2,2026-05-15 03:48:06.555127,cohort3
1Hi9TY_eJII,603,20,0,2026-05-15 03:48:06.555127,cohort3
8cs696P3BpU,14202,1075,14,2026-05-15 03:48:06.555127,cohort3
SloMOQO7pDg,1913,11,3,2026-05-15 03:48:06.555127,cohort3
SiG-Y1mmBLA,6526,100,7,2026-05-15 03:48:06.555127,cohort3
tI5tBoWqCJA,943,8,0,2026-05-15 03:48:06.555127,cohort3
kKZu--8v9Ds,1759,20,0,2026-05-15 03:48:06.555127,cohort3
XnLHo4i1wkc,2338,51,1,2026-05-15 03:48:06.555127,cohort3
TjlT20vAO7k,6168,0,10,2026-05-15 03:48:06.555127,cohort3
lhMfCZeTQrY,3431,171,0,2026-05-15 03:48:06.555127,cohort3
OXjwdWH_pA8,915,4,1,2026-05-15 03:48:06.555127,cohort3
XPopb1yeA1Q,1169,6,0,2026-05-15 03:48:06.555127,cohort3
iXBMW4H7HwM,602,28,1,2026-05-15 03:48:06.555127,cohort3
4ybERjlkXio,25178,659,429,2026-05-15 03:48:06.555127,cohort3
XMCAWqA3svU,3655,100,5,2026-05-15 03:48:06.555127,cohort3
Zu7DFEVVwDs,28339,1119,14,2026-05-15 03:48:06.555127,cohort3
BqDNAWGRIGg,793,16,0,2026-05-15 03:48:06.555127,cohort3
1Ocl4IeaBe4,679,10,2,2026-05-15 03:48:06.555127,cohort3
wl4g30KZ9IY,14739,165,5,2026-05-15 03:48:06.555127,cohort3
a9ENeZxG3Mw,959,9,0,2026-05-15 03:48:06.555127,cohort3
W9OQZ7gyH2E,976,24,4,2026-05-15 03:48:06.555127,cohort3
KOSkdUG-viY,982,23,4,2026-05-15 03:48:06.555127,cohort3
ZYCoMHvmMaw,802,13,0,2026-05-15 03:48:06.555127,cohort3
Xo1Xi0ykq1o,748,19,1,2026-05-15 03:48:06.555127,cohort3
pTZLcOSGTrc,6923,3012,1,2026-05-15 03:48:06.555127,cohort3
QGBvAZRjs-g,917,17,1,2026-05-15 03:48:06.555127,cohort3
ukZcDV__XWU,178288,8944,111,2026-05-15 03:48:06.555127,cohort3
9Iq-Ajbb5QA,2010,9,1,2026-05-15 03:48:06.555127,cohort3
N1BNFntSEus,1694,23,3,2026-05-15 03:48:06.555127,cohort3
lc7G3tPZoZo,1033,36,2,2026-05-15 03:48:06.555127,cohort3
O5278vm1LCE,76397,0,4,2026-05-15 03:48:06.555127,cohort3
BYs0UUY7yL4,1384,25,4,2026-05-15 03:48:06.555127,cohort3
X3D4ooGVTgs,4351,15,1,2026-05-15 03:48:06.555127,cohort3
UbElea09niQ,1423,29,3,2026-05-15 03:48:06.555127,cohort3
a7vB4aVUTv0,1076,48,5,2026-05-15 03:48:06.555127,cohort3
lxxXtPsjGwc,6192,309,6,2026-05-15 03:48:06.555127,cohort3
5dirbmBGWsI,22115,302,3,2026-05-15 03:48:06.555127,cohort3
HOD7kbC0i-g,18906,682,20,2026-05-15 03:48:06.555127,cohort3
lzCX0HaMcGk,18264,412,31,2026-05-15 03:48:06.555127,cohort3
jzJ33aJidxQ,26481,255,4,2026-05-15 03:48:06.555127,cohort3
QNv0Rqs3tf0,14936,439,12,2026-05-15 03:48:06.555127,cohort3
iurHOCgjbDQ,1223,23,1,2026-05-15 03:48:06.555127,cohort3
2fJvalZKwjk,1725,38,16,2026-05-15 03:48:06.555127,cohort3
NRkxlmdY2iw,7206,15,1,2026-05-15 03:48:06.555127,cohort3
Nox_lBickmI,9789,14,1,2026-05-15 03:48:06.555127,cohort3
vQtUO8cHDLk,4342,0,12,2026-05-15 03:48:06.555127,cohort3
FAEo58E9dD0,2149,117,2,2026-05-15 03:48:06.555127,cohort3
-I2IlBdbDe8,22893,995,9,2026-05-15 03:48:06.555127,cohort3
FBZSv3aVRZ0,809,33,0,2026-05-15 03:48:06.555127,cohort3
3fIszJG6vHk,693,20,1,2026-05-15 03:48:06.555127,cohort3
XOxAWB5tzEE,90,1,0,2026-05-15 03:48:06.555127,cohort3
QYBbqwTFZs4,3711,10,0,2026-05-15 03:48:06.555127,cohort3
ggNx1s-VMZg,16802,0,1,2026-05-15 03:48:06.555127,cohort3
d_Q02W4Zp0c,10,0,1,2026-05-15 03:48:06.555127,cohort3
fKEwvsGsAjM,695,12,4,2026-05-15 03:48:06.555127,cohort3
05itaSVjK8g,1589,35,2,2026-05-15 03:48:06.555127,cohort3
Ih9NnTsRGH0,1197,25,0,2026-05-15 03:48:06.555127,cohort3
sws-sdRdgCs,1171,9,5,2026-05-15 03:48:06.555127,cohort3
-VB0fBeorzs,783,6,0,2026-05-15 03:48:06.555127,cohort3
1WFLyMPX4ks,735,47,1,2026-05-15 03:48:06.555127,cohort3
4Y5yuNy-GQA,1162,29,4,2026-05-15 03:48:06.555127,cohort3
80Vn8FwZf8Q,4931,93,0,2026-05-15 03:48:06.555127,cohort3
u6a7zWC_XKI,12,7,1,2026-05-15 03:48:06.555127,cohort3
So5oVZ5gemg,1834,13,2,2026-05-15 03:48:06.555127,cohort3
LzT7ciHpEKU,577,7,14,2026-05-15 03:48:06.555127,cohort3
mz80VLi1aD0,116170,1302,9,2026-05-15 03:48:06.555127,cohort3
rDpjl8r5xNY,869,32,2,2026-05-15 03:48:06.555127,cohort3
e88hd3BvnoA,629,29,1,2026-05-15 03:48:06.555127,cohort3
p0-Q7n70aX0,31021,254,7,2026-05-15 03:48:06.555127,cohort3
y8EGoWNOxg0,1355,23,0,2026-05-15 03:48:06.555127,cohort3
zbakUHiTx3g,1030,54,2,2026-05-15 03:48:06.555127,cohort3
Q8Usqrz3bo8,4083,47,5,2026-05-15 03:48:06.555127,cohort3
9TR_iXK1DPM,5,1,0,2026-05-15 03:48:06.555127,cohort3
LmRX5YJaPb0,678,19,0,2026-05-15 03:48:06.555127,cohort3
b76UmpNF578,1790,1,0,2026-05-15 03:48:06.555127,cohort3
-FW8oVEM3n4,247,5,0,2026-05-15 03:48:06.555127,cohort3
pVV-GvyWCMo,5458,9,0,2026-05-15 03:48:06.555127,cohort3
9zXjf4VtY00,39,0,0,2026-05-15 03:48:06.555127,cohort3
7dXRaCP7u08,15,1,0,2026-05-15 03:48:06.555127,cohort3
tUeyb-y9CuI,119,16,0,2026-05-15 03:48:06.555127,cohort3
J6xtmdb2MHQ,21873,74,0,2026-05-15 03:48:06.555127,cohort3
3CF6875jJkw,9,4,0,2026-05-15 03:48:06.555127,cohort3
sHT7MonOKpE,2599,8,0,2026-05-15 03:48:06.555127,cohort3
0N3PdupXcgo,1365,11,0,2026-05-15 03:48:06.555127,cohort3
MQYYCp4o5DM,305,2,0,2026-05-15 03:48:06.555127,cohort3
eYeM1a31aRo,1160,28,0,2026-05-15 03:48:06.555127,cohort3
unUvB7ZjmEE,127930,377,2,2026-05-15 03:48:06.555127,cohort3
6v_aN7iLslc,5785,8,0,2026-05-15 03:48:06.555127,cohort3
Ckn0m3h02uE,228,0,0,2026-05-15 03:48:06.555127,cohort3
UyXAyRFNIfI,2,1,0,2026-05-15 03:48:06.555127,cohort3
rCSWnikqLSE,861,29,0,2026-05-15 03:48:06.555127,cohort3
MeoQm5Eg53U,993,1,0,2026-05-15 03:48:06.555127,cohort3
nMyD68QKXSU,2933,23,0,2026-05-15 03:48:06.555127,cohort3
99B9FvP8fD0,959,23,2,2026-05-15 03:48:06.555127,cohort3
td6Sb_GTN8k,751,4,0,2026-05-15 03:48:06.555127,cohort3
mcRyKH1luMc,1264,22,7,2026-05-15 03:48:06.555127,cohort3
2hxeSuAYUhU,1516,122,19,2026-05-15 03:48:06.555127,cohort3
n0z6UTbOL34,2,1,1,2026-05-15 03:48:06.555127,cohort3
hcghNrm4hTQ,2256,42,3,2026-05-15 03:48:06.555127,cohort3
CsC94oRg_4U,1135,28,0,2026-05-15 03:48:06.555127,cohort3
PumKfEnp8Dw,13991,130,0,2026-05-15 03:48:06.555127,cohort3
C5Tr8AD718I,15263,141,0,2026-05-15 03:48:06.555127,cohort3
dh0lh_XS4YE,698,17,0,2026-05-15 03:48:06.555127,cohort3
l9CYwpt3Hj8,232,4,3,2026-05-15 03:48:06.555127,cohort3
1109gqO5oGo,678559,18918,123,2026-05-15 06:18:52.127422,cohort3
oFmD2PbIftA,789733,27025,25,2026-05-15 06:18:52.127422,cohort3
FIjlwByE538,248985,6164,100,2026-05-15 06:18:52.127422,cohort3
KvcxuhWbbSA,250713,29296,201,2026-05-15 06:18:52.127422,cohort3
8nzSD5N2ip8,132292,671,2,2026-05-15 06:18:52.127422,cohort3
Xg8JvTyeWx0,202574,1438,2,2026-05-15 06:18:52.127422,cohort3
Y1_yTNuyqHQ,63405,413,3,2026-05-15 06:18:52.127422,cohort3
WyBG1FZf648,146368,2263,0,2026-05-15 06:18:52.127422,cohort3
VUFud-jmMz8,170850,1664,119,2026-05-15 06:18:52.127422,cohort3
q19jN8Tq9E0,176620,1586,4,2026-05-15 06:18:52.127422,cohort3
Q_yg2CxvGlw,66570,546,1,2026-05-15 06:18:52.127422,cohort3
zHkcFTFmKyY,216810,5922,53,2026-05-15 06:18:52.127422,cohort3
0yOf48MRCIY,81570,244,0,2026-05-15 06:18:52.127422,cohort3
rGU3yh7lpZk,68769,1279,330,2026-05-15 06:18:52.127422,cohort3
pYcZ9vZFrxM,62722,809,0,2026-05-15 06:18:52.127422,cohort3
R-R6W9GHMRk,30036,345,0,2026-05-15 06:18:52.127422,cohort3
IGpatKX-31M,164499,7478,67,2026-05-15 06:18:52.127422,cohort3
OwLH9rBDov0,59036,1512,12,2026-05-15 06:18:52.127422,cohort3
YEpIh5Yxokw,213308,1287,179,2026-05-15 06:18:52.127422,cohort3
NXBTs29o9Gg,20568,107,1,2026-05-15 06:18:52.127422,cohort3
gJA5y-IMAjY,194270,4873,13,2026-05-15 06:18:52.127422,cohort3
txBVIsLzQWw,26027,314,10,2026-05-15 06:18:52.127422,cohort3
8jkuLdsL4oo,48174,546,10,2026-05-15 06:18:52.127422,cohort3
L3xEAoyytak,44110,161,0,2026-05-15 06:18:52.127422,cohort3
CU3tv6GxuBE,81222,469,6,2026-05-15 06:18:52.127422,cohort3
M4cS4JpUi3o,46182,159,1,2026-05-15 06:18:52.127422,cohort3
el22dLXLTu4,21485,0,1,2026-05-15 06:18:52.127422,cohort3
jZgiOKhWpU0,54568,124,11,2026-05-15 06:18:52.127422,cohort3
rMXdW6EVyBM,17863,444,63,2026-05-15 06:18:52.127422,cohort3
VU32Dbqwv6A,441521,20022,69,2026-05-15 06:18:52.127422,cohort3
cboM6w8VVoM,87602,9159,185,2026-05-15 06:18:52.127422,cohort3
Dym9-kWiInM,10720,262,2,2026-05-15 06:18:52.127422,cohort3
cvQicVgPqTI,159068,494,0,2026-05-15 06:18:52.127422,cohort3
-FrE6TbNvQc,12207,130,0,2026-05-15 06:18:52.127422,cohort3
zj_mYNB7Jlg,15757,1526,84,2026-05-15 06:18:52.127422,cohort3
frzMrzw_pDQ,42557,199,0,2026-05-15 06:18:52.127422,cohort3
Q1uudWcokRo,127546,2924,21,2026-05-15 06:18:52.127422,cohort3
J4DbUap0BZg,295502,4852,25,2026-05-15 06:18:52.127422,cohort3
m2WKhTH5EFk,35026,0,78,2026-05-15 06:18:52.127422,cohort3
hK_MNZuuGeY,36357,177,1,2026-05-15 06:18:52.127422,cohort3
zk8w4Dya8_g,33799,348,7,2026-05-15 06:18:52.127422,cohort3
s_xsGqyAzpI,50564,516,3,2026-05-15 06:18:52.127422,cohort3
4EQwN_0F4-E,22391,24,0,2026-05-15 06:18:52.127422,cohort3
1JveZuqNmRI,13510,45,0,2026-05-15 06:18:52.127422,cohort3
jVst40VuzDA,16502,11,17,2026-05-15 06:18:52.127422,cohort3
p-meA4uy4eE,11580,267,4,2026-05-15 06:18:52.127422,cohort3
nPdZiCG5l8E,10765,65,2,2026-05-15 06:18:52.127422,cohort3
DQ0PfQ4dZH8,16537,166,1,2026-05-15 06:18:52.127422,cohort3
waw_egstnZE,53115,642,14,2026-05-15 06:18:52.127422,cohort3
Su1QwBXmj6w,26943,53,3,2026-05-15 06:18:52.127422,cohort3
VxJWnTcsXeE,33761,125,0,2026-05-15 06:18:52.127422,cohort3
W7ywyXGSi7E,16657,66,0,2026-05-15 06:18:52.127422,cohort3
pVnKfsgQMmw,28937,142,0,2026-05-15 06:18:52.127422,cohort3
yOmoEWmAy58,24956,36,0,2026-05-15 06:18:52.127422,cohort3
RiXmHyCW7Mo,41142,1942,1741,2026-05-15 06:18:52.127422,cohort3
U6j8_ZHO5k0,10086,395,35,2026-05-15 06:18:52.127422,cohort3
ss-MMlWVrLY,16470,771,11,2026-05-15 06:18:52.127422,cohort3
0XBme2bWQi0,95039,11473,337,2026-05-15 06:18:52.127422,cohort3
DhWH-XRwmy4,23853,137,1,2026-05-15 06:18:52.127422,cohort3
BQq9EnmSFGI,18522,0,3,2026-05-15 06:18:52.127422,cohort3
-Ehr7b7ljds,80994,2658,27,2026-05-15 06:18:52.127422,cohort3
UFzE0aPrFJ0,32603,96,0,2026-05-15 06:18:52.127422,cohort3
olBXTQxAnKk,53395,59,27,2026-05-15 06:18:52.127422,cohort3
TeS-6k_BWa0,9463,538,42,2026-05-15 06:18:52.127422,cohort3
h6kAY7B-WwE,11768,26,0,2026-05-15 06:18:52.127422,cohort3
pyMNhJXOJOI,6709,37,1,2026-05-15 06:18:52.127422,cohort3
yDVbCPNFz_U,10955,410,25,2026-05-15 06:18:52.127422,cohort3
rVM522pWfQE,9874,17,1,2026-05-15 06:18:52.127422,cohort3
OEhZ0FvfKeE,39523,3507,34,2026-05-15 06:18:52.127422,cohort3
SnS_QqS1rRI,57258,271,0,2026-05-15 06:18:52.127422,cohort3
tGBI-X5GdtM,8934,0,3,2026-05-15 06:18:52.127422,cohort3
6WANHvHT1mI,48790,146,2,2026-05-15 06:18:52.127422,cohort3
uzfOQydNpJs,19865,419,57,2026-05-15 06:18:52.127422,cohort3
t92n8bszngs,9854,39,0,2026-05-15 06:18:52.127422,cohort3
v7dFdqvElTE,9289,225,128,2026-05-15 06:18:52.127422,cohort3
B7IpuDdlFgo,7221,24,0,2026-05-15 06:18:52.127422,cohort3
qJrrNqmdFIM,25245,0,2,2026-05-15 06:18:52.127422,cohort3
GYW9PV0MtsQ,8414,130,2,2026-05-15 06:18:52.127422,cohort3
FlH3raMSdfU,20106,161,2,2026-05-15 06:18:52.127422,cohort3
17s3uKE5ARI,44233,146,1,2026-05-15 06:18:52.127422,cohort3
eWAMRSDoiME,6314,35,0,2026-05-15 06:18:52.127422,cohort3
J1Z43pWRbs8,70280,2528,15,2026-05-15 06:18:52.127422,cohort3
QNUmLNGoO9Y,9924,83,2,2026-05-15 06:18:52.127422,cohort3
8c1bpP2kK-4,14034,15,2,2026-05-15 06:18:52.127422,cohort3
kRRcjQvOEAU,9386,53,0,2026-05-15 06:18:52.127422,cohort3
gKgqRlV7IeI,24300,313,0,2026-05-15 06:18:52.127422,cohort3
ilVbxQ1917I,5865,17,1,2026-05-15 06:18:52.127422,cohort3
WvKYodJWB8E,11375,46,7,2026-05-15 06:18:52.127422,cohort3
7KK4YdUsrro,5401,61,1,2026-05-15 06:18:52.127422,cohort3
FNyE65wSiHU,20607,0,66,2026-05-15 06:18:52.127422,cohort3
T_UiMBuz-7c,9352,215,4,2026-05-15 06:18:52.127422,cohort3
1K_ef78I-cs,58327,116,1,2026-05-15 06:18:52.127422,cohort3
5034udlayJQ,55944,139,2,2026-05-15 06:18:52.127422,cohort3
JKQrM8LAkRE,4158,0,2,2026-05-15 06:18:52.127422,cohort3
A0TZh9YSeUI,4345,16,0,2026-05-15 06:18:52.127422,cohort3
gO3V_8KY3b0,14474,54,5,2026-05-15 06:18:52.127422,cohort3
u7TFph_gQTY,5791,40,1,2026-05-15 06:18:52.127422,cohort3
xl8d10ISvG4,22843,442,6,2026-05-15 06:18:52.127422,cohort3
xgQegicuO3M,20183,1184,24,2026-05-15 06:18:52.127422,cohort3
Yzq0fac9PX8,16662,506,1,2026-05-15 06:18:52.127422,cohort3
1I3VCOl4ysQ,10295,176,0,2026-05-15 06:18:52.127422,cohort3
HS0kzb8ylHU,21366,546,2,2026-05-15 06:18:52.127422,cohort3
qf4Gs6L1DUw,4030,75,15,2026-05-15 06:18:52.127422,cohort3
N51SyUqi1Ww,5693,53,0,2026-05-15 06:18:52.127422,cohort3
r6d_yvGCkdE,121974,786,285,2026-05-15 06:18:52.127422,cohort3
c8bCRfz9mwM,11528,40,15,2026-05-15 06:18:52.127422,cohort3
EzyDbu-KYXs,19998,565,49,2026-05-15 06:18:52.127422,cohort3
LgcXsJEilDo,11626,345,7,2026-05-15 06:18:52.127422,cohort3
1QG6FjY2AEs,19556,899,82,2026-05-15 06:18:52.127422,cohort3
LWcdv8IfI5c,23068,1172,5,2026-05-15 06:18:52.127422,cohort3
Q8Sc_05ajBo,4345,35,0,2026-05-15 06:18:52.127422,cohort3
QRdOqeBtTZE,10692,221,0,2026-05-15 06:18:52.127422,cohort3
vEomourPKSg,817445,9845,42,2026-05-15 06:18:52.127422,cohort3
28bbsKcpR-U,4113,125,2,2026-05-15 06:18:52.127422,cohort3
a7gmO1BB72A,3682,58,9,2026-05-15 06:18:52.127422,cohort3
IzayoH-c3Y0,78847,1422,7,2026-05-15 06:18:52.127422,cohort3
aUzQQScII0E,21740,214,3,2026-05-15 06:18:52.127422,cohort3
uhVzRthZ2y8,4128,0,5,2026-05-15 06:18:52.127422,cohort3
9VcET-JR-l4,15088,0,8,2026-05-15 06:18:52.127422,cohort3
TMEMDflzptE,1490,83,11,2026-05-15 06:18:52.127422,cohort3
W3KnFSGm-is,3593,31,1,2026-05-15 06:18:52.127422,cohort3
Y7hGLH-w1S0,59183,0,38,2026-05-15 06:18:52.127422,cohort3
qdlW6NrC0lY,12489,163,0,2026-05-15 06:18:52.127422,cohort3
kPxIBP_X2Ao,1998,103,9,2026-05-15 06:18:52.127422,cohort3
6kaSRDa_-iE,7866,356,24,2026-05-15 06:18:52.127422,cohort3
fvBKpxS_tLU,4107,107,6,2026-05-15 06:18:52.127422,cohort3
QRXphcwc_zc,1606,34,2,2026-05-15 06:18:52.127422,cohort3
9o0kLocjyeo,1821,56,3,2026-05-15 06:18:52.127422,cohort3
3Zp56JVI4U4,6810,391,8,2026-05-15 06:18:52.127422,cohort3
Yq8G-i9imX8,6731,73,0,2026-05-15 06:18:52.127422,cohort3
GMKsqOkrryc,31482,868,4,2026-05-15 06:18:52.127422,cohort3
6FZ8A43m8Rg,7164,558,10,2026-05-15 06:18:52.127422,cohort3
JdSEetzVY8U,27857,107,4,2026-05-15 06:18:52.127422,cohort3
Co6WstKZoMo,6191,91,4,2026-05-15 06:18:52.127422,cohort3
0y71_9fQuI0,1048,23,0,2026-05-15 06:18:52.127422,cohort3
Y_hnAMTtgkE,906,26,0,2026-05-15 06:18:52.127422,cohort3
nkydxta3qlE,1707,13,0,2026-05-15 06:18:52.127422,cohort3
HwgjpETU3kQ,6964,27,0,2026-05-15 06:18:52.127422,cohort3
ClhLO8o5eRo,14833,716,17,2026-05-15 06:18:52.127422,cohort3
OnPBmf2Jvyc,903,12,4,2026-05-15 06:18:52.127422,cohort3
ACFNRfV4l50,12495,59,0,2026-05-15 06:18:52.127422,cohort3
9HK_T7qsR_8,6853,426,7,2026-05-15 06:18:52.127422,cohort3
NU4s4iD5YC0,3901,29,10,2026-05-15 06:18:52.127422,cohort3
GWvG4nX-NHM,1067,52,0,2026-05-15 06:18:52.127422,cohort3
20ZF4aaXqn8,2716,15,1,2026-05-15 06:18:52.127422,cohort3
LzgUtaCtofw,2861,14,0,2026-05-15 06:18:52.127422,cohort3
rrEOxchfbLk,1945,81,12,2026-05-15 06:18:52.127422,cohort3
5m_hVuNUK2Y,12204,59,0,2026-05-15 06:18:52.127422,cohort3
h_P1_Q3sZ1Y,26237,1278,5,2026-05-15 06:18:52.127422,cohort3
jgfmmPpHBb0,3962,30,0,2026-05-15 06:18:52.127422,cohort3
i9z19FoOVmc,51095,4828,351,2026-05-15 06:18:52.127422,cohort3
u9lKPGfNOnI,12024,221,0,2026-05-15 06:18:52.127422,cohort3
NFwiUtyFQac,1937,53,2,2026-05-15 06:18:52.127422,cohort3
QVkelJjEnMk,1147,33,0,2026-05-15 06:18:52.127422,cohort3
SeQP9MRmz8o,9663,568,8,2026-05-15 06:18:52.127422,cohort3
FcO0H0qgmCA,2526,93,3,2026-05-15 06:18:52.127422,cohort3
w4cYUu8EOYQ,3257,33,0,2026-05-15 06:18:52.127422,cohort3
j93ssOoHX-A,1180,10,2,2026-05-15 06:18:52.127422,cohort3
CnfbB7fSOF8,1570,25,1,2026-05-15 06:18:52.127422,cohort3
wqkhoaAGTfs,1173,5,0,2026-05-15 06:18:52.127422,cohort3
BiIcQciyVB8,1590,0,2,2026-05-15 06:18:52.127422,cohort3
1r8dwTYGNSk,5493,247,5,2026-05-15 06:18:52.127422,cohort3
ZrXpXQvjcQQ,4031,74,14,2026-05-15 06:18:52.127422,cohort3
Xur7XgOl_yA,1039,1,0,2026-05-15 06:18:52.127422,cohort3
u32RFc_9pfM,4675,163,3,2026-05-15 06:18:52.127422,cohort3
lEHEnK1bduA,1273,14,0,2026-05-15 06:18:52.127422,cohort3
5KOpzd0TEy8,1641,16,0,2026-05-15 06:18:52.127422,cohort3
EjcuQGPt1R0,1046,6,0,2026-05-15 06:18:52.127422,cohort3
hbcGLmkW_-o,1675,72,38,2026-05-15 06:18:52.127422,cohort3
AHRoWLpTs1Q,1203,16,1,2026-05-15 06:18:52.127422,cohort3
JUOOcUHYLn0,17295,310,3,2026-05-15 06:18:52.127422,cohort3
41pazsoQsKc,1100,10,0,2026-05-15 06:18:52.127422,cohort3
7zGi37_Mo-M,118337,682,2,2026-05-15 06:18:52.127422,cohort3
MyFNOo1_GKg,39681,208,6,2026-05-15 06:18:52.127422,cohort3
6iGOhNr9-Ko,27403,360,31,2026-05-15 06:18:52.127422,cohort3
kYjC2EAQMaE,3816,197,1,2026-05-15 06:18:52.127422,cohort3
3nxJt1ticUA,7004,7,0,2026-05-15 06:18:52.127422,cohort3
WouyFAMASzY,905,8,0,2026-05-15 06:18:52.127422,cohort3
c9W2QvR2R3s,1274,21,0,2026-05-15 06:18:52.127422,cohort3
R4Q86Hhs9zE,7768,114,4,2026-05-15 06:18:52.127422,cohort3
yMlw2IrGlIo,746,0,0,2026-05-15 06:18:52.127422,cohort3
FMRGBRCqg_s,1655,24,2,2026-05-15 06:18:52.127422,cohort3
TgVHw74SKAI,1136,17,0,2026-05-15 06:18:52.127422,cohort3
RnOwfKZvffw,8012,345,2,2026-05-15 06:18:52.127422,cohort3
GqcfZHiXJMA,13019,156,2,2026-05-15 06:18:52.127422,cohort3
IRjofNhuNeQ,2645,27,0,2026-05-15 06:18:52.127422,cohort3
0EmFi6I4qkQ,4586,204,4,2026-05-15 06:18:52.127422,cohort3
f5eSl4dosW8,13095,1558,19,2026-05-15 06:18:52.127422,cohort3
W2VbetxSgcg,9344,448,12,2026-05-15 06:18:52.127422,cohort3
nCmDTuykDNE,4168,139,8,2026-05-15 06:18:52.127422,cohort3
pIXV1-kNi2c,1837,120,8,2026-05-15 06:18:52.127422,cohort3
CozvUZg2uBg,1307,37,13,2026-05-15 06:18:52.127422,cohort3
PCLJT8XxKe8,3771,17,0,2026-05-15 06:18:52.127422,cohort3
wj4MXY7tMnI,1056,45,0,2026-05-15 06:18:52.127422,cohort3
x-uMJCmzyL4,1724,24,1,2026-05-15 06:18:52.127422,cohort3
wtiK8FpQLs8,1010,23,3,2026-05-15 06:18:52.127422,cohort3
6BIPEdM8MY8,2748,88,4,2026-05-15 06:18:52.127422,cohort3
Cjn-3BYO3rY,25781,117,0,2026-05-15 06:18:52.127422,cohort3
vUL-pF-Lp6Q,2161,31,4,2026-05-15 06:18:52.127422,cohort3
JZDMT_gjetA,1820,16,1,2026-05-15 06:18:52.127422,cohort3
C23ATAn5M3U,739,11,1,2026-05-15 06:18:52.127422,cohort3
rbAvc2bNelQ,10228,160,2,2026-05-15 06:18:52.127422,cohort3
6HsbJ7z5ctI,2094,35,0,2026-05-15 06:18:52.127422,cohort3
hAtKWR-1pEs,25751,548,0,2026-05-15 06:18:52.127422,cohort3
NCdoTXYsP_A,1650,0,0,2026-05-15 06:18:52.127422,cohort3
Vb5RADCkce8,954,31,0,2026-05-15 06:18:52.127422,cohort3
0snHIFYRrOo,3871,4,0,2026-05-15 06:18:52.127422,cohort3
1U_B9mn_pzk,1158,26,2,2026-05-15 06:18:52.127422,cohort3
wwfWbtGt4T8,1476,14,0,2026-05-15 06:18:52.127422,cohort3
ZtyawLxEZpI,2746,68,1,2026-05-15 06:18:52.127422,cohort3
VpfZv0CsRoA,809,8,0,2026-05-15 06:18:52.127422,cohort3
gCGWzckiahI,1291,19,0,2026-05-15 06:18:52.127422,cohort3
Vev-BMcXHho,1820,20,2,2026-05-15 06:18:52.127422,cohort3
pggjv6EZRu4,3590,51,0,2026-05-15 06:18:52.127422,cohort3
tThXHX6KekA,1279,48,0,2026-05-15 06:18:52.127422,cohort3
UMdUjZomNsU,1116,35,0,2026-05-15 06:18:52.127422,cohort3
eKzb1RKYSUM,1952,18,0,2026-05-15 06:18:52.127422,cohort3
JgqiD7TKJX4,1490,4,0,2026-05-15 06:18:52.127422,cohort3
OYCSDuV3_fY,25433,0,6,2026-05-15 06:18:52.127422,cohort3
uuRSIghKJ8s,1686,30,2,2026-05-15 06:18:52.127422,cohort3
tVVN5rfFcpI,1601,18,5,2026-05-15 06:18:52.127422,cohort3
Xv9DUx1NoDw,56148,262,53,2026-05-15 06:18:52.127422,cohort3
VBJoaZXapAg,12724,1041,29,2026-05-15 06:18:52.127422,cohort3
UHoU2jGoHiY,1931,0,3,2026-05-15 06:18:52.127422,cohort3
QcBLVviuFns,38008,129,5,2026-05-15 06:18:52.127422,cohort3
fRv8KKbyPNQ,7635,361,27,2026-05-15 06:18:52.127422,cohort3
M7KyduM8WA4,9408,73,8,2026-05-15 06:18:52.127422,cohort3
y89mRR2jby4,836,9,7,2026-05-15 06:18:52.127422,cohort3
S9XMknRveG0,8756,12,0,2026-05-15 06:18:52.127422,cohort3
MA76_CJ63xY,5231,33,1,2026-05-15 06:18:52.127422,cohort3
oFvdABEfMCY,1499,34,0,2026-05-15 06:18:52.127422,cohort3
4lTm24zr_JQ,6843,257,1,2026-05-15 06:18:52.127422,cohort3
lOCar5PWRB4,3971,40,5,2026-05-15 06:18:52.127422,cohort3
SMH2HgXPC6k,12848,339,2,2026-05-15 06:18:52.127422,cohort3
BwZUvus7RMA,12961,19,1,2026-05-15 06:18:52.127422,cohort3
03_e2NIlDT8,969,73,24,2026-05-15 06:18:52.127422,cohort3
Cm4ymJFaTC0,1594,26,1,2026-05-15 06:18:52.127422,cohort3
mGAvwIVwekM,36476,0,24,2026-05-15 06:18:52.127422,cohort3
AahJtOM0hGA,1409,68,4,2026-05-15 06:18:52.127422,cohort3
AuDUu1V5Re8,7386,70,0,2026-05-15 06:18:52.127422,cohort3
AFNNIGP6kks,16399,20,0,2026-05-15 06:18:52.127422,cohort3
yOW1GzpaFAw,34499,193,2,2026-05-15 06:18:52.127422,cohort3
NA1e_JYfPI0,10537,215,0,2026-05-15 06:18:52.127422,cohort3
leYD-nmMeBI,22026,130,0,2026-05-15 06:18:52.127422,cohort3
UKIYr0bkvKo,12122,0,0,2026-05-15 06:18:52.127422,cohort3
U7kKKGLCyow,6767,113,2,2026-05-15 06:18:52.127422,cohort3
GAls3kX-EJg,3172,193,55,2026-05-15 06:18:52.127422,cohort3
1SinRmfSX6A,101631,231,0,2026-05-15 06:18:52.127422,cohort3
RBPPWEFIuAc,3092,26,2,2026-05-15 06:18:52.127422,cohort3
iiWNKfPrnM8,644,0,5,2026-05-15 06:18:52.127422,cohort3
xcCqwINGNg8,29241,134,138,2026-05-15 06:18:52.127422,cohort3
ZBnRHPhlumM,444,25,14,2026-05-15 06:18:52.127422,cohort3
uSsuA2zjPKg,32916,135,0,2026-05-15 06:18:52.127422,cohort3
i2PmasH5y9k,16146,222,93,2026-05-15 06:18:52.127422,cohort3
XsT0jJTCJgc,1340,20,2,2026-05-15 06:18:52.127422,cohort3
lB7NBsPpqJ0,3414,203,1,2026-05-15 06:18:52.127422,cohort3
gLR2W1FJ8P0,574,6,1,2026-05-15 06:18:52.127422,cohort3
Od4mfgOFaqg,1391,211,25,2026-05-15 06:18:52.127422,cohort3
2aCu6ux25MI,825,2,0,2026-05-15 06:18:52.127422,cohort3
l0DI2iB9ldw,2257,10,3,2026-05-15 06:18:52.127422,cohort3
g3fEtSyQloo,2272,10,0,2026-05-15 06:18:52.127422,cohort3
Q3kRndcte0E,126495,1526,2,2026-05-15 06:18:52.127422,cohort3
Vo1vv_Ym5Cc,22462,443,1,2026-05-15 06:18:52.127422,cohort3
w3d9nSdTGRM,732,5,2,2026-05-15 06:18:52.127422,cohort3
_ORVex7RgzM,24083,352,5,2026-05-15 06:18:52.127422,cohort3
Gn-mNHd7TXk,333,0,2,2026-05-15 06:18:52.127422,cohort3
LLmASTg5zTA,205,4,0,2026-05-15 06:18:52.127422,cohort3
kpg781AgU9k,19,3,0,2026-05-15 06:18:52.127422,cohort3
fH31AerO5ug,1347,46,8,2026-05-15 06:18:52.127422,cohort3
H76uwtIK1os,122,5,0,2026-05-15 06:18:52.127422,cohort3
ME1MlJrfHb4,1171,14,0,2026-05-15 06:18:52.127422,cohort3
0TeTLQd_Kgk,8547,198,6,2026-05-15 06:18:52.127422,cohort3
3OMGaTmBCvQ,266,0,0,2026-05-15 06:18:52.127422,cohort3
fQmxUC8Di9E,2801,233,0,2026-05-15 06:18:52.127422,cohort3
ddfqymtwp6E,917,8,0,2026-05-15 06:18:52.127422,cohort3
p-AFzTLnii0,1310,8,0,2026-05-15 06:18:52.127422,cohort3
BBLOOKAzogo,23732,396,6,2026-05-15 06:18:52.127422,cohort3
SVOkqzzftNc,40901,24,0,2026-05-15 06:18:52.127422,cohort3
ul965bFb60Q,42258,0,2,2026-05-15 06:18:52.127422,cohort3
7DQBb4TSuFg,38551,313,1,2026-05-15 06:18:52.127422,cohort3
FY0b8kfAWqE,172915,2495,81,2026-05-15 06:18:52.127422,cohort3
HpW0hFFUfzM,24031,1909,2,2026-05-15 06:18:52.127422,cohort3
BZAK7bPZRIk,146983,3452,17,2026-05-15 06:18:52.127422,cohort3
NiFzocRzTnA,1956621,34279,387,2026-05-15 06:18:52.127422,cohort3
EkzAJE9jCMI,59008,965,1,2026-05-15 06:18:52.127422,cohort3
fKzhDNkNHgY,18512,64,0,2026-05-15 06:18:52.127422,cohort3
KokmUFJhgOE,174158,7806,45,2026-05-15 06:18:52.127422,cohort3
2XfipfdRetU,20095,329,1,2026-05-15 06:18:52.127422,cohort3
GG5Xop0s-Ss,24055,97,0,2026-05-15 06:18:52.127422,cohort3
LPA4ajdgboQ,33552,956,55,2026-05-15 06:18:52.127422,cohort3
XleHdxX7c1o,21388,258,12,2026-05-15 06:18:52.127422,cohort3
xq3JtqC2tic,25405,455,3,2026-05-15 06:18:52.127422,cohort3
-pzEgeUEUJI,31224,151,0,2026-05-15 06:18:52.127422,cohort3
t62ES0itVWA,53651,317,0,2026-05-15 06:18:52.127422,cohort3
2kru4OOwgs8,39083,252,13,2026-05-15 06:18:52.127422,cohort3
HEgID7liLxk,21719,795,13,2026-05-15 06:18:52.127422,cohort3
Y7bkcfBLQvs,51735,97,1,2026-05-15 06:18:52.127422,cohort3
AYveM58k934,11970,148,7,2026-05-15 06:18:52.127422,cohort3
pfPskj9X5RQ,18168,191,16,2026-05-15 06:18:52.127422,cohort3
Z8L3kUjfzII,55175,629,10,2026-05-15 06:18:52.127422,cohort3
ftWyAkuA9A0,13514,75,2,2026-05-15 06:18:52.127422,cohort3
6l0IAaeQV9o,10949,89,4,2026-05-15 06:18:52.127422,cohort3
RqTZOQYeSj8,23800,473,1,2026-05-15 06:18:52.127422,cohort3
4KhF-pf3yTQ,4678,89,3,2026-05-15 06:18:52.127422,cohort3
T6GNRDi5b3Y,7346,231,19,2026-05-15 06:18:52.127422,cohort3
tnDGeZGeUWI,20907,20,1,2026-05-15 06:18:52.127422,cohort3
IDZ2lFb2wTM,6020,41,0,2026-05-15 06:18:52.127422,cohort3
D58uQP2HG94,41400,211,1,2026-05-15 06:18:52.127422,cohort3
ifqkEvuqHbI,143512,2248,19,2026-05-15 06:18:52.127422,cohort3
lzaOLtEOqgI,43977,48,1,2026-05-15 06:18:52.127422,cohort3
PUI3hPRXTEQ,5369,23,0,2026-05-15 06:18:52.127422,cohort3
15JwNKYy6Vg,42312,1158,82,2026-05-15 06:18:52.127422,cohort3
RvJAtMuBV5g,26533,178,1,2026-05-15 06:18:52.127422,cohort3
Es8bRaKZHkQ,2857,36,0,2026-05-15 06:18:52.127422,cohort3
gm-iEVxl5Ew,2008,21,8,2026-05-15 06:18:52.127422,cohort3
FyckdNPkmVk,29414,284,4,2026-05-15 06:18:52.127422,cohort3
0spHr4gCY4w,11558,0,1,2026-05-15 06:18:52.127422,cohort3
_GWFMlcwnF8,10846,30,1,2026-05-15 06:18:52.127422,cohort3
QmorWWrDL04,30258,0,183,2026-05-15 06:18:52.127422,cohort3
Q8XB2RQ3ROI,1687,11,1,2026-05-15 06:18:52.127422,cohort3
6ifUbpbI55M,8862,64,2,2026-05-15 06:18:52.127422,cohort3
bL7XBZJboNM,19786,155,3,2026-05-15 06:18:52.127422,cohort3
GyrTFM9gmXY,3221,37,0,2026-05-15 06:18:52.127422,cohort3
a2XfZ4VXvGA,2250,27,0,2026-05-15 06:18:52.127422,cohort3
gRV8O-JrxOY,7673,289,21,2026-05-15 06:18:52.127422,cohort3
TJveAqdT5EA,1754,26,0,2026-05-15 06:18:52.127422,cohort3
mDYRXJ0p4PQ,1256,18,0,2026-05-15 06:18:52.127422,cohort3
5y8TUm2aD0o,22058,135,0,2026-05-15 06:18:52.127422,cohort3
p9UYqskIoQA,23445,805,18,2026-05-15 06:18:52.127422,cohort3
xzKUi93pPHA,23676,1285,49,2026-05-15 06:18:52.127422,cohort3
rT-NLSHcE9s,10322,94,2,2026-05-15 06:18:52.127422,cohort3
-_mHx7Ft5wU,1203,43,1,2026-05-15 06:18:52.127422,cohort3
AlSZCsLEIgs,1780,32,0,2026-05-15 06:18:52.127422,cohort3
r3gidU4xS7I,1207,0,0,2026-05-15 06:18:52.127422,cohort3
uilr_SZtOUI,14345,378,8,2026-05-15 06:18:52.127422,cohort3
7D9WIfmzntE,7238,524,6,2026-05-15 06:18:52.127422,cohort3
64Kgdkeu624,2177,33,1,2026-05-15 06:18:52.127422,cohort3
8DQIdUPSTSI,1515,17,4,2026-05-15 06:18:52.127422,cohort3
QZsiQ82Z2NQ,12033,130,0,2026-05-15 06:18:52.127422,cohort3
f3rQ9mfaMTQ,1036,27,1,2026-05-15 06:18:52.127422,cohort3
gZeUZ59Isp0,1201,70,6,2026-05-15 06:18:52.127422,cohort3
L7Z0xXi8K7c,1193,34,0,2026-05-15 06:18:52.127422,cohort3
1CumQ1UO9IE,15446,330,5,2026-05-15 06:18:52.127422,cohort3
ehJEp8UBqVI,726,5,1,2026-05-15 06:18:52.127422,cohort3
llkjHbzopc8,72467,725,5,2026-05-15 06:18:52.127422,cohort3
6MTTJ_sesws,17345,672,9,2026-05-15 06:18:52.127422,cohort3
ES7Fm2NxK0Y,1285,51,1,2026-05-15 06:18:52.127422,cohort3
hPspv_cG0T4,1656,15,5,2026-05-15 06:18:52.127422,cohort3
gMoqx9_XKWA,13599,156,1,2026-05-15 06:18:52.127422,cohort3
fKQ_8fCJiBQ,1429,35,3,2026-05-15 06:18:52.127422,cohort3
erHoZyk8jOU,10812,206,14,2026-05-15 06:18:52.127422,cohort3
JFi0y0ee9C0,34918,0,1,2026-05-15 06:18:52.127422,cohort3
TUR6yFb7sVI,2092,180,36,2026-05-15 06:18:52.127422,cohort3
UrRo4FbJfgI,1653,128,3,2026-05-15 06:18:52.127422,cohort3
p9hMaOcN-h0,1041,13,1,2026-05-15 06:18:52.127422,cohort3
BPzQ7h1WteM,1044,22,1,2026-05-15 06:18:52.127422,cohort3
Myf61iqyVaI,439,12,0,2026-05-15 06:18:52.127422,cohort3
ODkYVR6PR5U,1639,44,0,2026-05-15 06:18:52.127422,cohort3
NLIVrkP2KnQ,969,9,1,2026-05-15 06:18:52.127422,cohort3
htdw_jINtxY,5574,164,0,2026-05-15 06:18:52.127422,cohort3
bkuCXbCczuo,1291,21,3,2026-05-15 06:18:52.127422,cohort3
oiCnT4xsyvE,1487,0,11,2026-05-15 06:18:52.127422,cohort3
VVXPeqoXlag,3084,0,0,2026-05-15 06:18:52.127422,cohort3
4tNYDcnwu3Q,1861,98,2,2026-05-15 06:18:52.127422,cohort3
5Q0RrkIzGWE,8604,1563,26,2026-05-15 06:18:52.127422,cohort3
w9ns9UkSACY,6217,550,17,2026-05-15 06:18:52.127422,cohort3
tEaHmIkAOKc,27584,461,2,2026-05-15 06:18:52.127422,cohort3
L6RkCe94EOw,9446,29,0,2026-05-15 06:18:52.127422,cohort3
J8IaK5crBY0,997,7,5,2026-05-15 06:18:52.127422,cohort3
qlytOiz-VF8,1371,0,0,2026-05-15 06:18:52.127422,cohort3
qxv2nKYBfh4,1944,53,0,2026-05-15 06:18:52.127422,cohort3
FCHM-DT1Ock,3087,189,2,2026-05-15 06:18:52.127422,cohort3
Q2s6CtBHfYI,1699,104,2,2026-05-15 06:18:52.127422,cohort3
qMLjDg_97sE,11396,3045,5,2026-05-15 06:18:52.127422,cohort3
gmDwY9pQY0Q,1430,10,0,2026-05-15 06:18:52.127422,cohort3
UCjM3nxuVMM,6743,141,3,2026-05-15 06:18:52.127422,cohort3
t1poaYGbWTw,24544,746,5,2026-05-15 06:18:52.127422,cohort3
ezTli7RpPqY,15604,168,3,2026-05-15 06:18:52.127422,cohort3
2lFRLhVD36U,1288,32,2,2026-05-15 06:18:52.127422,cohort3
2nkDz8c6ghs,21667,491,4,2026-05-15 06:18:52.127422,cohort3
GIodLy2v0Gg,18347,306,22,2026-05-15 06:18:52.127422,cohort3
3MROV7dmDro,1027,5,31,2026-05-15 06:18:52.127422,cohort3
XPyeNk4z3zM,1206,27,1,2026-05-15 06:18:52.127422,cohort3
H73zNMTUSP8,1943,3,0,2026-05-15 06:18:52.127422,cohort3
0K5uLUciFvg,14431,710,5,2026-05-15 06:18:52.127422,cohort3
oiPURPJ2L8Q,2033,35,2,2026-05-15 06:18:52.127422,cohort3
RdkoKXZlJSE,5969,54,8,2026-05-15 06:18:52.127422,cohort3
pjGAIeUFpyM,1912,18,4,2026-05-15 06:18:52.127422,cohort3
dS04a5QmpHU,1866,12,0,2026-05-15 06:18:52.127422,cohort3
G7qLJx2bUwg,1183,35,1,2026-05-15 06:18:52.127422,cohort3
OxsLu4Z4dYs,4781,305,13,2026-05-15 06:18:52.127422,cohort3
5cua3o5_Nto,8353,328,11,2026-05-15 06:18:52.127422,cohort3
ZhOy452QEhc,725,0,0,2026-05-15 06:18:52.127422,cohort3
oJ00_Ogk8mY,766,18,7,2026-05-15 06:18:52.127422,cohort3
SxQVvPNVehQ,501,9,0,2026-05-15 06:18:52.127422,cohort3
XfW0ok-dGmY,1536,27,0,2026-05-15 06:18:52.127422,cohort3
hUKo0Ly7Zig,1252,9,1,2026-05-15 06:18:52.127422,cohort3
Ew3CvarawWs,2188,69,3,2026-05-15 06:18:52.127422,cohort3
QMEFDCwqm0s,6861,4,2,2026-05-15 06:18:52.127422,cohort3
1Hi9TY_eJII,618,21,0,2026-05-15 06:18:52.127422,cohort3
8cs696P3BpU,14739,1117,14,2026-05-15 06:18:52.127422,cohort3
SloMOQO7pDg,1913,11,3,2026-05-15 06:18:52.127422,cohort3
SiG-Y1mmBLA,7009,106,7,2026-05-15 06:18:52.127422,cohort3
tI5tBoWqCJA,943,8,0,2026-05-15 06:18:52.127422,cohort3
kKZu--8v9Ds,1910,23,0,2026-05-15 06:18:52.127422,cohort3
XnLHo4i1wkc,2381,54,1,2026-05-15 06:18:52.127422,cohort3
TjlT20vAO7k,7149,0,11,2026-05-15 06:18:52.127422,cohort3
lhMfCZeTQrY,3593,177,0,2026-05-15 06:18:52.127422,cohort3
OXjwdWH_pA8,915,4,1,2026-05-15 06:18:52.127422,cohort3
XPopb1yeA1Q,1176,6,0,2026-05-15 06:18:52.127422,cohort3
iXBMW4H7HwM,605,28,1,2026-05-15 06:18:52.127422,cohort3
4ybERjlkXio,25740,669,454,2026-05-15 06:18:52.127422,cohort3
XMCAWqA3svU,3835,104,8,2026-05-15 06:18:52.127422,cohort3
Zu7DFEVVwDs,28716,1130,15,2026-05-15 06:18:52.127422,cohort3
BqDNAWGRIGg,798,16,0,2026-05-15 06:18:52.127422,cohort3
1Ocl4IeaBe4,689,10,2,2026-05-15 06:18:52.127422,cohort3
wl4g30KZ9IY,16561,184,6,2026-05-15 06:18:52.127422,cohort3
a9ENeZxG3Mw,959,9,0,2026-05-15 06:18:52.127422,cohort3
W9OQZ7gyH2E,997,24,4,2026-05-15 06:18:52.127422,cohort3
KOSkdUG-viY,986,23,4,2026-05-15 06:18:52.127422,cohort3
ZYCoMHvmMaw,809,13,0,2026-05-15 06:18:52.127422,cohort3
Xo1Xi0ykq1o,748,19,1,2026-05-15 06:18:52.127422,cohort3
pTZLcOSGTrc,7184,3118,1,2026-05-15 06:18:52.127422,cohort3
QGBvAZRjs-g,928,17,1,2026-05-15 06:18:52.127422,cohort3
ukZcDV__XWU,179605,8970,112,2026-05-15 06:18:52.127422,cohort3
9Iq-Ajbb5QA,2104,9,1,2026-05-15 06:18:52.127422,cohort3
N1BNFntSEus,1694,23,3,2026-05-15 06:18:52.127422,cohort3
lc7G3tPZoZo,1063,36,2,2026-05-15 06:18:52.127422,cohort3
O5278vm1LCE,77478,0,4,2026-05-15 06:18:52.127422,cohort3
BYs0UUY7yL4,1431,25,4,2026-05-15 06:18:52.127422,cohort3
X3D4ooGVTgs,4351,15,1,2026-05-15 06:18:52.127422,cohort3
UbElea09niQ,1435,29,3,2026-05-15 06:18:52.127422,cohort3
a7vB4aVUTv0,1084,48,5,2026-05-15 06:18:52.127422,cohort3
lxxXtPsjGwc,6645,317,6,2026-05-15 06:18:52.127422,cohort3
5dirbmBGWsI,22422,304,3,2026-05-15 06:18:52.127422,cohort3
HOD7kbC0i-g,19658,704,20,2026-05-15 06:18:52.127422,cohort3
lzCX0HaMcGk,18279,413,31,2026-05-15 06:18:52.127422,cohort3
jzJ33aJidxQ,28565,261,4,2026-05-15 06:18:52.127422,cohort3
QNv0Rqs3tf0,19435,476,12,2026-05-15 06:18:52.127422,cohort3
iurHOCgjbDQ,1239,23,1,2026-05-15 06:18:52.127422,cohort3
2fJvalZKwjk,1780,40,16,2026-05-15 06:18:52.127422,cohort3
NRkxlmdY2iw,7262,15,1,2026-05-15 06:18:52.127422,cohort3
Nox_lBickmI,9893,15,1,2026-05-15 06:18:52.127422,cohort3
vQtUO8cHDLk,4658,0,13,2026-05-15 06:18:52.127422,cohort3
FAEo58E9dD0,2293,122,2,2026-05-15 06:18:52.127422,cohort3
-I2IlBdbDe8,24327,1021,11,2026-05-15 06:18:52.127422,cohort3
FBZSv3aVRZ0,809,33,0,2026-05-15 06:18:52.127422,cohort3
3fIszJG6vHk,694,20,1,2026-05-15 06:18:52.127422,cohort3
XOxAWB5tzEE,90,1,0,2026-05-15 06:18:52.127422,cohort3
QYBbqwTFZs4,3711,10,0,2026-05-15 06:18:52.127422,cohort3
ggNx1s-VMZg,16846,0,1,2026-05-15 06:18:52.127422,cohort3
d_Q02W4Zp0c,10,0,1,2026-05-15 06:18:52.127422,cohort3
fKEwvsGsAjM,696,12,4,2026-05-15 06:18:52.127422,cohort3
05itaSVjK8g,1589,35,2,2026-05-15 06:18:52.127422,cohort3
Ih9NnTsRGH0,1197,25,0,2026-05-15 06:18:52.127422,cohort3
sws-sdRdgCs,1173,9,5,2026-05-15 06:18:52.127422,cohort3
-VB0fBeorzs,784,6,0,2026-05-15 06:18:52.127422,cohort3
1WFLyMPX4ks,738,47,1,2026-05-15 06:18:52.127422,cohort3
4Y5yuNy-GQA,1167,29,4,2026-05-15 06:18:52.127422,cohort3
80Vn8FwZf8Q,5161,94,0,2026-05-15 06:18:52.127422,cohort3
u6a7zWC_XKI,15,7,1,2026-05-15 06:18:52.127422,cohort3
So5oVZ5gemg,1834,13,2,2026-05-15 06:18:52.127422,cohort3
LzT7ciHpEKU,577,7,14,2026-05-15 06:18:52.127422,cohort3
mz80VLi1aD0,122676,1292,9,2026-05-15 06:18:52.127422,cohort3
rDpjl8r5xNY,871,32,2,2026-05-15 06:18:52.127422,cohort3
e88hd3BvnoA,632,29,1,2026-05-15 06:18:52.127422,cohort3
p0-Q7n70aX0,31096,254,7,2026-05-15 06:18:52.127422,cohort3
y8EGoWNOxg0,1627,27,0,2026-05-15 06:18:52.127422,cohort3
zbakUHiTx3g,1054,54,2,2026-05-15 06:18:52.127422,cohort3
Q8Usqrz3bo8,4250,51,5,2026-05-15 06:18:52.127422,cohort3
9TR_iXK1DPM,5,1,0,2026-05-15 06:18:52.127422,cohort3
LmRX5YJaPb0,681,19,0,2026-05-15 06:18:52.127422,cohort3
b76UmpNF578,1790,1,0,2026-05-15 06:18:52.127422,cohort3
-FW8oVEM3n4,247,5,0,2026-05-15 06:18:52.127422,cohort3
pVV-GvyWCMo,5730,9,0,2026-05-15 06:18:52.127422,cohort3
9zXjf4VtY00,39,0,0,2026-05-15 06:18:52.127422,cohort3
7dXRaCP7u08,15,1,0,2026-05-15 06:18:52.127422,cohort3
tUeyb-y9CuI,119,16,0,2026-05-15 06:18:52.127422,cohort3
J6xtmdb2MHQ,22013,76,0,2026-05-15 06:18:52.127422,cohort3
3CF6875jJkw,9,4,0,2026-05-15 06:18:52.127422,cohort3
sHT7MonOKpE,2611,9,0,2026-05-15 06:18:52.127422,cohort3
0N3PdupXcgo,1365,11,0,2026-05-15 06:18:52.127422,cohort3
MQYYCp4o5DM,305,2,0,2026-05-15 06:18:52.127422,cohort3
eYeM1a31aRo,1161,28,0,2026-05-15 06:18:52.127422,cohort3
unUvB7ZjmEE,131653,381,2,2026-05-15 06:18:52.127422,cohort3
6v_aN7iLslc,5847,8,0,2026-05-15 06:18:52.127422,cohort3
Ckn0m3h02uE,228,0,0,2026-05-15 06:18:52.127422,cohort3
UyXAyRFNIfI,2,1,0,2026-05-15 06:18:52.127422,cohort3
rCSWnikqLSE,861,29,0,2026-05-15 06:18:52.127422,cohort3
MeoQm5Eg53U,996,1,0,2026-05-15 06:18:52.127422,cohort3
nMyD68QKXSU,4828,26,0,2026-05-15 06:18:52.127422,cohort3
99B9FvP8fD0,962,23,2,2026-05-15 06:18:52.127422,cohort3
td6Sb_GTN8k,751,4,0,2026-05-15 06:18:52.127422,cohort3
mcRyKH1luMc,1300,24,7,2026-05-15 06:18:52.127422,cohort3
2hxeSuAYUhU,1550,125,20,2026-05-15 06:18:52.127422,cohort3
n0z6UTbOL34,2,1,1,2026-05-15 06:18:52.127422,cohort3
hcghNrm4hTQ,2322,45,3,2026-05-15 06:18:52.127422,cohort3
CsC94oRg_4U,1135,28,0,2026-05-15 06:18:52.127422,cohort3
PumKfEnp8Dw,17376,181,0,2026-05-15 06:18:52.127422,cohort3
C5Tr8AD718I,15811,142,0,2026-05-15 06:18:52.127422,cohort3
dh0lh_XS4YE,699,17,0,2026-05-15 06:18:52.127422,cohort3
l9CYwpt3Hj8,232,4,3,2026-05-15 06:18:52.127422,cohort3
1109gqO5oGo,680995,18931,123,2026-05-15 08:15:53.238330,cohort3
oFmD2PbIftA,854945,29230,25,2026-05-15 08:15:53.238330,cohort3
FIjlwByE538,251372,6213,106,2026-05-15 08:15:53.238330,cohort3
KvcxuhWbbSA,253391,29365,201,2026-05-15 08:15:53.238330,cohort3
8nzSD5N2ip8,133978,683,2,2026-05-15 08:15:53.238330,cohort3
Xg8JvTyeWx0,203741,1441,2,2026-05-15 08:15:53.238330,cohort3
Y1_yTNuyqHQ,64222,420,3,2026-05-15 08:15:53.238330,cohort3
WyBG1FZf648,149302,2326,0,2026-05-15 08:15:53.238330,cohort3
VUFud-jmMz8,173756,1664,120,2026-05-15 08:15:53.238330,cohort3
q19jN8Tq9E0,177902,1596,4,2026-05-15 08:15:53.238330,cohort3
Q_yg2CxvGlw,70770,577,1,2026-05-15 08:15:53.238330,cohort3
zHkcFTFmKyY,218004,5992,53,2026-05-15 08:15:53.238330,cohort3
0yOf48MRCIY,82723,249,0,2026-05-15 08:15:53.238330,cohort3
rGU3yh7lpZk,74495,1303,343,2026-05-15 08:15:53.238330,cohort3
pYcZ9vZFrxM,63789,824,0,2026-05-15 08:15:53.238330,cohort3
R-R6W9GHMRk,30036,345,0,2026-05-15 08:15:53.238330,cohort3
IGpatKX-31M,165400,7510,67,2026-05-15 08:15:53.238330,cohort3
OwLH9rBDov0,61425,1584,12,2026-05-15 08:15:53.238330,cohort3
YEpIh5Yxokw,222990,1342,183,2026-05-15 08:15:53.238330,cohort3
NXBTs29o9Gg,20570,107,1,2026-05-15 08:15:53.238330,cohort3
gJA5y-IMAjY,197449,4940,14,2026-05-15 08:15:53.238330,cohort3
txBVIsLzQWw,26165,315,11,2026-05-15 08:15:53.238330,cohort3
8jkuLdsL4oo,48952,553,10,2026-05-15 08:15:53.238330,cohort3
L3xEAoyytak,44523,162,0,2026-05-15 08:15:53.238330,cohort3
CU3tv6GxuBE,82485,473,6,2026-05-15 08:15:53.238330,cohort3
M4cS4JpUi3o,46711,162,1,2026-05-15 08:15:53.238330,cohort3
el22dLXLTu4,21664,0,1,2026-05-15 08:15:53.238330,cohort3
jZgiOKhWpU0,55954,128,12,2026-05-15 08:15:53.238330,cohort3
rMXdW6EVyBM,17952,445,63,2026-05-15 08:15:53.238330,cohort3
VU32Dbqwv6A,450415,20225,69,2026-05-15 08:15:53.238330,cohort3
cboM6w8VVoM,88345,9222,185,2026-05-15 08:15:53.238330,cohort3
Dym9-kWiInM,10932,265,2,2026-05-15 08:15:53.238330,cohort3
cvQicVgPqTI,177540,510,0,2026-05-15 08:15:53.238330,cohort3
-FrE6TbNvQc,12556,131,0,2026-05-15 08:15:53.238330,cohort3
zj_mYNB7Jlg,15830,1527,84,2026-05-15 08:15:53.238330,cohort3
frzMrzw_pDQ,42612,199,0,2026-05-15 08:15:53.238330,cohort3
Q1uudWcokRo,128066,2932,21,2026-05-15 08:15:53.238330,cohort3
J4DbUap0BZg,297449,4906,25,2026-05-15 08:15:53.238330,cohort3
m2WKhTH5EFk,35973,0,80,2026-05-15 08:15:53.238330,cohort3
hK_MNZuuGeY,36485,178,1,2026-05-15 08:15:53.238330,cohort3
zk8w4Dya8_g,34008,350,7,2026-05-15 08:15:53.238330,cohort3
s_xsGqyAzpI,51138,517,3,2026-05-15 08:15:53.238330,cohort3
4EQwN_0F4-E,22488,24,0,2026-05-15 08:15:53.238330,cohort3
1JveZuqNmRI,13519,45,0,2026-05-15 08:15:53.238330,cohort3
jVst40VuzDA,16502,11,17,2026-05-15 08:15:53.238330,cohort3
p-meA4uy4eE,11722,272,4,2026-05-15 08:15:53.238330,cohort3
nPdZiCG5l8E,10775,65,2,2026-05-15 08:15:53.238330,cohort3
DQ0PfQ4dZH8,16578,166,1,2026-05-15 08:15:53.238330,cohort3
waw_egstnZE,53229,641,14,2026-05-15 08:15:53.238330,cohort3
Su1QwBXmj6w,26960,53,3,2026-05-15 08:15:53.238330,cohort3
VxJWnTcsXeE,33761,125,0,2026-05-15 08:15:53.238330,cohort3
W7ywyXGSi7E,17517,66,0,2026-05-15 08:15:53.238330,cohort3
pVnKfsgQMmw,28952,143,0,2026-05-15 08:15:53.238330,cohort3
yOmoEWmAy58,25347,36,0,2026-05-15 08:15:53.238330,cohort3
RiXmHyCW7Mo,42997,1978,1790,2026-05-15 08:15:53.238330,cohort3
U6j8_ZHO5k0,10223,397,35,2026-05-15 08:15:53.238330,cohort3
ss-MMlWVrLY,16852,797,12,2026-05-15 08:15:53.238330,cohort3
0XBme2bWQi0,95254,11497,338,2026-05-15 08:15:53.238330,cohort3
DhWH-XRwmy4,23942,139,1,2026-05-15 08:15:53.238330,cohort3
BQq9EnmSFGI,18701,0,3,2026-05-15 08:15:53.238330,cohort3
-Ehr7b7ljds,82871,2677,27,2026-05-15 08:15:53.238330,cohort3
UFzE0aPrFJ0,33192,98,0,2026-05-15 08:15:53.238330,cohort3
olBXTQxAnKk,66444,65,28,2026-05-15 08:15:53.238330,cohort3
TeS-6k_BWa0,9524,542,42,2026-05-15 08:15:53.238330,cohort3
h6kAY7B-WwE,11928,26,1,2026-05-15 08:15:53.238330,cohort3
pyMNhJXOJOI,6709,37,1,2026-05-15 08:15:53.238330,cohort3
yDVbCPNFz_U,11217,413,25,2026-05-15 08:15:53.238330,cohort3
rVM522pWfQE,9881,17,1,2026-05-15 08:15:53.238330,cohort3
OEhZ0FvfKeE,40201,3554,35,2026-05-15 08:15:53.238330,cohort3
SnS_QqS1rRI,58289,271,0,2026-05-15 08:15:53.238330,cohort3
tGBI-X5GdtM,8955,0,3,2026-05-15 08:15:53.238330,cohort3
6WANHvHT1mI,48942,146,2,2026-05-15 08:15:53.238330,cohort3
uzfOQydNpJs,20453,433,58,2026-05-15 08:15:53.238330,cohort3
t92n8bszngs,9864,39,0,2026-05-15 08:15:53.238330,cohort3
v7dFdqvElTE,9445,227,129,2026-05-15 08:15:53.238330,cohort3
B7IpuDdlFgo,7225,24,0,2026-05-15 08:15:53.238330,cohort3
qJrrNqmdFIM,25519,0,3,2026-05-15 08:15:53.238330,cohort3
GYW9PV0MtsQ,8494,131,2,2026-05-15 08:15:53.238330,cohort3
FlH3raMSdfU,21110,162,2,2026-05-15 08:15:53.238330,cohort3
17s3uKE5ARI,45215,149,1,2026-05-15 08:15:53.238330,cohort3
eWAMRSDoiME,6314,35,0,2026-05-15 08:15:53.238330,cohort3
J1Z43pWRbs8,74864,2619,15,2026-05-15 08:15:53.238330,cohort3
QNUmLNGoO9Y,10157,98,2,2026-05-15 08:15:53.238330,cohort3
8c1bpP2kK-4,14083,15,2,2026-05-15 08:15:53.238330,cohort3
kRRcjQvOEAU,9386,53,0,2026-05-15 08:15:53.238330,cohort3
gKgqRlV7IeI,24745,319,0,2026-05-15 08:15:53.238330,cohort3
ilVbxQ1917I,5865,17,1,2026-05-15 08:15:53.238330,cohort3
WvKYodJWB8E,12528,46,7,2026-05-15 08:15:53.238330,cohort3
7KK4YdUsrro,5436,61,1,2026-05-15 08:15:53.238330,cohort3
FNyE65wSiHU,21954,0,70,2026-05-15 08:15:53.238330,cohort3
T_UiMBuz-7c,9493,218,4,2026-05-15 08:15:53.238330,cohort3
1K_ef78I-cs,61365,117,1,2026-05-15 08:15:53.238330,cohort3
5034udlayJQ,58027,141,4,2026-05-15 08:15:53.238330,cohort3
JKQrM8LAkRE,4551,0,2,2026-05-15 08:15:53.238330,cohort3
A0TZh9YSeUI,4345,16,0,2026-05-15 08:15:53.238330,cohort3
gO3V_8KY3b0,15509,56,6,2026-05-15 08:15:53.238330,cohort3
u7TFph_gQTY,5828,60,1,2026-05-15 08:15:53.238330,cohort3
xl8d10ISvG4,22961,442,6,2026-05-15 08:15:53.238330,cohort3
xgQegicuO3M,20360,1195,24,2026-05-15 08:15:53.238330,cohort3
Yzq0fac9PX8,19464,562,1,2026-05-15 08:15:53.238330,cohort3
1I3VCOl4ysQ,10471,177,0,2026-05-15 08:15:53.238330,cohort3
HS0kzb8ylHU,21378,547,2,2026-05-15 08:15:53.238330,cohort3
qf4Gs6L1DUw,4105,75,15,2026-05-15 08:15:53.238330,cohort3
N51SyUqi1Ww,5784,57,0,2026-05-15 08:15:53.238330,cohort3
r6d_yvGCkdE,124225,802,296,2026-05-15 08:15:53.238330,cohort3
c8bCRfz9mwM,11964,42,15,2026-05-15 08:15:53.238330,cohort3
EzyDbu-KYXs,20027,566,49,2026-05-15 08:15:53.238330,cohort3
LgcXsJEilDo,11661,344,7,2026-05-15 08:15:53.238330,cohort3
1QG6FjY2AEs,19596,898,82,2026-05-15 08:15:53.238330,cohort3
LWcdv8IfI5c,24447,1215,5,2026-05-15 08:15:53.238330,cohort3
Q8Sc_05ajBo,4345,35,0,2026-05-15 08:15:53.238330,cohort3
QRdOqeBtTZE,11863,274,1,2026-05-15 08:15:53.238330,cohort3
vEomourPKSg,828288,9992,42,2026-05-15 08:15:53.238330,cohort3
28bbsKcpR-U,4122,126,2,2026-05-15 08:15:53.238330,cohort3
a7gmO1BB72A,3716,58,9,2026-05-15 08:15:53.238330,cohort3
IzayoH-c3Y0,79919,1432,7,2026-05-15 08:15:53.238330,cohort3
aUzQQScII0E,21843,228,3,2026-05-15 08:15:53.238330,cohort3
uhVzRthZ2y8,4187,0,5,2026-05-15 08:15:53.238330,cohort3
9VcET-JR-l4,15928,0,9,2026-05-15 08:15:53.238330,cohort3
TMEMDflzptE,1511,85,11,2026-05-15 08:15:53.238330,cohort3
W3KnFSGm-is,3726,31,1,2026-05-15 08:15:53.238330,cohort3
Y7hGLH-w1S0,68113,0,41,2026-05-15 08:15:53.238330,cohort3
qdlW6NrC0lY,14569,226,1,2026-05-15 08:15:53.238330,cohort3
kPxIBP_X2Ao,2018,104,9,2026-05-15 08:15:53.238330,cohort3
6kaSRDa_-iE,8384,393,28,2026-05-15 08:15:53.238330,cohort3
fvBKpxS_tLU,4200,107,6,2026-05-15 08:15:53.238330,cohort3
QRXphcwc_zc,1612,34,2,2026-05-15 08:15:53.238330,cohort3
9o0kLocjyeo,1837,56,3,2026-05-15 08:15:53.238330,cohort3
3Zp56JVI4U4,7043,397,8,2026-05-15 08:15:53.238330,cohort3
Yq8G-i9imX8,7801,87,0,2026-05-15 08:15:53.238330,cohort3
GMKsqOkrryc,31539,868,4,2026-05-15 08:15:53.238330,cohort3
6FZ8A43m8Rg,7591,565,10,2026-05-15 08:15:53.238330,cohort3
JdSEetzVY8U,27984,107,4,2026-05-15 08:15:53.238330,cohort3
Co6WstKZoMo,6315,92,4,2026-05-15 08:15:53.238330,cohort3
0y71_9fQuI0,1050,23,0,2026-05-15 08:15:53.238330,cohort3
Y_hnAMTtgkE,906,26,0,2026-05-15 08:15:53.238330,cohort3
nkydxta3qlE,1711,13,0,2026-05-15 08:15:53.238330,cohort3
HwgjpETU3kQ,6981,27,0,2026-05-15 08:15:53.238330,cohort3
ClhLO8o5eRo,14955,716,17,2026-05-15 08:15:53.238330,cohort3
OnPBmf2Jvyc,903,12,4,2026-05-15 08:15:53.238330,cohort3
ACFNRfV4l50,13703,67,0,2026-05-15 08:15:53.238330,cohort3
9HK_T7qsR_8,7678,493,7,2026-05-15 08:15:53.238330,cohort3
NU4s4iD5YC0,4205,29,10,2026-05-15 08:15:53.238330,cohort3
GWvG4nX-NHM,1067,52,0,2026-05-15 08:15:53.238330,cohort3
20ZF4aaXqn8,2735,15,1,2026-05-15 08:15:53.238330,cohort3
LzgUtaCtofw,2863,14,0,2026-05-15 08:15:53.238330,cohort3
rrEOxchfbLk,1959,83,12,2026-05-15 08:15:53.238330,cohort3
5m_hVuNUK2Y,12268,58,0,2026-05-15 08:15:53.238330,cohort3
h_P1_Q3sZ1Y,26273,1278,5,2026-05-15 08:15:53.238330,cohort3
jgfmmPpHBb0,3962,30,0,2026-05-15 08:15:53.238330,cohort3
i9z19FoOVmc,51293,4840,351,2026-05-15 08:15:53.238330,cohort3
u9lKPGfNOnI,12385,231,0,2026-05-15 08:15:53.238330,cohort3
NFwiUtyFQac,1952,53,2,2026-05-15 08:15:53.238330,cohort3
QVkelJjEnMk,1147,33,0,2026-05-15 08:15:53.238330,cohort3
SeQP9MRmz8o,9664,567,8,2026-05-15 08:15:53.238330,cohort3
FcO0H0qgmCA,2731,95,3,2026-05-15 08:15:53.238330,cohort3
w4cYUu8EOYQ,3257,33,0,2026-05-15 08:15:53.238330,cohort3
j93ssOoHX-A,1180,10,2,2026-05-15 08:15:53.238330,cohort3
CnfbB7fSOF8,1579,25,1,2026-05-15 08:15:53.238330,cohort3
wqkhoaAGTfs,1176,5,0,2026-05-15 08:15:53.238330,cohort3
BiIcQciyVB8,1607,0,2,2026-05-15 08:15:53.238330,cohort3
1r8dwTYGNSk,5602,251,5,2026-05-15 08:15:53.238330,cohort3
ZrXpXQvjcQQ,4331,74,14,2026-05-15 08:15:53.238330,cohort3
Xur7XgOl_yA,1040,1,0,2026-05-15 08:15:53.238330,cohort3
u32RFc_9pfM,4725,165,3,2026-05-15 08:15:53.238330,cohort3
lEHEnK1bduA,1281,14,0,2026-05-15 08:15:53.238330,cohort3
5KOpzd0TEy8,1644,16,0,2026-05-15 08:15:53.238330,cohort3
EjcuQGPt1R0,1046,6,0,2026-05-15 08:15:53.238330,cohort3
hbcGLmkW_-o,1676,72,38,2026-05-15 08:15:53.238330,cohort3
AHRoWLpTs1Q,1203,16,1,2026-05-15 08:15:53.238330,cohort3
JUOOcUHYLn0,17822,313,3,2026-05-15 08:15:53.238330,cohort3
41pazsoQsKc,1100,10,0,2026-05-15 08:15:53.238330,cohort3
7zGi37_Mo-M,126706,701,2,2026-05-15 08:15:53.238330,cohort3
MyFNOo1_GKg,39683,208,6,2026-05-15 08:15:53.238330,cohort3
6iGOhNr9-Ko,27429,360,31,2026-05-15 08:15:53.238330,cohort3
kYjC2EAQMaE,4219,216,1,2026-05-15 08:15:53.238330,cohort3
3nxJt1ticUA,7107,8,0,2026-05-15 08:15:53.238330,cohort3
WouyFAMASzY,905,8,0,2026-05-15 08:15:53.238330,cohort3
c9W2QvR2R3s,1275,21,0,2026-05-15 08:15:53.238330,cohort3
R4Q86Hhs9zE,8030,117,4,2026-05-15 08:15:53.238330,cohort3
yMlw2IrGlIo,748,0,0,2026-05-15 08:15:53.238330,cohort3
FMRGBRCqg_s,1661,24,2,2026-05-15 08:15:53.238330,cohort3
TgVHw74SKAI,1137,17,0,2026-05-15 08:15:53.238330,cohort3
RnOwfKZvffw,8084,346,2,2026-05-15 08:15:53.238330,cohort3
GqcfZHiXJMA,13453,155,2,2026-05-15 08:15:53.238330,cohort3
IRjofNhuNeQ,2645,27,0,2026-05-15 08:15:53.238330,cohort3
0EmFi6I4qkQ,4669,223,5,2026-05-15 08:15:53.238330,cohort3
f5eSl4dosW8,13925,1558,19,2026-05-15 08:15:53.238330,cohort3
W2VbetxSgcg,10083,468,12,2026-05-15 08:15:53.238330,cohort3
nCmDTuykDNE,4297,144,8,2026-05-15 08:15:53.238330,cohort3
pIXV1-kNi2c,1864,120,8,2026-05-15 08:15:53.238330,cohort3
CozvUZg2uBg,1322,37,13,2026-05-15 08:15:53.238330,cohort3
PCLJT8XxKe8,3901,17,0,2026-05-15 08:15:53.238330,cohort3
wj4MXY7tMnI,1056,45,0,2026-05-15 08:15:53.238330,cohort3
x-uMJCmzyL4,1777,24,1,2026-05-15 08:15:53.238330,cohort3
wtiK8FpQLs8,1011,23,3,2026-05-15 08:15:53.238330,cohort3
6BIPEdM8MY8,3266,98,4,2026-05-15 08:15:53.238330,cohort3
Cjn-3BYO3rY,26684,122,0,2026-05-15 08:15:53.238330,cohort3
vUL-pF-Lp6Q,2170,31,4,2026-05-15 08:15:53.238330,cohort3
JZDMT_gjetA,1820,16,1,2026-05-15 08:15:53.238330,cohort3
C23ATAn5M3U,741,11,1,2026-05-15 08:15:53.238330,cohort3
rbAvc2bNelQ,10408,161,2,2026-05-15 08:15:53.238330,cohort3
6HsbJ7z5ctI,2117,35,0,2026-05-15 08:15:53.238330,cohort3
hAtKWR-1pEs,25848,551,0,2026-05-15 08:15:53.238330,cohort3
NCdoTXYsP_A,1671,0,0,2026-05-15 08:15:53.238330,cohort3
Vb5RADCkce8,954,31,0,2026-05-15 08:15:53.238330,cohort3
0snHIFYRrOo,3893,4,0,2026-05-15 08:15:53.238330,cohort3
1U_B9mn_pzk,1158,26,2,2026-05-15 08:15:53.238330,cohort3
wwfWbtGt4T8,1482,14,0,2026-05-15 08:15:53.238330,cohort3
ZtyawLxEZpI,2759,68,1,2026-05-15 08:15:53.238330,cohort3
VpfZv0CsRoA,813,8,0,2026-05-15 08:15:53.238330,cohort3
gCGWzckiahI,1291,19,0,2026-05-15 08:15:53.238330,cohort3
Vev-BMcXHho,1844,22,2,2026-05-15 08:15:53.238330,cohort3
pggjv6EZRu4,3685,53,0,2026-05-15 08:15:53.238330,cohort3
tThXHX6KekA,1292,48,0,2026-05-15 08:15:53.238330,cohort3
UMdUjZomNsU,1145,35,0,2026-05-15 08:15:53.238330,cohort3
eKzb1RKYSUM,1960,18,0,2026-05-15 08:15:53.238330,cohort3
JgqiD7TKJX4,1490,4,0,2026-05-15 08:15:53.238330,cohort3
OYCSDuV3_fY,25562,0,6,2026-05-15 08:15:53.238330,cohort3
uuRSIghKJ8s,1712,31,2,2026-05-15 08:15:53.238330,cohort3
tVVN5rfFcpI,1601,18,5,2026-05-15 08:15:53.238330,cohort3
Xv9DUx1NoDw,57860,270,59,2026-05-15 08:15:53.238330,cohort3
VBJoaZXapAg,12958,1045,29,2026-05-15 08:15:53.238330,cohort3
UHoU2jGoHiY,1941,0,3,2026-05-15 08:15:53.238330,cohort3
QcBLVviuFns,38433,131,5,2026-05-15 08:15:53.238330,cohort3
fRv8KKbyPNQ,7637,361,27,2026-05-15 08:15:53.238330,cohort3
M7KyduM8WA4,9654,82,8,2026-05-15 08:15:53.238330,cohort3
y89mRR2jby4,838,9,7,2026-05-15 08:15:53.238330,cohort3
S9XMknRveG0,9135,12,0,2026-05-15 08:15:53.238330,cohort3
MA76_CJ63xY,5735,35,1,2026-05-15 08:15:53.238330,cohort3
oFvdABEfMCY,1501,34,0,2026-05-15 08:15:53.238330,cohort3
4lTm24zr_JQ,6882,258,1,2026-05-15 08:15:53.238330,cohort3
lOCar5PWRB4,4321,43,5,2026-05-15 08:15:53.238330,cohort3
SMH2HgXPC6k,12995,351,2,2026-05-15 08:15:53.238330,cohort3
BwZUvus7RMA,13411,19,1,2026-05-15 08:15:53.238330,cohort3
03_e2NIlDT8,977,75,24,2026-05-15 08:15:53.238330,cohort3
Cm4ymJFaTC0,1597,26,1,2026-05-15 08:15:53.238330,cohort3
mGAvwIVwekM,36741,0,24,2026-05-15 08:15:53.238330,cohort3
AahJtOM0hGA,1416,68,4,2026-05-15 08:15:53.238330,cohort3
AuDUu1V5Re8,8458,70,0,2026-05-15 08:15:53.238330,cohort3
AFNNIGP6kks,16466,20,0,2026-05-15 08:15:53.238330,cohort3
yOW1GzpaFAw,34533,193,2,2026-05-15 08:15:53.238330,cohort3
NA1e_JYfPI0,10739,217,0,2026-05-15 08:15:53.238330,cohort3
leYD-nmMeBI,22646,134,0,2026-05-15 08:15:53.238330,cohort3
UKIYr0bkvKo,12172,0,0,2026-05-15 08:15:53.238330,cohort3
U7kKKGLCyow,6951,116,2,2026-05-15 08:15:53.238330,cohort3
GAls3kX-EJg,3210,199,55,2026-05-15 08:15:53.238330,cohort3
1SinRmfSX6A,108433,244,0,2026-05-15 08:15:53.238330,cohort3
RBPPWEFIuAc,3092,26,2,2026-05-15 08:15:53.238330,cohort3
iiWNKfPrnM8,644,0,5,2026-05-15 08:15:53.238330,cohort3
xcCqwINGNg8,29444,134,138,2026-05-15 08:15:53.238330,cohort3
ZBnRHPhlumM,444,25,14,2026-05-15 08:15:53.238330,cohort3
uSsuA2zjPKg,33003,135,0,2026-05-15 08:15:53.238330,cohort3
i2PmasH5y9k,16216,222,93,2026-05-15 08:15:53.238330,cohort3
XsT0jJTCJgc,1340,20,2,2026-05-15 08:15:53.238330,cohort3
lB7NBsPpqJ0,3490,204,1,2026-05-15 08:15:53.238330,cohort3
gLR2W1FJ8P0,574,6,1,2026-05-15 08:15:53.238330,cohort3
Od4mfgOFaqg,1445,216,25,2026-05-15 08:15:53.238330,cohort3
2aCu6ux25MI,829,2,0,2026-05-15 08:15:53.238330,cohort3
l0DI2iB9ldw,2257,10,3,2026-05-15 08:15:53.238330,cohort3
g3fEtSyQloo,2296,10,0,2026-05-15 08:15:53.238330,cohort3
Q3kRndcte0E,145016,1695,2,2026-05-15 08:15:53.238330,cohort3
Vo1vv_Ym5Cc,22767,443,1,2026-05-15 08:15:53.238330,cohort3
w3d9nSdTGRM,732,5,2,2026-05-15 08:15:53.238330,cohort3
_ORVex7RgzM,24529,355,5,2026-05-15 08:15:53.238330,cohort3
Gn-mNHd7TXk,340,0,2,2026-05-15 08:15:53.238330,cohort3
LLmASTg5zTA,205,4,0,2026-05-15 08:15:53.238330,cohort3
kpg781AgU9k,19,3,0,2026-05-15 08:15:53.238330,cohort3
fH31AerO5ug,1347,46,8,2026-05-15 08:15:53.238330,cohort3
H76uwtIK1os,122,5,0,2026-05-15 08:15:53.238330,cohort3
ME1MlJrfHb4,1289,16,0,2026-05-15 08:15:53.238330,cohort3
0TeTLQd_Kgk,8669,199,6,2026-05-15 08:15:53.238330,cohort3
3OMGaTmBCvQ,269,0,0,2026-05-15 08:15:53.238330,cohort3
fQmxUC8Di9E,2806,235,0,2026-05-15 08:15:53.238330,cohort3
ddfqymtwp6E,931,8,0,2026-05-15 08:15:53.238330,cohort3
p-AFzTLnii0,1310,8,0,2026-05-15 08:15:53.238330,cohort3
BBLOOKAzogo,23930,402,6,2026-05-15 08:15:53.238330,cohort3
SVOkqzzftNc,41321,24,0,2026-05-15 08:15:53.238330,cohort3
ul965bFb60Q,42538,0,2,2026-05-15 08:15:53.238330,cohort3
7DQBb4TSuFg,38945,326,1,2026-05-15 08:15:53.238330,cohort3
FY0b8kfAWqE,185608,2638,81,2026-05-15 08:15:53.238330,cohort3
HpW0hFFUfzM,24060,1911,2,2026-05-15 08:15:53.238330,cohort3
BZAK7bPZRIk,161549,3733,17,2026-05-15 08:15:53.238330,cohort3
NiFzocRzTnA,2001183,34638,389,2026-05-15 08:15:53.238330,cohort3
EkzAJE9jCMI,60527,973,1,2026-05-15 08:15:53.238330,cohort3
fKzhDNkNHgY,19068,66,0,2026-05-15 08:15:53.238330,cohort3
KokmUFJhgOE,179241,7952,47,2026-05-15 08:15:53.238330,cohort3
2XfipfdRetU,20667,342,2,2026-05-15 08:15:53.238330,cohort3
GG5Xop0s-Ss,24055,97,0,2026-05-15 08:15:53.238330,cohort3
LPA4ajdgboQ,33651,962,55,2026-05-15 08:15:53.238330,cohort3
XleHdxX7c1o,21389,258,12,2026-05-15 08:15:53.238330,cohort3
xq3JtqC2tic,25534,461,3,2026-05-15 08:15:53.238330,cohort3
-pzEgeUEUJI,31224,151,0,2026-05-15 08:15:53.238330,cohort3
t62ES0itVWA,55759,315,0,2026-05-15 08:15:53.238330,cohort3
2kru4OOwgs8,39118,252,13,2026-05-15 08:15:53.238330,cohort3
HEgID7liLxk,21767,793,13,2026-05-15 08:15:53.238330,cohort3
Y7bkcfBLQvs,54752,109,1,2026-05-15 08:15:53.238330,cohort3
AYveM58k934,12382,151,7,2026-05-15 08:15:53.238330,cohort3
pfPskj9X5RQ,18925,194,16,2026-05-15 08:15:53.238330,cohort3
Z8L3kUjfzII,55441,630,10,2026-05-15 08:15:53.238330,cohort3
ftWyAkuA9A0,13541,75,2,2026-05-15 08:15:53.238330,cohort3
6l0IAaeQV9o,10949,89,4,2026-05-15 08:15:53.238330,cohort3
RqTZOQYeSj8,24631,488,1,2026-05-15 08:15:53.238330,cohort3
4KhF-pf3yTQ,4876,92,3,2026-05-15 08:15:53.238330,cohort3
T6GNRDi5b3Y,7346,231,19,2026-05-15 08:15:53.238330,cohort3
tnDGeZGeUWI,24425,22,2,2026-05-15 08:15:53.238330,cohort3
IDZ2lFb2wTM,9069,51,0,2026-05-15 08:15:53.238330,cohort3
D58uQP2HG94,41448,211,1,2026-05-15 08:15:53.238330,cohort3
ifqkEvuqHbI,147025,2331,20,2026-05-15 08:15:53.238330,cohort3
lzaOLtEOqgI,44775,48,1,2026-05-15 08:15:53.238330,cohort3
PUI3hPRXTEQ,5374,23,0,2026-05-15 08:15:53.238330,cohort3
15JwNKYy6Vg,42477,1160,82,2026-05-15 08:15:53.238330,cohort3
RvJAtMuBV5g,26845,178,1,2026-05-15 08:15:53.238330,cohort3
Es8bRaKZHkQ,2899,35,0,2026-05-15 08:15:53.238330,cohort3
gm-iEVxl5Ew,2012,22,9,2026-05-15 08:15:53.238330,cohort3
FyckdNPkmVk,29725,285,4,2026-05-15 08:15:53.238330,cohort3
0spHr4gCY4w,12856,0,1,2026-05-15 08:15:53.238330,cohort3
_GWFMlcwnF8,11084,30,1,2026-05-15 08:15:53.238330,cohort3
Q8XB2RQ3ROI,1701,10,1,2026-05-15 08:15:53.238330,cohort3
6ifUbpbI55M,9173,67,2,2026-05-15 08:15:53.238330,cohort3
bL7XBZJboNM,20124,155,3,2026-05-15 08:15:53.238330,cohort3
GyrTFM9gmXY,3377,37,0,2026-05-15 08:15:53.238330,cohort3
a2XfZ4VXvGA,2250,27,0,2026-05-15 08:15:53.238330,cohort3
gRV8O-JrxOY,7698,288,21,2026-05-15 08:15:53.238330,cohort3
TJveAqdT5EA,1754,26,0,2026-05-15 08:15:53.238330,cohort3
mDYRXJ0p4PQ,1256,18,0,2026-05-15 08:15:53.238330,cohort3
5y8TUm2aD0o,23067,137,0,2026-05-15 08:15:53.238330,cohort3
p9UYqskIoQA,24412,842,18,2026-05-15 08:15:53.238330,cohort3
xzKUi93pPHA,23697,1285,49,2026-05-15 08:15:53.238330,cohort3
rT-NLSHcE9s,10577,94,2,2026-05-15 08:15:53.238330,cohort3
-_mHx7Ft5wU,1206,43,1,2026-05-15 08:15:53.238330,cohort3
AlSZCsLEIgs,1816,32,0,2026-05-15 08:15:53.238330,cohort3
r3gidU4xS7I,1249,0,0,2026-05-15 08:15:53.238330,cohort3
uilr_SZtOUI,14433,378,8,2026-05-15 08:15:53.238330,cohort3
7D9WIfmzntE,7238,524,6,2026-05-15 08:15:53.238330,cohort3
64Kgdkeu624,2245,34,1,2026-05-15 08:15:53.238330,cohort3
8DQIdUPSTSI,1545,17,5,2026-05-15 08:15:53.238330,cohort3
QZsiQ82Z2NQ,12075,131,0,2026-05-15 08:15:53.238330,cohort3
f3rQ9mfaMTQ,1038,27,1,2026-05-15 08:15:53.238330,cohort3
gZeUZ59Isp0,1204,70,6,2026-05-15 08:15:53.238330,cohort3
L7Z0xXi8K7c,1213,34,0,2026-05-15 08:15:53.238330,cohort3
1CumQ1UO9IE,15485,330,5,2026-05-15 08:15:53.238330,cohort3
ehJEp8UBqVI,726,5,1,2026-05-15 08:15:53.238330,cohort3
llkjHbzopc8,72700,727,5,2026-05-15 08:15:53.238330,cohort3
6MTTJ_sesws,17389,676,9,2026-05-15 08:15:53.238330,cohort3
ES7Fm2NxK0Y,1285,51,1,2026-05-15 08:15:53.238330,cohort3
hPspv_cG0T4,1672,15,5,2026-05-15 08:15:53.238330,cohort3
gMoqx9_XKWA,13631,158,1,2026-05-15 08:15:53.238330,cohort3
fKQ_8fCJiBQ,1429,35,3,2026-05-15 08:15:53.238330,cohort3
erHoZyk8jOU,11018,209,14,2026-05-15 08:15:53.238330,cohort3
JFi0y0ee9C0,34958,0,1,2026-05-15 08:15:53.238330,cohort3
TUR6yFb7sVI,2102,181,36,2026-05-15 08:15:53.238330,cohort3
UrRo4FbJfgI,1711,131,4,2026-05-15 08:15:53.238330,cohort3
p9hMaOcN-h0,1055,13,1,2026-05-15 08:15:53.238330,cohort3
BPzQ7h1WteM,1060,22,1,2026-05-15 08:15:53.238330,cohort3
Myf61iqyVaI,439,12,0,2026-05-15 08:15:53.238330,cohort3
ODkYVR6PR5U,1639,44,0,2026-05-15 08:15:53.238330,cohort3
NLIVrkP2KnQ,980,9,1,2026-05-15 08:15:53.238330,cohort3
htdw_jINtxY,5811,168,0,2026-05-15 08:15:53.238330,cohort3
bkuCXbCczuo,1291,21,3,2026-05-15 08:15:53.238330,cohort3
oiCnT4xsyvE,1487,0,11,2026-05-15 08:15:53.238330,cohort3
VVXPeqoXlag,3144,0,0,2026-05-15 08:15:53.238330,cohort3
4tNYDcnwu3Q,1861,98,2,2026-05-15 08:15:53.238330,cohort3
5Q0RrkIzGWE,8638,1569,26,2026-05-15 08:15:53.238330,cohort3
w9ns9UkSACY,6341,557,17,2026-05-15 08:15:53.238330,cohort3
tEaHmIkAOKc,30400,494,2,2026-05-15 08:15:53.238330,cohort3
L6RkCe94EOw,9446,29,0,2026-05-15 08:15:53.238330,cohort3
J8IaK5crBY0,998,7,5,2026-05-15 08:15:53.238330,cohort3
qlytOiz-VF8,1396,0,0,2026-05-15 08:15:53.238330,cohort3
qxv2nKYBfh4,1944,53,0,2026-05-15 08:15:53.238330,cohort3
FCHM-DT1Ock,3096,189,2,2026-05-15 08:15:53.238330,cohort3
Q2s6CtBHfYI,1702,104,2,2026-05-15 08:15:53.238330,cohort3
qMLjDg_97sE,11663,3088,5,2026-05-15 08:15:53.238330,cohort3
gmDwY9pQY0Q,1470,10,0,2026-05-15 08:15:53.238330,cohort3
UCjM3nxuVMM,6863,143,3,2026-05-15 08:15:53.238330,cohort3
t1poaYGbWTw,25520,749,5,2026-05-15 08:15:53.238330,cohort3
ezTli7RpPqY,15742,171,3,2026-05-15 08:15:53.238330,cohort3
2lFRLhVD36U,1307,34,2,2026-05-15 08:15:53.238330,cohort3
2nkDz8c6ghs,21939,494,4,2026-05-15 08:15:53.238330,cohort3
GIodLy2v0Gg,18347,306,22,2026-05-15 08:15:53.238330,cohort3
3MROV7dmDro,1028,5,32,2026-05-15 08:15:53.238330,cohort3
XPyeNk4z3zM,1206,27,1,2026-05-15 08:15:53.238330,cohort3
H73zNMTUSP8,1959,3,0,2026-05-15 08:15:53.238330,cohort3
0K5uLUciFvg,14490,709,5,2026-05-15 08:15:53.238330,cohort3
oiPURPJ2L8Q,2045,35,2,2026-05-15 08:15:53.238330,cohort3
RdkoKXZlJSE,6428,56,8,2026-05-15 08:15:53.238330,cohort3
pjGAIeUFpyM,1973,21,5,2026-05-15 08:15:53.238330,cohort3
dS04a5QmpHU,1869,12,0,2026-05-15 08:15:53.238330,cohort3
G7qLJx2bUwg,1285,41,1,2026-05-15 08:15:53.238330,cohort3
OxsLu4Z4dYs,5269,361,18,2026-05-15 08:15:53.238330,cohort3
5cua3o5_Nto,8358,329,11,2026-05-15 08:15:53.238330,cohort3
ZhOy452QEhc,725,0,0,2026-05-15 08:15:53.238330,cohort3
oJ00_Ogk8mY,766,18,7,2026-05-15 08:15:53.238330,cohort3
SxQVvPNVehQ,501,9,0,2026-05-15 08:15:53.238330,cohort3
XfW0ok-dGmY,1536,27,0,2026-05-15 08:15:53.238330,cohort3
hUKo0Ly7Zig,1264,9,1,2026-05-15 08:15:53.238330,cohort3
Ew3CvarawWs,2395,78,3,2026-05-15 08:15:53.238330,cohort3
QMEFDCwqm0s,6864,4,2,2026-05-15 08:15:53.238330,cohort3
1Hi9TY_eJII,631,21,0,2026-05-15 08:15:53.238330,cohort3
8cs696P3BpU,15144,1157,14,2026-05-15 08:15:53.238330,cohort3
SloMOQO7pDg,1913,11,3,2026-05-15 08:15:53.238330,cohort3
SiG-Y1mmBLA,7352,110,7,2026-05-15 08:15:53.238330,cohort3
tI5tBoWqCJA,943,8,0,2026-05-15 08:15:53.238330,cohort3
kKZu--8v9Ds,1934,23,0,2026-05-15 08:15:53.238330,cohort3
XnLHo4i1wkc,2459,58,3,2026-05-15 08:15:53.238330,cohort3
TjlT20vAO7k,8455,0,11,2026-05-15 08:15:53.238330,cohort3
lhMfCZeTQrY,3719,193,0,2026-05-15 08:15:53.238330,cohort3
OXjwdWH_pA8,915,4,1,2026-05-15 08:15:53.238330,cohort3
XPopb1yeA1Q,1186,6,0,2026-05-15 08:15:53.238330,cohort3
iXBMW4H7HwM,606,28,1,2026-05-15 08:15:53.238330,cohort3
4ybERjlkXio,26093,675,457,2026-05-15 08:15:53.238330,cohort3
XMCAWqA3svU,3936,103,8,2026-05-15 08:15:53.238330,cohort3
Zu7DFEVVwDs,28969,1135,15,2026-05-15 08:15:53.238330,cohort3
BqDNAWGRIGg,798,16,0,2026-05-15 08:15:53.238330,cohort3
1Ocl4IeaBe4,691,10,2,2026-05-15 08:15:53.238330,cohort3
wl4g30KZ9IY,18324,196,6,2026-05-15 08:15:53.238330,cohort3
a9ENeZxG3Mw,959,9,0,2026-05-15 08:15:53.238330,cohort3
W9OQZ7gyH2E,1003,25,4,2026-05-15 08:15:53.238330,cohort3
KOSkdUG-viY,986,23,4,2026-05-15 08:15:53.238330,cohort3
ZYCoMHvmMaw,813,13,0,2026-05-15 08:15:53.238330,cohort3
Xo1Xi0ykq1o,748,19,1,2026-05-15 08:15:53.238330,cohort3
pTZLcOSGTrc,7342,3249,1,2026-05-15 08:15:53.238330,cohort3
QGBvAZRjs-g,928,17,1,2026-05-15 08:15:53.238330,cohort3
ukZcDV__XWU,180103,8990,112,2026-05-15 08:15:53.238330,cohort3
9Iq-Ajbb5QA,2177,9,1,2026-05-15 08:15:53.238330,cohort3
N1BNFntSEus,1696,23,3,2026-05-15 08:15:53.238330,cohort3
lc7G3tPZoZo,1075,38,2,2026-05-15 08:15:53.238330,cohort3
O5278vm1LCE,78158,0,4,2026-05-15 08:15:53.238330,cohort3
BYs0UUY7yL4,1463,27,4,2026-05-15 08:15:53.238330,cohort3
X3D4ooGVTgs,4352,15,1,2026-05-15 08:15:53.238330,cohort3
UbElea09niQ,1437,29,3,2026-05-15 08:15:53.238330,cohort3
a7vB4aVUTv0,1084,49,5,2026-05-15 08:15:53.238330,cohort3
lxxXtPsjGwc,6770,318,6,2026-05-15 08:15:53.238330,cohort3
5dirbmBGWsI,22629,308,3,2026-05-15 08:15:53.238330,cohort3
HOD7kbC0i-g,19969,719,20,2026-05-15 08:15:53.238330,cohort3
lzCX0HaMcGk,18287,415,31,2026-05-15 08:15:53.238330,cohort3
jzJ33aJidxQ,29059,264,4,2026-05-15 08:15:53.238330,cohort3
QNv0Rqs3tf0,21718,489,13,2026-05-15 08:15:53.238330,cohort3
iurHOCgjbDQ,1242,23,1,2026-05-15 08:15:53.238330,cohort3
2fJvalZKwjk,1809,40,16,2026-05-15 08:15:53.238330,cohort3
NRkxlmdY2iw,7297,15,1,2026-05-15 08:15:53.238330,cohort3
Nox_lBickmI,9986,15,1,2026-05-15 08:15:53.238330,cohort3
vQtUO8cHDLk,4728,0,13,2026-05-15 08:15:53.238330,cohort3
FAEo58E9dD0,2361,128,2,2026-05-15 08:15:53.238330,cohort3
-I2IlBdbDe8,25367,1052,12,2026-05-15 08:15:53.238330,cohort3
FBZSv3aVRZ0,809,33,0,2026-05-15 08:15:53.238330,cohort3
3fIszJG6vHk,695,20,1,2026-05-15 08:15:53.238330,cohort3
XOxAWB5tzEE,90,1,0,2026-05-15 08:15:53.238330,cohort3
QYBbqwTFZs4,3712,10,0,2026-05-15 08:15:53.238330,cohort3
ggNx1s-VMZg,18415,0,1,2026-05-15 08:15:53.238330,cohort3
d_Q02W4Zp0c,10,0,1,2026-05-15 08:15:53.238330,cohort3
fKEwvsGsAjM,696,12,4,2026-05-15 08:15:53.238330,cohort3
05itaSVjK8g,1589,35,2,2026-05-15 08:15:53.238330,cohort3
Ih9NnTsRGH0,1197,25,0,2026-05-15 08:15:53.238330,cohort3
sws-sdRdgCs,1173,9,5,2026-05-15 08:15:53.238330,cohort3
-VB0fBeorzs,787,6,0,2026-05-15 08:15:53.238330,cohort3
1WFLyMPX4ks,738,47,1,2026-05-15 08:15:53.238330,cohort3
4Y5yuNy-GQA,1167,29,4,2026-05-15 08:15:53.238330,cohort3
80Vn8FwZf8Q,5198,95,0,2026-05-15 08:15:53.238330,cohort3
u6a7zWC_XKI,16,7,1,2026-05-15 08:15:53.238330,cohort3
So5oVZ5gemg,1836,13,2,2026-05-15 08:15:53.238330,cohort3
LzT7ciHpEKU,577,7,14,2026-05-15 08:15:53.238330,cohort3
mz80VLi1aD0,124368,1292,9,2026-05-15 08:15:53.238330,cohort3
rDpjl8r5xNY,873,33,2,2026-05-15 08:15:53.238330,cohort3
e88hd3BvnoA,635,30,1,2026-05-15 08:15:53.238330,cohort3
p0-Q7n70aX0,31096,254,7,2026-05-15 08:15:53.238330,cohort3
y8EGoWNOxg0,1744,29,0,2026-05-15 08:15:53.238330,cohort3
zbakUHiTx3g,1068,55,2,2026-05-15 08:15:53.238330,cohort3
Q8Usqrz3bo8,4341,52,5,2026-05-15 08:15:53.238330,cohort3
9TR_iXK1DPM,5,1,0,2026-05-15 08:15:53.238330,cohort3
LmRX5YJaPb0,683,19,0,2026-05-15 08:15:53.238330,cohort3
b76UmpNF578,1821,1,0,2026-05-15 08:15:53.238330,cohort3
-FW8oVEM3n4,248,5,0,2026-05-15 08:15:53.238330,cohort3
pVV-GvyWCMo,5730,9,0,2026-05-15 08:15:53.238330,cohort3
9zXjf4VtY00,39,0,0,2026-05-15 08:15:53.238330,cohort3
7dXRaCP7u08,15,1,0,2026-05-15 08:15:53.238330,cohort3
tUeyb-y9CuI,119,16,0,2026-05-15 08:15:53.238330,cohort3
J6xtmdb2MHQ,22043,76,0,2026-05-15 08:15:53.238330,cohort3
3CF6875jJkw,9,4,0,2026-05-15 08:15:53.238330,cohort3
sHT7MonOKpE,2621,9,0,2026-05-15 08:15:53.238330,cohort3
0N3PdupXcgo,1365,11,0,2026-05-15 08:15:53.238330,cohort3
MQYYCp4o5DM,305,2,0,2026-05-15 08:15:53.238330,cohort3
eYeM1a31aRo,1161,28,0,2026-05-15 08:15:53.238330,cohort3
unUvB7ZjmEE,132496,383,2,2026-05-15 08:15:53.238330,cohort3
6v_aN7iLslc,5851,8,0,2026-05-15 08:15:53.238330,cohort3
Ckn0m3h02uE,232,0,0,2026-05-15 08:15:53.238330,cohort3
UyXAyRFNIfI,2,1,0,2026-05-15 08:15:53.238330,cohort3
rCSWnikqLSE,872,31,0,2026-05-15 08:15:53.238330,cohort3
MeoQm5Eg53U,996,1,0,2026-05-15 08:15:53.238330,cohort3
nMyD68QKXSU,5301,26,0,2026-05-15 08:15:53.238330,cohort3
99B9FvP8fD0,966,23,2,2026-05-15 08:15:53.238330,cohort3
td6Sb_GTN8k,751,4,0,2026-05-15 08:15:53.238330,cohort3
mcRyKH1luMc,1337,24,7,2026-05-15 08:15:53.238330,cohort3
2hxeSuAYUhU,1558,125,20,2026-05-15 08:15:53.238330,cohort3
n0z6UTbOL34,2,1,1,2026-05-15 08:15:53.238330,cohort3
hcghNrm4hTQ,2367,45,3,2026-05-15 08:15:53.238330,cohort3
CsC94oRg_4U,1135,28,0,2026-05-15 08:15:53.238330,cohort3
PumKfEnp8Dw,21048,184,0,2026-05-15 08:15:53.238330,cohort3
C5Tr8AD718I,15933,143,0,2026-05-15 08:15:53.238330,cohort3
dh0lh_XS4YE,699,17,0,2026-05-15 08:15:53.238330,cohort3
l9CYwpt3Hj8,232,4,3,2026-05-15 08:15:53.238330,cohort3
